# WaveFront *.obj file (generated by Autodesk ATF)

mtllib CaseUnterseite.mtl

g CaseUnterseite

v -0.629000 0.999000 2.850986
v -0.629000 -20.999001 2.850986
v -0.629000 -20.999001 4.844229
v -0.629000 -20.000000 4.844229
v -0.629000 -20.000000 4.530777
v -0.629000 0.000000 4.530777
v -0.629000 0.000000 4.844229
v -0.629000 0.999000 4.844229
v 35.540079 -20.999001 3.793826
v 35.663656 -20.999001 3.797361
v 35.786724 -20.999001 3.785621
v 35.907403 -20.999001 3.758786
v 36.023849 -20.999001 3.717264
v 36.134281 -20.999001 3.661692
v 36.237013 -20.999001 3.592919
v 36.330474 -20.999001 3.511994
v 36.413235 -20.999001 3.420156
v 36.484031 -20.999001 3.318808
v 36.541781 -20.999001 3.209499
v 36.585602 -20.999001 3.093899
v 36.614825 -20.999001 2.973775
v 36.629002 -20.999001 2.850964
v 36.629002 -20.999001 4.844230
v 35.626613 -20.999001 4.797910
v 35.567586 -20.999001 4.796927
v 35.508614 -20.999001 4.794202
v 35.449749 -20.999001 4.789737
v 33.708845 -20.999001 4.639770
v 31.966657 -20.999001 4.505556
v 30.223326 -20.999001 4.387106
v 28.478994 -20.999001 4.284430
v 26.733805 -20.999001 4.197535
v 24.987902 -20.999001 4.126430
v 23.241427 -20.999001 4.071121
v 21.494523 -20.999001 4.031610
v 19.747333 -20.999001 4.007903
v 18.000000 -20.999001 4.000000
v 16.252667 -20.999001 4.007903
v 14.505478 -20.999001 4.031610
v 12.758574 -20.999001 4.071121
v 11.012099 -20.999001 4.126430
v 9.266195 -20.999001 4.197535
v 7.521006 -20.999001 4.284430
v 5.776675 -20.999001 4.387106
v 4.033344 -20.999001 4.505556
v 2.291155 -20.999001 4.639770
v 0.550252 -20.999001 4.789737
v 0.491386 -20.999001 4.794202
v 0.432414 -20.999001 4.796927
v 0.373388 -20.999001 4.797910
v -0.614821 -20.999001 2.973795
v -0.585596 -20.999001 3.093917
v -0.541774 -20.999001 3.209514
v -0.484023 -20.999001 3.318821
v -0.413226 -20.999001 3.420167
v -0.330465 -20.999001 3.512003
v -0.237004 -20.999001 3.592925
v -0.134274 -20.999001 3.661697
v -0.023842 -20.999001 3.717267
v 0.092602 -20.999001 3.758787
v 0.213280 -20.999001 3.785622
v 0.336347 -20.999001 3.797361
v 0.459921 -20.999001 3.793826
v 2.209837 -20.999001 3.643082
v 3.961044 -20.999001 3.508173
v 5.713400 -20.999001 3.389110
v 7.466761 -20.999001 3.285902
v 9.220984 -20.999001 3.198558
v 10.975925 -20.999001 3.127085
v 12.731441 -20.999001 3.071489
v 14.487388 -20.999001 3.031774
v 16.243622 -20.999001 3.007944
v 18.000000 -20.999001 3.000000
v 19.756378 -20.999001 3.007944
v 21.512613 -20.999001 3.031774
v 23.268560 -20.999001 3.071489
v 25.024076 -20.999001 3.127085
v 26.779017 -20.999001 3.198558
v 28.533240 -20.999001 3.285902
v 30.286601 -20.999001 3.389110
v 32.038957 -20.999001 3.508173
v 33.790164 -20.999001 3.643082
v 36.629002 0.999000 2.850964
v 36.614825 0.999000 2.973775
v 36.585602 0.999000 3.093899
v 36.541781 0.999000 3.209499
v 36.484031 0.999000 3.318808
v 36.413235 0.999000 3.420156
v 36.330474 0.999000 3.511994
v 36.237013 0.999000 3.592919
v 36.134281 0.999000 3.661692
v 36.023849 0.999000 3.717264
v 35.907403 0.999000 3.758786
v 35.786724 0.999000 3.785621
v 35.663656 0.999000 3.797361
v 35.540079 0.999000 3.793826
v 33.790164 0.999000 3.643082
v 32.038957 0.999000 3.508173
v 30.286601 0.999000 3.389110
v 28.533240 0.999000 3.285902
v 26.779017 0.999000 3.198558
v 25.024076 0.999000 3.127085
v 23.268560 0.999000 3.071489
v 21.512613 0.999000 3.031774
v 19.756378 0.999000 3.007944
v 18.000000 0.999000 3.000000
v 16.243622 0.999000 3.007944
v 14.487388 0.999000 3.031774
v 12.731441 0.999000 3.071489
v 10.975925 0.999000 3.127085
v 9.220984 0.999000 3.198558
v 7.466761 0.999000 3.285902
v 5.713400 0.999000 3.389110
v 3.961044 0.999000 3.508173
v 2.209837 0.999000 3.643082
v 0.459921 0.999000 3.793826
v 0.336347 0.999000 3.797361
v 0.213280 0.999000 3.785622
v 0.092602 0.999000 3.758787
v -0.023842 0.999000 3.717267
v -0.134274 0.999000 3.661697
v -0.237004 0.999000 3.592925
v -0.330465 0.999000 3.512003
v -0.413226 0.999000 3.420167
v -0.484023 0.999000 3.318821
v -0.541774 0.999000 3.209514
v -0.585596 0.999000 3.093917
v -0.614821 0.999000 2.973795
v 0.373388 0.999000 4.797910
v 0.432414 0.999000 4.796927
v 0.491386 0.999000 4.794202
v 0.550252 0.999000 4.789737
v 2.291155 0.999000 4.639770
v 4.033344 0.999000 4.505556
v 5.776675 0.999000 4.387106
v 7.521006 0.999000 4.284430
v 9.266195 0.999000 4.197535
v 11.012099 0.999000 4.126430
v 12.758574 0.999000 4.071121
v 14.505478 0.999000 4.031610
v 16.252667 0.999000 4.007903
v 18.000000 0.999000 4.000000
v 19.747333 0.999000 4.007903
v 21.494523 0.999000 4.031610
v 23.241427 0.999000 4.071121
v 24.987902 0.999000 4.126430
v 26.733805 0.999000 4.197535
v 28.478994 0.999000 4.284430
v 30.223326 0.999000 4.387106
v 31.966657 0.999000 4.505556
v 33.708845 0.999000 4.639770
v 35.449749 0.999000 4.789737
v 35.508614 0.999000 4.794202
v 35.567586 0.999000 4.796927
v 35.626613 0.999000 4.797910
v 36.629002 0.999000 4.844230
v 36.629002 0.000000 4.844230
v 36.629002 0.000000 4.530777
v 36.629002 -20.000000 4.530777
v 36.629002 -20.000000 4.844230
v 18.000000 -7.499999 3.000000
v 17.884748 -7.240221 3.000037
v 17.758150 -6.986145 3.000158
v 17.620926 -6.738429 3.000384
v 17.473798 -6.497731 3.000731
v 17.317486 -6.264707 3.001219
v 17.152712 -6.040017 3.001866
v 16.980197 -5.824317 3.002689
v 16.800662 -5.618266 3.003708
v 16.614828 -5.422520 3.004941
v 16.421166 -5.235507 3.006423
v 16.217097 -5.054684 3.008201
v 16.003252 -4.880744 3.010295
v 15.780291 -4.714404 3.012724
v 15.548872 -4.556384 3.015510
v 15.309656 -4.407402 3.018672
v 15.063300 -4.268177 3.022231
v 14.810464 -4.139426 3.026207
v 14.551807 -4.021870 3.030620
v 14.288010 -3.916171 3.035493
v 14.019950 -3.822527 3.040832
v 13.748598 -3.740896 3.046617
v 13.474930 -3.671233 3.052826
v 13.199919 -3.613494 3.059438
v 12.924540 -3.567637 3.066430
v 12.649766 -3.533616 3.073782
v 12.376571 -3.511389 3.081472
v 12.105931 -3.500911 3.089478
v 11.837390 -3.502141 3.097823
v 11.566164 -3.515084 3.106652
v 11.292615 -3.539780 3.115946
v 11.017715 -3.576270 3.125668
v 10.742433 -3.624597 3.135777
v 10.467740 -3.684801 3.146236
v 10.194608 -3.756925 3.157006
v 9.924007 -3.841010 3.168048
v 9.656908 -3.937098 3.179325
v 9.394276 -4.045218 3.190794
v 9.136935 -4.165062 3.202392
v 8.885551 -4.295934 3.214055
v 8.640778 -4.437117 3.225722
v 8.403272 -4.587896 3.237332
v 8.173690 -4.747554 3.248825
v 7.952686 -4.915375 3.260140
v 7.740916 -5.090642 3.271216
v 7.539035 -5.272638 3.281992
v 7.347462 -5.460888 3.292420
v 7.162971 -5.658600 3.302650
v 6.984907 -5.866488 3.312692
v 6.813989 -6.083895 3.322485
v 6.650935 -6.310163 3.331964
v 6.496467 -6.544636 3.341068
v 6.351304 -6.786655 3.349732
v 6.216165 -7.035565 3.357895
v 6.091770 -7.290707 3.365493
v 5.978838 -7.551424 3.372463
v 5.877899 -7.816982 3.378742
v 5.788990 -8.086438 3.384311
v 5.712071 -8.358819 3.389161
v 5.647098 -8.633152 3.393285
v 5.594032 -8.908461 3.396675
v 5.552831 -9.183775 3.399325
v 5.523453 -9.458119 3.401227
v 5.505856 -9.730518 3.402374
v 5.500000 -10.000000 3.402758
v 5.505856 -10.269482 3.402374
v 5.523453 -10.541881 3.401227
v 5.552831 -10.816224 3.399325
v 5.594032 -11.091538 3.396675
v 5.647098 -11.366848 3.393285
v 5.712071 -11.641181 3.389161
v 5.788990 -11.913562 3.384311
v 5.877899 -12.183018 3.378742
v 5.978838 -12.448575 3.372463
v 6.091770 -12.709293 3.365493
v 6.216165 -12.964435 3.357895
v 6.351304 -13.213344 3.349732
v 6.496467 -13.455364 3.341068
v 6.650935 -13.689836 3.331964
v 6.813989 -13.916105 3.322485
v 6.984907 -14.133511 3.312692
v 7.162971 -14.341400 3.302650
v 7.347462 -14.539112 3.292420
v 7.539035 -14.727361 3.281992
v 7.740916 -14.909358 3.271216
v 7.952686 -15.084625 3.260140
v 8.173690 -15.252445 3.248825
v 8.403272 -15.412103 3.237332
v 8.640778 -15.562882 3.225722
v 8.885551 -15.704066 3.214055
v 9.136935 -15.834938 3.202392
v 9.394276 -15.954782 3.190794
v 9.656908 -16.062902 3.179325
v 9.924007 -16.158990 3.168048
v 10.194608 -16.243075 3.157006
v 10.467740 -16.315198 3.146236
v 10.742433 -16.375403 3.135777
v 11.017715 -16.423729 3.125668
v 11.292615 -16.460220 3.115946
v 11.566164 -16.484915 3.106652
v 11.837390 -16.497858 3.097823
v 12.105931 -16.499088 3.089478
v 12.376571 -16.488611 3.081472
v 12.649766 -16.466383 3.073782
v 12.924540 -16.432363 3.066430
v 13.199919 -16.386505 3.059438
v 13.474930 -16.328767 3.052826
v 13.748598 -16.259104 3.046617
v 14.019950 -16.177472 3.040832
v 14.288010 -16.083828 3.035493
v 14.551807 -15.978130 3.030620
v 14.810464 -15.860573 3.026207
v 15.063300 -15.731823 3.022231
v 15.309656 -15.592597 3.018672
v 15.548872 -15.443615 3.015510
v 15.780291 -15.285595 3.012724
v 16.003252 -15.119256 3.010295
v 16.217097 -14.945315 3.008201
v 16.421166 -14.764493 3.006423
v 16.614828 -14.577479 3.004941
v 16.800662 -14.381734 3.003708
v 16.980197 -14.175682 3.002689
v 17.152712 -13.959983 3.001866
v 17.317486 -13.735292 3.001219
v 17.473798 -13.502269 3.000731
v 17.620926 -13.261571 3.000384
v 17.758150 -13.013854 3.000158
v 17.884748 -12.759778 3.000037
v 18.000000 -12.500000 3.000000
v 18.115251 -12.759778 3.000037
v 18.241849 -13.013854 3.000158
v 18.379073 -13.261571 3.000384
v 18.526202 -13.502269 3.000731
v 18.682513 -13.735292 3.001219
v 18.847287 -13.959983 3.001866
v 19.019802 -14.175682 3.002689
v 19.199337 -14.381734 3.003708
v 19.385171 -14.577479 3.004941
v 19.578833 -14.764493 3.006423
v 19.782902 -14.945315 3.008201
v 19.996747 -15.119256 3.010295
v 20.219708 -15.285595 3.012724
v 20.451127 -15.443615 3.015510
v 20.690344 -15.592597 3.018672
v 20.936700 -15.731823 3.022231
v 21.189536 -15.860573 3.026207
v 21.448193 -15.978130 3.030619
v 21.711989 -16.083828 3.035493
v 21.980049 -16.177472 3.040832
v 22.251401 -16.259104 3.046617
v 22.525069 -16.328767 3.052826
v 22.800080 -16.386505 3.059438
v 23.075459 -16.432363 3.066430
v 23.350233 -16.466383 3.073782
v 23.623428 -16.488611 3.081472
v 23.894069 -16.499088 3.089478
v 24.162609 -16.497858 3.097823
v 24.433835 -16.484915 3.106652
v 24.707384 -16.460220 3.115946
v 24.982284 -16.423729 3.125667
v 25.257566 -16.375403 3.135777
v 25.532259 -16.315198 3.146236
v 25.805391 -16.243075 3.157006
v 26.075992 -16.158990 3.168048
v 26.343091 -16.062902 3.179325
v 26.605723 -15.954782 3.190794
v 26.863064 -15.834938 3.202392
v 27.114448 -15.704066 3.214055
v 27.359221 -15.562882 3.225722
v 27.596727 -15.412103 3.237332
v 27.826309 -15.252445 3.248825
v 28.047314 -15.084625 3.260140
v 28.259084 -14.909358 3.271216
v 28.460964 -14.727361 3.281992
v 28.652537 -14.539112 3.292420
v 28.837028 -14.341400 3.302650
v 29.015092 -14.133511 3.312692
v 29.186011 -13.916105 3.322485
v 29.349064 -13.689836 3.331964
v 29.503532 -13.455364 3.341068
v 29.648695 -13.213344 3.349732
v 29.783834 -12.964435 3.357895
v 29.908229 -12.709293 3.365493
v 30.021161 -12.448575 3.372463
v 30.122100 -12.183018 3.378742
v 30.211009 -11.913562 3.384311
v 30.287929 -11.641181 3.389161
v 30.352901 -11.366848 3.393285
v 30.405967 -11.091538 3.396675
v 30.447168 -10.816224 3.399325
v 30.476547 -10.541881 3.401227
v 30.494143 -10.269482 3.402374
v 30.499999 -10.000000 3.402758
v 30.494143 -9.730518 3.402374
v 30.476547 -9.458119 3.401227
v 30.447168 -9.183775 3.399325
v 30.405967 -8.908461 3.396675
v 30.352901 -8.633152 3.393285
v 30.287929 -8.358819 3.389161
v 30.211009 -8.086438 3.384311
v 30.122100 -7.816982 3.378742
v 30.021161 -7.551424 3.372463
v 29.908229 -7.290707 3.365493
v 29.783834 -7.035565 3.357895
v 29.648695 -6.786655 3.349732
v 29.503532 -6.544636 3.341068
v 29.349064 -6.310163 3.331964
v 29.186011 -6.083895 3.322485
v 29.015092 -5.866488 3.312692
v 28.837028 -5.658600 3.302650
v 28.652537 -5.460888 3.292420
v 28.460964 -5.272638 3.281992
v 28.259084 -5.090642 3.271216
v 28.047314 -4.915375 3.260140
v 27.826309 -4.747554 3.248825
v 27.596727 -4.587896 3.237332
v 27.359221 -4.437117 3.225722
v 27.114448 -4.295934 3.214055
v 26.863064 -4.165062 3.202392
v 26.605723 -4.045218 3.190794
v 26.343091 -3.937098 3.179325
v 26.075992 -3.841010 3.168048
v 25.805391 -3.756925 3.157006
v 25.532259 -3.684801 3.146236
v 25.257566 -3.624597 3.135777
v 24.982284 -3.576270 3.125667
v 24.707384 -3.539780 3.115946
v 24.433835 -3.515084 3.106652
v 24.162609 -3.502141 3.097823
v 23.894069 -3.500911 3.089478
v 23.623428 -3.511389 3.081472
v 23.350233 -3.533616 3.073782
v 23.075459 -3.567637 3.066430
v 22.800080 -3.613494 3.059438
v 22.525069 -3.671233 3.052826
v 22.251401 -3.740896 3.046617
v 21.980049 -3.822527 3.040832
v 21.711989 -3.916171 3.035493
v 21.448193 -4.021870 3.030619
v 21.189536 -4.139426 3.026207
v 20.936700 -4.268177 3.022231
v 20.690344 -4.407402 3.018672
v 20.451127 -4.556384 3.015510
v 20.219708 -4.714404 3.012724
v 19.996747 -4.880744 3.010295
v 19.782902 -5.054684 3.008201
v 19.578833 -5.235507 3.006423
v 19.385171 -5.422520 3.004941
v 19.199337 -5.618266 3.003708
v 19.019802 -5.824317 3.002689
v 18.847287 -6.040017 3.001866
v 18.682513 -6.264707 3.001219
v 18.526202 -6.497731 3.000731
v 18.379073 -6.738429 3.000384
v 18.241849 -6.986145 3.000158
v 18.115251 -7.240221 3.000037
v 0.336347 -18.554779 3.797361
v 0.336347 -16.110556 3.797361
v 0.336347 -13.666334 3.797361
v 0.336347 -11.222112 3.797361
v 0.336347 -8.777889 3.797361
v 0.336347 -6.333667 3.797361
v 0.336347 -3.889445 3.797361
v 0.336347 -1.445222 3.797361
v 0.213280 -18.554779 3.785622
v 0.213280 -16.110556 3.785622
v 0.213280 -13.666334 3.785622
v 0.213280 -11.222112 3.785622
v 0.213280 -8.777889 3.785622
v 0.213280 -6.333667 3.785622
v 0.213280 -3.889445 3.785622
v 0.213280 -1.445222 3.785622
v 0.092602 -18.554779 3.758787
v 0.092602 -16.110556 3.758787
v 0.092602 -13.666334 3.758787
v 0.092602 -11.222112 3.758787
v 0.092602 -8.777889 3.758787
v 0.092602 -6.333667 3.758787
v 0.092602 -3.889445 3.758787
v 0.092602 -1.445222 3.758787
v -0.023842 -18.554779 3.717267
v -0.023842 -16.110556 3.717267
v -0.023842 -13.666334 3.717267
v -0.023842 -11.222112 3.717267
v -0.023842 -8.777889 3.717267
v -0.023842 -6.333667 3.717267
v -0.023842 -3.889445 3.717267
v -0.023842 -1.445222 3.717267
v -0.134274 -18.554779 3.661697
v -0.134274 -16.110556 3.661697
v -0.134274 -13.666334 3.661697
v -0.134274 -11.222112 3.661697
v -0.134274 -8.777889 3.661697
v -0.134274 -6.333667 3.661697
v -0.134274 -3.889445 3.661697
v -0.134274 -1.445222 3.661697
v -0.237004 -18.554779 3.592925
v -0.237004 -16.110556 3.592925
v -0.237004 -13.666334 3.592925
v -0.237004 -11.222112 3.592925
v -0.237004 -8.777889 3.592925
v -0.237004 -6.333667 3.592925
v -0.237004 -3.889445 3.592925
v -0.237004 -1.445222 3.592925
v -0.330465 -18.554779 3.512003
v -0.330465 -16.110556 3.512003
v -0.330465 -13.666334 3.512003
v -0.330465 -11.222112 3.512003
v -0.330465 -8.777889 3.512003
v -0.330465 -6.333667 3.512003
v -0.330465 -3.889445 3.512003
v -0.330465 -1.445222 3.512003
v -0.413226 -18.554779 3.420167
v -0.413226 -16.110556 3.420167
v -0.413226 -13.666334 3.420167
v -0.413226 -11.222112 3.420167
v -0.413226 -8.777889 3.420167
v -0.413226 -6.333667 3.420167
v -0.413226 -3.889445 3.420167
v -0.413226 -1.445222 3.420167
v -0.484023 -18.554779 3.318821
v -0.484023 -16.110556 3.318821
v -0.484023 -13.666334 3.318821
v -0.484023 -11.222112 3.318821
v -0.484023 -8.777889 3.318821
v -0.484023 -6.333667 3.318821
v -0.484023 -3.889445 3.318821
v -0.484023 -1.445222 3.318821
v -0.541774 -18.554779 3.209514
v -0.541774 -16.110556 3.209514
v -0.541774 -13.666334 3.209514
v -0.541774 -11.222112 3.209514
v -0.541774 -8.777889 3.209514
v -0.541774 -6.333667 3.209514
v -0.541774 -3.889445 3.209514
v -0.541774 -1.445222 3.209514
v -0.585596 -18.554779 3.093917
v -0.585596 -16.110556 3.093917
v -0.585596 -13.666334 3.093917
v -0.585596 -11.222112 3.093917
v -0.585596 -8.777889 3.093917
v -0.585596 -6.333667 3.093917
v -0.585596 -3.889445 3.093917
v -0.585596 -1.445222 3.093917
v -0.614821 -18.554779 2.973795
v -0.614821 -16.110556 2.973795
v -0.614821 -13.666334 2.973795
v -0.614821 -11.222112 2.973795
v -0.614821 -8.777889 2.973795
v -0.614821 -6.333667 2.973795
v -0.614821 -3.889445 2.973795
v -0.614821 -1.445222 2.973795
v 0.373388 0.000000 4.797910
v -0.473843 0.000000 4.611369
v -0.312241 0.000000 4.678102
v -0.145427 0.000000 4.730466
v 0.025322 0.000000 4.768061
v 0.198702 0.000000 4.790600
v 0.373388 -20.000000 4.797910
v 0.198702 -20.000000 4.790600
v 0.025322 -20.000000 4.768061
v -0.145427 -20.000000 4.730466
v -0.312241 -20.000000 4.678102
v -0.473843 -20.000000 4.611369
v 35.626613 0.000000 4.797910
v 35.801299 0.000000 4.790600
v 35.974679 0.000000 4.768061
v 36.145429 0.000000 4.730465
v 36.312242 0.000000 4.678101
v 36.473845 0.000000 4.611368
v 0.375287 -2.667333 4.797906
v 0.375287 -6.333667 4.797906
v 0.375287 -10.000000 4.797906
v 0.375287 -13.666334 4.797906
v 0.375287 -17.332667 4.797906
v 0.198702 -2.667333 4.790600
v 0.198702 -6.333667 4.790600
v 0.198702 -10.000000 4.790600
v 0.198702 -13.666334 4.790600
v 0.198702 -17.332667 4.790600
v 0.025322 -2.667333 4.768061
v 0.025322 -6.333667 4.768061
v 0.025322 -10.000000 4.768061
v 0.025322 -13.666334 4.768061
v 0.025322 -17.332667 4.768061
v -0.145427 -2.667333 4.730466
v -0.145427 -6.333667 4.730466
v -0.145427 -10.000000 4.730466
v -0.145427 -13.666334 4.730466
v -0.145427 -17.332667 4.730466
v -0.312241 -2.667333 4.678102
v -0.312241 -6.333667 4.678102
v -0.312241 -10.000000 4.678102
v -0.312241 -13.666334 4.678102
v -0.312241 -17.332667 4.678102
v -0.473843 -2.667333 4.611369
v -0.473843 -6.333667 4.611369
v -0.473843 -10.000000 4.611369
v -0.473843 -13.666334 4.611369
v -0.473843 -17.332667 4.611369
v 35.626613 -20.000000 4.797910
v 36.473845 -20.000000 4.611368
v 36.312242 -20.000000 4.678101
v 36.145429 -20.000000 4.730465
v 35.974679 -20.000000 4.768061
v 35.801299 -20.000000 4.790600
v 35.624713 -2.667333 4.797906
v 35.624713 -6.333667 4.797906
v 35.624713 -10.000000 4.797906
v 35.624713 -13.666334 4.797906
v 35.624713 -17.332667 4.797906
v 35.801299 -17.332667 4.790600
v 35.801299 -13.666334 4.790600
v 35.801299 -10.000000 4.790600
v 35.801299 -6.333667 4.790600
v 35.801299 -2.667333 4.790600
v 35.974679 -17.332667 4.768061
v 35.974679 -13.666334 4.768061
v 35.974679 -10.000000 4.768061
v 35.974679 -6.333667 4.768061
v 35.974679 -2.667333 4.768061
v 36.145429 -17.332667 4.730465
v 36.145429 -13.666334 4.730465
v 36.145429 -10.000000 4.730465
v 36.145429 -6.333667 4.730465
v 36.145429 -2.667333 4.730465
v 36.312242 -17.332667 4.678101
v 36.312242 -13.666334 4.678101
v 36.312242 -10.000000 4.678101
v 36.312242 -6.333667 4.678101
v 36.312242 -2.667333 4.678101
v 36.473845 -17.332667 4.611368
v 36.473845 -13.666334 4.611368
v 36.473845 -10.000000 4.611368
v 36.473845 -6.333667 4.611368
v 36.473845 -2.667333 4.611368
v 18.000000 -7.499999 1.000000
v 17.863794 -7.195377 1.000000
v 17.712136 -6.898145 1.000000
v 17.545423 -6.609088 1.000000
v 17.364096 -6.328968 1.000000
v 17.168632 -6.058523 1.000000
v 16.959546 -5.798464 1.000000
v 16.737390 -5.549479 1.000000
v 16.502749 -5.312223 1.000000
v 16.256241 -5.087321 1.000000
v 15.998516 -4.875367 1.000000
v 15.730254 -4.676917 1.000000
v 15.452160 -4.492497 1.000000
v 15.164969 -4.322591 1.000000
v 14.869436 -4.167647 1.000000
v 14.566342 -4.028075 1.000000
v 14.256483 -3.904240 1.000000
v 13.940678 -3.796471 1.000000
v 13.619759 -3.705051 1.000000
v 13.294571 -3.630221 1.000000
v 12.965971 -3.572177 1.000000
v 12.634825 -3.531074 1.000000
v 12.302006 -3.507020 1.000000
v 11.968392 -3.500077 1.000000
v 11.634860 -3.510264 1.000000
v 11.302291 -3.537554 1.000000
v 10.971561 -3.581876 1.000000
v 10.643541 -3.643112 1.000000
v 10.319096 -3.721102 1.000000
v 9.999081 -3.815639 1.000000
v 9.684339 -3.926474 1.000000
v 9.375700 -4.053316 1.000000
v 9.073977 -4.195830 1.000000
v 8.779965 -4.353640 1.000000
v 8.494440 -4.526331 1.000000
v 8.218153 -4.713447 1.000000
v 7.951833 -4.914496 1.000000
v 7.696182 -5.128947 1.000000
v 7.451873 -5.356236 1.000000
v 7.219550 -5.595763 1.000000
v 6.999826 -5.846897 1.000000
v 6.793280 -6.108976 1.000000
v 6.600455 -6.381310 1.000000
v 6.421861 -6.663180 1.000000
v 6.257967 -6.953845 1.000000
v 6.109206 -7.252537 1.000000
v 5.975970 -7.558470 1.000000
v 5.858610 -7.870838 1.000000
v 5.757435 -8.188817 1.000000
v 5.672712 -8.511569 1.000000
v 5.604664 -8.838243 1.000000
v 5.553470 -9.167980 1.000000
v 5.519266 -9.499909 1.000000
v 5.502141 -9.833156 1.000000
v 5.502141 -10.166843 1.000000
v 5.519266 -10.500090 1.000000
v 5.553470 -10.832020 1.000000
v 5.604664 -11.161756 1.000000
v 5.672712 -11.488431 1.000000
v 5.757435 -11.811183 1.000000
v 5.858610 -12.129162 1.000000
v 5.975970 -12.441530 1.000000
v 6.109206 -12.747463 1.000000
v 6.257967 -13.046155 1.000000
v 6.421861 -13.336819 1.000000
v 6.600455 -13.618690 1.000000
v 6.793280 -13.891024 1.000000
v 6.999826 -14.153103 1.000000
v 7.219550 -14.404237 1.000000
v 7.451873 -14.643764 1.000000
v 7.696182 -14.871052 1.000000
v 7.951833 -15.085503 1.000000
v 8.218153 -15.286552 1.000000
v 8.494440 -15.473669 1.000000
v 8.779965 -15.646360 1.000000
v 9.073977 -15.804170 1.000000
v 9.375700 -15.946684 1.000000
v 9.684339 -16.073526 1.000000
v 9.999081 -16.184361 1.000000
v 10.319096 -16.278898 1.000000
v 10.643541 -16.356887 1.000000
v 10.971561 -16.418124 1.000000
v 11.302291 -16.462445 1.000000
v 11.634860 -16.489736 1.000000
v 11.968392 -16.499923 1.000000
v 12.302006 -16.492980 1.000000
v 12.634825 -16.468925 1.000000
v 12.965971 -16.427822 1.000000
v 13.294571 -16.369779 1.000000
v 13.619759 -16.294949 1.000000
v 13.940678 -16.203528 1.000000
v 14.256483 -16.095759 1.000000
v 14.566342 -15.971925 1.000000
v 14.869436 -15.832352 1.000000
v 15.164969 -15.677409 1.000000
v 15.452160 -15.507503 1.000000
v 15.730254 -15.323082 1.000000
v 15.998516 -15.124633 1.000000
v 16.256241 -14.912678 1.000000
v 16.502749 -14.687776 1.000000
v 16.737390 -14.450520 1.000000
v 16.959546 -14.201535 1.000000
v 17.168632 -13.941477 1.000000
v 17.364096 -13.671032 1.000000
v 17.545423 -13.390911 1.000000
v 17.712136 -13.101854 1.000000
v 17.863794 -12.804623 1.000000
v 18.000000 -12.500000 1.000000
v 18.136205 -12.804623 1.000000
v 18.287863 -13.101854 1.000000
v 18.454576 -13.390911 1.000000
v 18.635903 -13.671032 1.000000
v 18.831367 -13.941477 1.000000
v 19.040453 -14.201535 1.000000
v 19.262609 -14.450520 1.000000
v 19.497250 -14.687776 1.000000
v 19.743758 -14.912678 1.000000
v 20.001483 -15.124633 1.000000
v 20.269746 -15.323082 1.000000
v 20.547839 -15.507503 1.000000
v 20.835031 -15.677409 1.000000
v 21.130563 -15.832352 1.000000
v 21.433658 -15.971925 1.000000
v 21.743516 -16.095759 1.000000
v 22.059321 -16.203528 1.000000
v 22.380240 -16.294949 1.000000
v 22.705428 -16.369779 1.000000
v 23.034028 -16.427822 1.000000
v 23.365174 -16.468925 1.000000
v 23.697993 -16.492980 1.000000
v 24.031607 -16.499923 1.000000
v 24.365139 -16.489736 1.000000
v 24.697708 -16.462445 1.000000
v 25.028438 -16.418124 1.000000
v 25.356458 -16.356887 1.000000
v 25.680903 -16.278898 1.000000
v 26.000918 -16.184361 1.000000
v 26.315660 -16.073526 1.000000
v 26.624299 -15.946684 1.000000
v 26.926022 -15.804170 1.000000
v 27.220034 -15.646360 1.000000
v 27.505559 -15.473669 1.000000
v 27.781846 -15.286552 1.000000
v 28.048166 -15.085503 1.000000
v 28.303817 -14.871052 1.000000
v 28.548126 -14.643764 1.000000
v 28.780449 -14.404237 1.000000
v 29.000173 -14.153103 1.000000
v 29.206719 -13.891024 1.000000
v 29.399544 -13.618690 1.000000
v 29.578138 -13.336819 1.000000
v 29.742032 -13.046155 1.000000
v 29.890793 -12.747463 1.000000
v 30.024029 -12.441530 1.000000
v 30.141389 -12.129162 1.000000
v 30.242564 -11.811183 1.000000
v 30.327287 -11.488431 1.000000
v 30.395335 -11.161756 1.000000
v 30.446529 -10.832020 1.000000
v 30.480733 -10.500090 1.000000
v 30.497858 -10.166843 1.000000
v 30.497858 -9.833156 1.000000
v 30.480733 -9.499909 1.000000
v 30.446529 -9.167980 1.000000
v 30.395335 -8.838243 1.000000
v 30.327287 -8.511569 1.000000
v 30.242564 -8.188817 1.000000
v 30.141389 -7.870838 1.000000
v 30.024029 -7.558470 1.000000
v 29.890793 -7.252537 1.000000
v 29.742032 -6.953845 1.000000
v 29.578138 -6.663180 1.000000
v 29.399544 -6.381310 1.000000
v 29.206719 -6.108976 1.000000
v 29.000173 -5.846897 1.000000
v 28.780449 -5.595763 1.000000
v 28.548126 -5.356236 1.000000
v 28.303817 -5.128947 1.000000
v 28.048166 -4.914496 1.000000
v 27.781846 -4.713447 1.000000
v 27.505559 -4.526331 1.000000
v 27.220034 -4.353640 1.000000
v 26.926022 -4.195830 1.000000
v 26.624299 -4.053316 1.000000
v 26.315660 -3.926474 1.000000
v 26.000918 -3.815639 1.000000
v 25.680903 -3.721102 1.000000
v 25.356458 -3.643112 1.000000
v 25.028438 -3.581876 1.000000
v 24.697708 -3.537554 1.000000
v 24.365139 -3.510264 1.000000
v 24.031607 -3.500077 1.000000
v 23.697993 -3.507020 1.000000
v 23.365174 -3.531074 1.000000
v 23.034028 -3.572177 1.000000
v 22.705428 -3.630221 1.000000
v 22.380240 -3.705051 1.000000
v 22.059321 -3.796471 1.000000
v 21.743516 -3.904240 1.000000
v 21.433658 -4.028075 1.000000
v 21.130563 -4.167647 1.000000
v 20.835031 -4.322591 1.000000
v 20.547839 -4.492497 1.000000
v 20.269746 -4.676917 1.000000
v 20.001483 -4.875367 1.000000
v 19.743758 -5.087321 1.000000
v 19.497250 -5.312223 1.000000
v 19.262609 -5.549479 1.000000
v 19.040453 -5.798464 1.000000
v 18.831367 -6.058523 1.000000
v 18.635903 -6.328968 1.000000
v 18.454576 -6.609088 1.000000
v 18.287863 -6.898145 1.000000
v 18.136205 -7.195377 1.000000
v 6.500000 -10.000000 1.000000
v 6.508652 -10.308387 1.000000
v 6.534583 -10.615804 1.000000
v 6.577709 -10.921284 1.000000
v 6.637896 -11.223865 1.000000
v 6.714954 -11.522595 1.000000
v 6.808641 -11.816535 1.000000
v 6.918662 -12.104759 1.000000
v 7.044671 -12.386360 1.000000
v 7.186271 -12.660454 1.000000
v 7.343017 -12.926176 1.000000
v 7.514415 -13.182692 1.000000
v 7.699927 -13.429194 1.000000
v 7.898968 -13.664906 1.000000
v 8.110912 -13.889087 1.000000
v 8.335094 -14.101032 1.000000
v 8.570806 -14.300073 1.000000
v 8.817308 -14.485585 1.000000
v 9.073823 -14.656983 1.000000
v 9.339546 -14.813729 1.000000
v 9.613639 -14.955329 1.000000
v 9.895241 -15.081337 1.000000
v 10.183465 -15.191358 1.000000
v 10.477404 -15.285045 1.000000
v 10.776135 -15.362103 1.000000
v 11.078716 -15.422290 1.000000
v 11.384195 -15.465417 1.000000
v 11.691612 -15.491347 1.000000
v 12.000000 -15.500000 1.000000
v 12.308387 -15.491347 1.000000
v 12.615804 -15.465417 1.000000
v 12.921284 -15.422290 1.000000
v 13.223865 -15.362103 1.000000
v 13.522595 -15.285045 1.000000
v 13.816535 -15.191358 1.000000
v 14.104759 -15.081337 1.000000
v 14.386360 -14.955329 1.000000
v 14.660454 -14.813729 1.000000
v 14.926176 -14.656983 1.000000
v 15.182692 -14.485585 1.000000
v 15.429194 -14.300073 1.000000
v 15.664906 -14.101032 1.000000
v 15.889087 -13.889087 1.000000
v 16.101032 -13.664906 1.000000
v 16.300073 -13.429194 1.000000
v 16.485585 -13.182692 1.000000
v 16.656983 -12.926176 1.000000
v 16.813729 -12.660454 1.000000
v 16.955329 -12.386360 1.000000
v 17.081337 -12.104759 1.000000
v 17.191358 -11.816535 1.000000
v 17.285045 -11.522595 1.000000
v 17.362103 -11.223865 1.000000
v 17.422290 -10.921284 1.000000
v 17.465417 -10.615804 1.000000
v 17.491347 -10.308387 1.000000
v 17.500000 -10.000000 1.000000
v 17.491347 -9.691612 1.000000
v 17.465417 -9.384195 1.000000
v 17.422290 -9.078716 1.000000
v 17.362103 -8.776135 1.000000
v 17.285045 -8.477404 1.000000
v 17.191358 -8.183465 1.000000
v 17.081337 -7.895241 1.000000
v 16.955329 -7.613639 1.000000
v 16.813729 -7.339546 1.000000
v 16.656983 -7.073823 1.000000
v 16.485585 -6.817308 1.000000
v 16.300073 -6.570806 1.000000
v 16.101032 -6.335094 1.000000
v 15.889087 -6.110912 1.000000
v 15.664906 -5.898968 1.000000
v 15.429194 -5.699927 1.000000
v 15.182692 -5.514415 1.000000
v 14.926176 -5.343017 1.000000
v 14.660454 -5.186271 1.000000
v 14.386360 -5.044671 1.000000
v 14.104759 -4.918662 1.000000
v 13.816535 -4.808641 1.000000
v 13.522595 -4.714955 1.000000
v 13.223865 -4.637896 1.000000
v 12.921284 -4.577709 1.000000
v 12.615804 -4.534583 1.000000
v 12.308387 -4.508652 1.000000
v 12.000000 -4.500000 1.000000
v 11.691612 -4.508652 1.000000
v 11.384195 -4.534583 1.000000
v 11.078716 -4.577709 1.000000
v 10.776135 -4.637896 1.000000
v 10.477404 -4.714955 1.000000
v 10.183465 -4.808641 1.000000
v 9.895241 -4.918662 1.000000
v 9.613639 -5.044671 1.000000
v 9.339546 -5.186271 1.000000
v 9.073823 -5.343017 1.000000
v 8.817308 -5.514415 1.000000
v 8.570806 -5.699927 1.000000
v 8.335094 -5.898968 1.000000
v 8.110912 -6.110912 1.000000
v 7.898968 -6.335094 1.000000
v 7.699927 -6.570806 1.000000
v 7.514415 -6.817308 1.000000
v 7.343017 -7.073823 1.000000
v 7.186271 -7.339546 1.000000
v 7.044671 -7.613639 1.000000
v 6.918662 -7.895241 1.000000
v 6.808641 -8.183465 1.000000
v 6.714954 -8.477404 1.000000
v 6.637896 -8.776135 1.000000
v 6.577709 -9.078716 1.000000
v 6.534583 -9.384195 1.000000
v 6.508652 -9.691612 1.000000
v 18.499999 -10.000000 1.000000
v 18.508652 -10.308387 1.000000
v 18.534582 -10.615804 1.000000
v 18.577709 -10.921284 1.000000
v 18.637896 -11.223865 1.000000
v 18.714954 -11.522595 1.000000
v 18.808641 -11.816535 1.000000
v 18.918662 -12.104759 1.000000
v 19.044671 -12.386360 1.000000
v 19.186271 -12.660454 1.000000
v 19.343016 -12.926176 1.000000
v 19.514415 -13.182692 1.000000
v 19.699926 -13.429194 1.000000
v 19.898968 -13.664906 1.000000
v 20.110912 -13.889087 1.000000
v 20.335093 -14.101032 1.000000
v 20.570806 -14.300073 1.000000
v 20.817307 -14.485585 1.000000
v 21.073823 -14.656983 1.000000
v 21.339546 -14.813729 1.000000
v 21.613639 -14.955329 1.000000
v 21.895241 -15.081337 1.000000
v 22.183465 -15.191358 1.000000
v 22.477404 -15.285045 1.000000
v 22.776134 -15.362103 1.000000
v 23.078715 -15.422290 1.000000
v 23.384195 -15.465417 1.000000
v 23.691612 -15.491347 1.000000
v 23.999999 -15.500000 1.000000
v 24.308387 -15.491347 1.000000
v 24.615804 -15.465417 1.000000
v 24.921284 -15.422290 1.000000
v 25.223865 -15.362103 1.000000
v 25.522595 -15.285045 1.000000
v 25.816534 -15.191358 1.000000
v 26.104758 -15.081337 1.000000
v 26.386360 -14.955329 1.000000
v 26.660453 -14.813729 1.000000
v 26.926176 -14.656983 1.000000
v 27.182692 -14.485585 1.000000
v 27.429193 -14.300073 1.000000
v 27.664906 -14.101032 1.000000
v 27.889087 -13.889087 1.000000
v 28.101031 -13.664906 1.000000
v 28.300073 -13.429194 1.000000
v 28.485584 -13.182692 1.000000
v 28.656983 -12.926176 1.000000
v 28.813728 -12.660454 1.000000
v 28.955328 -12.386360 1.000000
v 29.081337 -12.104759 1.000000
v 29.191358 -11.816535 1.000000
v 29.285045 -11.522595 1.000000
v 29.362103 -11.223865 1.000000
v 29.422290 -10.921284 1.000000
v 29.465417 -10.615804 1.000000
v 29.491347 -10.308387 1.000000
v 29.499999 -10.000000 1.000000
v 29.491347 -9.691612 1.000000
v 29.465417 -9.384195 1.000000
v 29.422290 -9.078716 1.000000
v 29.362103 -8.776135 1.000000
v 29.285045 -8.477404 1.000000
v 29.191358 -8.183465 1.000000
v 29.081337 -7.895241 1.000000
v 28.955328 -7.613639 1.000000
v 28.813728 -7.339546 1.000000
v 28.656983 -7.073823 1.000000
v 28.485584 -6.817308 1.000000
v 28.300073 -6.570806 1.000000
v 28.101031 -6.335094 1.000000
v 27.889087 -6.110912 1.000000
v 27.664906 -5.898968 1.000000
v 27.429193 -5.699927 1.000000
v 27.182692 -5.514415 1.000000
v 26.926176 -5.343017 1.000000
v 26.660453 -5.186271 1.000000
v 26.386360 -5.044671 1.000000
v 26.104758 -4.918662 1.000000
v 25.816534 -4.808641 1.000000
v 25.522595 -4.714955 1.000000
v 25.223865 -4.637896 1.000000
v 24.921284 -4.577709 1.000000
v 24.615804 -4.534583 1.000000
v 24.308387 -4.508652 1.000000
v 23.999999 -4.500000 1.000000
v 23.691612 -4.508652 1.000000
v 23.384195 -4.534583 1.000000
v 23.078715 -4.577709 1.000000
v 22.776134 -4.637896 1.000000
v 22.477404 -4.714955 1.000000
v 22.183465 -4.808641 1.000000
v 21.895241 -4.918662 1.000000
v 21.613639 -5.044671 1.000000
v 21.339546 -5.186271 1.000000
v 21.073823 -5.343017 1.000000
v 20.817307 -5.514415 1.000000
v 20.570806 -5.699927 1.000000
v 20.335093 -5.898968 1.000000
v 20.110912 -6.110912 1.000000
v 19.898968 -6.335094 1.000000
v 19.699926 -6.570806 1.000000
v 19.514415 -6.817308 1.000000
v 19.343016 -7.073823 1.000000
v 19.186271 -7.339546 1.000000
v 19.044671 -7.613639 1.000000
v 18.918662 -7.895241 1.000000
v 18.808641 -8.183465 1.000000
v 18.714954 -8.477404 1.000000
v 18.637896 -8.776135 1.000000
v 18.577709 -9.078716 1.000000
v 18.534582 -9.384195 1.000000
v 18.508652 -9.691612 1.000000
v 6.500000 -10.000000 4.342607
v 6.506482 -10.260998 4.342215
v 6.525964 -10.525073 4.341044
v 6.558498 -10.790991 4.339102
v 6.604137 -11.057519 4.336396
v 6.662934 -11.323426 4.332934
v 6.734942 -11.587478 4.328723
v 6.820212 -11.848443 4.323772
v 6.918799 -12.105088 4.318088
v 7.030592 -12.356249 4.311699
v 7.154840 -12.601027 4.304677
v 7.290633 -12.838590 4.297095
v 7.437059 -13.068106 4.289023
v 7.593209 -13.288743 4.280534
v 7.758170 -13.499669 4.271701
v 7.931033 -13.700052 4.262595
v 8.110886 -13.889061 4.253288
v 8.299906 -14.068926 4.243697
v 8.500278 -14.241783 4.233737
v 8.711170 -14.406726 4.223479
v 8.931754 -14.562848 4.212990
v 9.161198 -14.709241 4.202341
v 9.398672 -14.845000 4.191602
v 9.643345 -14.969217 4.180842
v 9.894389 -15.080984 4.170129
v 10.150906 -15.179555 4.159541
v 10.411735 -15.264822 4.149137
v 10.675646 -15.336837 4.138966
v 10.941412 -15.395655 4.129074
v 11.207802 -15.441326 4.119509
v 11.473588 -15.473906 4.110318
v 11.737542 -15.493446 4.101550
v 11.998433 -15.500000 4.093250
v 12.259294 -15.493601 4.085332
v 12.523258 -15.474213 4.077691
v 12.789093 -15.441779 4.070357
v 13.055565 -15.396245 4.063359
v 13.321442 -15.337554 4.056726
v 13.585492 -15.265652 4.050488
v 13.846482 -15.180483 4.044672
v 14.103180 -15.081991 4.039308
v 14.354417 -14.970279 4.034408
v 14.599292 -14.846093 4.029952
v 14.836971 -14.710342 4.025922
v 15.066620 -14.563935 4.022301
v 15.287405 -14.407782 4.019070
v 15.498492 -14.242792 4.016212
v 15.699047 -14.069875 4.013709
v 15.888236 -13.889938 4.011543
v 16.068234 -13.700858 4.009662
v 16.241227 -13.500399 4.008016
v 16.406304 -13.289394 4.006587
v 16.562554 -13.068678 4.005362
v 16.709067 -12.839083 4.004325
v 16.844934 -12.601444 4.003460
v 16.969244 -12.356593 4.002752
v 17.081087 -12.105364 4.002186
v 17.179711 -11.848656 4.001736
v 17.265011 -11.587636 4.001382
v 17.337038 -11.323537 4.001112
v 17.395849 -11.057591 4.000915
v 17.441496 -10.791032 4.000782
v 17.474034 -10.525091 4.000700
v 17.493517 -10.261003 4.000658
v 17.500000 -10.000000 4.000647
v 17.493517 -9.738997 4.000658
v 17.474034 -9.474908 4.000700
v 17.441496 -9.208968 4.000782
v 17.395849 -8.942408 4.000915
v 17.337038 -8.676462 4.001112
v 17.265011 -8.412363 4.001382
v 17.179711 -8.151343 4.001736
v 17.081087 -7.894636 4.002186
v 16.969244 -7.643407 4.002752
v 16.844934 -7.398556 4.003460
v 16.709067 -7.160916 4.004325
v 16.562554 -6.931321 4.005362
v 16.406304 -6.710605 4.006587
v 16.241227 -6.499601 4.008016
v 16.068234 -6.299141 4.009662
v 15.888236 -6.110061 4.011543
v 15.699047 -5.930125 4.013709
v 15.498492 -5.757207 4.016212
v 15.287405 -5.592217 4.019070
v 15.066620 -5.436064 4.022301
v 14.836971 -5.289657 4.025922
v 14.599292 -5.153906 4.029952
v 14.354417 -5.029720 4.034408
v 14.103180 -4.918009 4.039308
v 13.846482 -4.819517 4.044672
v 13.585492 -4.734347 4.050488
v 13.321442 -4.662445 4.056726
v 13.055565 -4.603755 4.063359
v 12.789093 -4.558220 4.070357
v 12.523258 -4.525786 4.077691
v 12.259294 -4.506398 4.085332
v 11.998433 -4.500000 4.093250
v 11.737542 -4.506554 4.101550
v 11.473588 -4.526094 4.110318
v 11.207802 -4.558673 4.119509
v 10.941412 -4.604345 4.129074
v 10.675646 -4.663162 4.138966
v 10.411735 -4.735177 4.149137
v 10.150906 -4.820444 4.159541
v 9.894389 -4.919015 4.170129
v 9.643345 -5.030783 4.180842
v 9.398672 -5.155000 4.191602
v 9.161198 -5.290758 4.202341
v 8.931754 -5.437152 4.212990
v 8.711170 -5.593274 4.223479
v 8.500278 -5.758217 4.233737
v 8.299906 -5.931074 4.243697
v 8.110886 -6.110939 4.253288
v 7.931033 -6.299947 4.262595
v 7.758170 -6.500330 4.271701
v 7.593209 -6.711257 4.280534
v 7.437059 -6.931894 4.289023
v 7.290633 -7.161410 4.297095
v 7.154840 -7.398973 4.304677
v 7.030592 -7.643751 4.311699
v 6.918799 -7.894911 4.318088
v 6.820212 -8.151557 4.323772
v 6.734942 -8.412522 4.328723
v 6.662934 -8.676574 4.332934
v 6.604137 -8.942480 4.336396
v 6.558498 -9.209009 4.339102
v 6.525964 -9.474927 4.341044
v 6.506482 -9.739001 4.342215
v 18.499999 -10.000000 4.000647
v 18.506482 -10.261003 4.000658
v 18.525965 -10.525091 4.000700
v 18.558503 -10.791032 4.000782
v 18.604150 -11.057591 4.000915
v 18.662961 -11.323537 4.001112
v 18.734989 -11.587636 4.001382
v 18.820288 -11.848656 4.001736
v 18.918913 -12.105364 4.002186
v 19.030755 -12.356593 4.002752
v 19.155065 -12.601444 4.003460
v 19.290932 -12.839083 4.004325
v 19.437446 -13.068678 4.005362
v 19.593696 -13.289394 4.006587
v 19.758772 -13.500399 4.008016
v 19.931765 -13.700858 4.009662
v 20.111764 -13.889938 4.011543
v 20.300952 -14.069875 4.013709
v 20.501507 -14.242792 4.016212
v 20.712594 -14.407782 4.019070
v 20.933379 -14.563935 4.022301
v 21.163028 -14.710342 4.025922
v 21.400707 -14.846093 4.029952
v 21.645582 -14.970279 4.034408
v 21.896819 -15.081991 4.039308
v 22.153517 -15.180483 4.044672
v 22.414507 -15.265652 4.050487
v 22.678557 -15.337554 4.056726
v 22.944434 -15.396245 4.063359
v 23.210907 -15.441779 4.070357
v 23.476741 -15.474213 4.077691
v 23.740705 -15.493601 4.085332
v 24.001566 -15.500000 4.093250
v 24.262458 -15.493446 4.101550
v 24.526411 -15.473906 4.110318
v 24.792197 -15.441326 4.119509
v 25.058587 -15.395655 4.129074
v 25.324353 -15.336837 4.138965
v 25.588265 -15.264822 4.149137
v 25.849093 -15.179555 4.159541
v 26.105610 -15.080984 4.170129
v 26.356654 -14.969217 4.180841
v 26.601328 -14.845000 4.191602
v 26.838802 -14.709241 4.202341
v 27.068245 -14.562848 4.212990
v 27.288829 -14.406726 4.223478
v 27.499721 -14.241783 4.233737
v 27.700093 -14.068926 4.243697
v 27.889113 -13.889061 4.253288
v 28.068966 -13.700052 4.262595
v 28.241829 -13.499669 4.271701
v 28.406790 -13.288743 4.280534
v 28.562940 -13.068106 4.289023
v 28.709366 -12.838590 4.297095
v 28.845159 -12.601027 4.304677
v 28.969407 -12.356249 4.311699
v 29.081200 -12.105088 4.318088
v 29.179787 -11.848443 4.323772
v 29.265057 -11.587478 4.328723
v 29.337065 -11.323426 4.332934
v 29.395862 -11.057519 4.336396
v 29.441501 -10.790991 4.339102
v 29.474035 -10.525073 4.341044
v 29.493517 -10.260998 4.342215
v 29.499999 -10.000000 4.342607
v 29.493517 -9.739001 4.342215
v 29.474035 -9.474927 4.341044
v 29.441501 -9.209009 4.339102
v 29.395862 -8.942480 4.336396
v 29.337065 -8.676574 4.332934
v 29.265057 -8.412522 4.328723
v 29.179787 -8.151557 4.323772
v 29.081200 -7.894911 4.318088
v 28.969407 -7.643751 4.311699
v 28.845159 -7.398973 4.304677
v 28.709366 -7.161410 4.297095
v 28.562940 -6.931894 4.289023
v 28.406790 -6.711257 4.280534
v 28.241829 -6.500330 4.271701
v 28.068966 -6.299947 4.262595
v 27.889113 -6.110939 4.253288
v 27.700093 -5.931074 4.243697
v 27.499721 -5.758217 4.233737
v 27.288829 -5.593274 4.223478
v 27.068245 -5.437152 4.212990
v 26.838802 -5.290758 4.202341
v 26.601328 -5.155000 4.191602
v 26.356654 -5.030783 4.180841
v 26.105610 -4.919015 4.170129
v 25.849093 -4.820444 4.159541
v 25.588265 -4.735177 4.149137
v 25.324353 -4.663162 4.138965
v 25.058587 -4.604345 4.129074
v 24.792197 -4.558673 4.119509
v 24.526411 -4.526094 4.110318
v 24.262458 -4.506554 4.101550
v 24.001566 -4.500000 4.093250
v 23.740705 -4.506398 4.085332
v 23.476741 -4.525786 4.077691
v 23.210907 -4.558220 4.070357
v 22.944434 -4.603755 4.063359
v 22.678557 -4.662445 4.056726
v 22.414507 -4.734347 4.050487
v 22.153517 -4.819517 4.044672
v 21.896819 -4.918009 4.039308
v 21.645582 -5.029720 4.034408
v 21.400707 -5.153906 4.029952
v 21.163028 -5.289657 4.025922
v 20.933379 -5.436064 4.022301
v 20.712594 -5.592217 4.019070
v 20.501507 -5.757207 4.016212
v 20.300952 -5.930125 4.013709
v 20.111764 -6.110061 4.011543
v 19.931765 -6.299141 4.009662
v 19.758772 -6.499601 4.008016
v 19.593696 -6.710605 4.006587
v 19.437446 -6.931321 4.005362
v 19.290932 -7.160916 4.004325
v 19.155065 -7.398556 4.003460
v 19.030755 -7.643407 4.002752
v 18.918913 -7.894636 4.002186
v 18.820288 -8.151343 4.001736
v 18.734989 -8.412363 4.001382
v 18.662961 -8.676462 4.001112
v 18.604150 -8.942408 4.000915
v 18.558503 -9.208968 4.000782
v 18.525965 -9.474908 4.000700
v 18.506482 -9.738997 4.000658
v 36.614825 -18.554779 2.973775
v 36.614825 -16.110556 2.973775
v 36.614825 -13.666334 2.973775
v 36.614825 -11.222112 2.973775
v 36.614825 -8.777889 2.973775
v 36.614825 -6.333667 2.973775
v 36.614825 -3.889445 2.973775
v 36.614825 -1.445222 2.973775
v 36.585602 -18.554779 3.093899
v 36.585602 -16.110556 3.093899
v 36.585602 -13.666334 3.093899
v 36.585602 -11.222112 3.093899
v 36.585602 -8.777889 3.093899
v 36.585602 -6.333667 3.093899
v 36.585602 -3.889445 3.093899
v 36.585602 -1.445222 3.093899
v 36.541781 -18.554779 3.209499
v 36.541781 -16.110556 3.209499
v 36.541781 -13.666334 3.209499
v 36.541781 -11.222112 3.209499
v 36.541781 -8.777889 3.209499
v 36.541781 -6.333667 3.209499
v 36.541781 -3.889445 3.209499
v 36.541781 -1.445222 3.209499
v 36.484031 -18.554779 3.318808
v 36.484031 -16.110556 3.318808
v 36.484031 -13.666334 3.318808
v 36.484031 -11.222112 3.318808
v 36.484031 -8.777889 3.318808
v 36.484031 -6.333667 3.318808
v 36.484031 -3.889445 3.318808
v 36.484031 -1.445222 3.318808
v 36.413235 -18.554779 3.420156
v 36.413235 -16.110556 3.420156
v 36.413235 -13.666334 3.420156
v 36.413235 -11.222112 3.420156
v 36.413235 -8.777889 3.420156
v 36.413235 -6.333667 3.420156
v 36.413235 -3.889445 3.420156
v 36.413235 -1.445222 3.420156
v 36.330474 -18.554779 3.511994
v 36.330474 -16.110556 3.511994
v 36.330474 -13.666334 3.511994
v 36.330474 -11.222112 3.511994
v 36.330474 -8.777889 3.511994
v 36.330474 -6.333667 3.511994
v 36.330474 -3.889445 3.511994
v 36.330474 -1.445222 3.511994
v 36.237013 -18.554779 3.592919
v 36.237013 -16.110556 3.592919
v 36.237013 -13.666334 3.592919
v 36.237013 -11.222112 3.592919
v 36.237013 -8.777889 3.592919
v 36.237013 -6.333667 3.592919
v 36.237013 -3.889445 3.592919
v 36.237013 -1.445222 3.592919
v 36.134281 -18.554779 3.661692
v 36.134281 -16.110556 3.661692
v 36.134281 -13.666334 3.661692
v 36.134281 -11.222112 3.661692
v 36.134281 -8.777889 3.661692
v 36.134281 -6.333667 3.661692
v 36.134281 -3.889445 3.661692
v 36.134281 -1.445222 3.661692
v 36.023849 -18.554779 3.717264
v 36.023849 -16.110556 3.717264
v 36.023849 -13.666334 3.717264
v 36.023849 -11.222112 3.717264
v 36.023849 -8.777889 3.717264
v 36.023849 -6.333667 3.717264
v 36.023849 -3.889445 3.717264
v 36.023849 -1.445222 3.717264
v 35.907403 -18.554779 3.758786
v 35.907403 -16.110556 3.758786
v 35.907403 -13.666334 3.758786
v 35.907403 -11.222112 3.758786
v 35.907403 -8.777889 3.758786
v 35.907403 -6.333667 3.758786
v 35.907403 -3.889445 3.758786
v 35.907403 -1.445222 3.758786
v 35.786724 -18.554779 3.785621
v 35.786724 -16.110556 3.785621
v 35.786724 -13.666334 3.785621
v 35.786724 -11.222112 3.785621
v 35.786724 -8.777889 3.785621
v 35.786724 -6.333667 3.785621
v 35.786724 -3.889445 3.785621
v 35.786724 -1.445222 3.785621
v 35.663656 -18.554779 3.797361
v 35.663656 -16.110556 3.797361
v 35.663656 -13.666334 3.797361
v 35.663656 -11.222112 3.797361
v 35.663656 -8.777889 3.797361
v 35.663656 -6.333667 3.797361
v 35.663656 -3.889445 3.797361
v 35.663656 -1.445222 3.797361
vt -0.000000 -0.114901 0.000000
vt -0.099900 0.053078 0.000000
vt -2.199800 -0.114901 0.000000
vt -2.099900 0.053078 0.000000
vt -2.199800 0.084423 0.000000
vt -2.099900 0.084423 0.000000
vt -0.000000 0.084423 0.000000
vt -0.099900 0.084423 0.000000
vt -0.096535 -0.020264 0.000000
vt -0.815001 0.028443 0.000000
vt -0.108892 -0.020617 0.000000
vt -0.989520 0.019754 0.000000
vt -1.164110 0.012643 0.000000
vt -0.084228 -0.021438 0.000000
vt -0.000000 0.084423 0.000000
vt -0.292016 0.063977 0.000000
vt -0.466234 0.050556 0.000000
vt -0.072160 -0.024121 0.000000
vt -0.060515 -0.028274 0.000000
vt -0.049472 -0.033831 0.000000
vt -0.039199 -0.040708 0.000000
vt -0.029853 -0.048801 0.000000
vt -0.021577 -0.057984 0.000000
vt -0.014497 -0.068119 0.000000
vt -0.008722 -0.079050 0.000000
vt -0.004340 -0.090610 0.000000
vt -0.001418 -0.102622 0.000000
vt -0.000000 -0.114904 0.000000
vt -0.100239 0.079791 0.000000
vt -0.117925 0.078974 0.000000
vt -0.112039 0.079420 0.000000
vt -0.106142 0.079693 0.000000
vt -0.640568 0.038711 0.000000
vt -0.283884 -0.035692 0.000000
vt -1.338757 0.007112 0.000000
vt -0.459004 -0.049183 0.000000
vt -0.634240 -0.061089 0.000000
vt -1.513448 0.003161 0.000000
vt -0.809576 -0.071410 0.000000
vt -1.688167 0.000790 0.000000
vt -0.984998 -0.080144 0.000000
vt -1.160493 -0.087292 0.000000
vt -1.862900 -0.000000 0.000000
vt -1.336044 -0.092851 0.000000
vt -1.511639 -0.096823 0.000000
vt -1.687262 -0.099206 0.000000
vt -1.862900 -0.100000 0.000000
vt -2.038538 -0.099206 0.000000
vt -2.214161 -0.096823 0.000000
vt -2.389756 -0.092851 0.000000
vt -2.565308 -0.087292 0.000000
vt -2.037633 0.000790 0.000000
vt -2.740802 -0.080144 0.000000
vt -2.916224 -0.071410 0.000000
vt -2.212352 0.003161 0.000000
vt -3.091560 -0.061089 0.000000
vt -2.387043 0.007112 0.000000
vt -3.266796 -0.049183 0.000000
vt -3.441917 -0.035692 0.000000
vt -2.561690 0.012643 0.000000
vt -3.616908 -0.020617 0.000000
vt -2.736281 0.019754 0.000000
vt -2.910800 0.028443 0.000000
vt -3.629266 -0.020264 0.000000
vt -3.085233 0.038711 0.000000
vt -3.259566 0.050556 0.000000
vt -3.433785 0.063977 0.000000
vt -3.725800 0.084423 0.000000
vt -3.641572 -0.021438 0.000000
vt -3.653640 -0.024121 0.000000
vt -3.665284 -0.028273 0.000000
vt -3.676328 -0.033830 0.000000
vt -3.686601 -0.040708 0.000000
vt -3.695947 -0.048800 0.000000
vt -3.704223 -0.057983 0.000000
vt -3.711302 -0.068118 0.000000
vt -3.717078 -0.079049 0.000000
vt -3.721460 -0.090608 0.000000
vt -3.724382 -0.102620 0.000000
vt -3.725800 -0.114901 0.000000
vt -3.625561 0.079791 0.000000
vt -3.607875 0.078974 0.000000
vt -3.613762 0.079420 0.000000
vt -3.619659 0.079693 0.000000
vt -3.725800 -0.114904 0.000000
vt -3.724382 -0.102622 0.000000
vt -3.725800 0.084423 0.000000
vt -3.721460 -0.090610 0.000000
vt -3.717078 -0.079050 0.000000
vt -3.711303 -0.068119 0.000000
vt -3.704223 -0.057984 0.000000
vt -3.695947 -0.048801 0.000000
vt -3.686601 -0.040708 0.000000
vt -3.676328 -0.033831 0.000000
vt -3.665285 -0.028274 0.000000
vt -3.653640 -0.024121 0.000000
vt -3.641572 -0.021438 0.000000
vt -3.629266 -0.020264 0.000000
vt -3.616908 -0.020617 0.000000
vt -2.910799 0.028443 0.000000
vt -3.085233 0.038711 0.000000
vt -3.259566 0.050556 0.000000
vt -3.441916 -0.035692 0.000000
vt -2.561690 0.012643 0.000000
vt -2.736281 0.019754 0.000000
vt -2.387043 0.007112 0.000000
vt -3.266796 -0.049183 0.000000
vt -3.091560 -0.061089 0.000000
vt -2.212352 0.003161 0.000000
vt -2.916224 -0.071410 0.000000
vt -2.037633 0.000790 0.000000
vt -2.740802 -0.080144 0.000000
vt -2.565308 -0.087292 0.000000
vt -1.862900 -0.000000 0.000000
vt -2.389756 -0.092851 0.000000
vt -2.214161 -0.096823 0.000000
vt -2.038538 -0.099206 0.000000
vt -1.862900 -0.100000 0.000000
vt -1.687262 -0.099206 0.000000
vt -1.511639 -0.096823 0.000000
vt -1.336044 -0.092851 0.000000
vt -1.160492 -0.087292 0.000000
vt -1.688167 0.000790 0.000000
vt -0.984998 -0.080144 0.000000
vt -0.809576 -0.071410 0.000000
vt -1.513448 0.003161 0.000000
vt -0.634240 -0.061089 0.000000
vt -1.338757 0.007112 0.000000
vt -0.459004 -0.049183 0.000000
vt -0.283884 -0.035692 0.000000
vt -1.164110 0.012643 0.000000
vt -0.108892 -0.020617 0.000000
vt -0.989520 0.019754 0.000000
vt -0.815001 0.028443 0.000000
vt -0.096535 -0.020264 0.000000
vt -0.640568 0.038711 0.000000
vt -0.466234 0.050556 0.000000
vt -0.292016 0.063977 0.000000
vt -0.000000 0.084423 0.000000
vt -0.100239 0.079791 0.000000
vt -0.084228 -0.021438 0.000000
vt -0.072160 -0.024121 0.000000
vt -0.060516 -0.028273 0.000000
vt -0.049473 -0.033830 0.000000
vt -0.039200 -0.040708 0.000000
vt -0.029854 -0.048800 0.000000
vt -0.021577 -0.057983 0.000000
vt -0.014498 -0.068118 0.000000
vt -0.008723 -0.079049 0.000000
vt -0.004340 -0.090608 0.000000
vt -0.001418 -0.102620 0.000000
vt -0.000000 -0.114901 0.000000
vt -0.106141 0.079693 0.000000
vt -0.112039 0.079420 0.000000
vt -0.117925 0.078974 0.000000
vt -3.433785 0.063977 0.000000
vt -3.625561 0.079791 0.000000
vt -3.607875 0.078974 0.000000
vt -3.613761 0.079420 0.000000
vt -3.619659 0.079693 0.000000
vt -2.199800 0.084423 0.000000
vt -2.199800 -0.114904 0.000000
vt -2.099900 0.053078 0.000000
vt -0.000000 -0.114904 0.000000
vt -0.099900 0.053078 0.000000
vt -0.000000 0.084423 0.000000
vt -0.099900 0.084423 0.000000
vt -2.099900 0.084423 0.000000
vt -0.724022 -1.744877 0.000000
vt -0.750000 -1.756402 0.000000
vt 0.099900 -1.756402 0.000000
vt -0.724022 -1.767927 0.000000
vt -0.698615 -1.780587 0.000000
vt -0.673843 -1.794309 0.000000
vt -0.649773 -1.809022 0.000000
vt -0.626471 -1.824654 0.000000
vt -0.604002 -1.841131 0.000000
vt 0.099900 -1.932042 0.000000
vt -0.582432 -1.858383 0.000000
vt -0.561827 -1.876337 0.000000
vt -0.542252 -1.894920 0.000000
vt -0.523551 -1.914287 0.000000
vt -0.505468 -1.934695 0.000000
vt -0.488074 -1.956080 0.000000
vt -0.471440 -1.978378 0.000000
vt -0.455638 -2.001521 0.000000
vt -0.440740 -2.025445 0.000000
vt 0.099900 -2.107682 0.000000
vt -0.426818 -2.050083 0.000000
vt -0.413943 -2.075370 0.000000
vt -0.402187 -2.101240 0.000000
vt -0.391617 -2.127624 0.000000
vt -0.382253 -2.154435 0.000000
vt -0.374090 -2.181576 0.000000
vt -0.367123 -2.208950 0.000000
vt 0.099900 -2.283323 0.000000
vt -0.361349 -2.236459 0.000000
vt -0.356764 -2.264006 0.000000
vt -0.353362 -2.291493 0.000000
vt -0.351139 -2.318824 0.000000
vt -0.350091 -2.345900 0.000000
vt -0.350214 -2.372767 0.000000
vt 0.099900 -2.458963 0.000000
vt -0.351508 -2.399904 0.000000
vt -0.353978 -2.427274 0.000000
vt -0.357627 -2.454781 0.000000
vt -0.362460 -2.482328 0.000000
vt -0.368480 -2.509817 0.000000
vt -0.375693 -2.537152 0.000000
vt 0.099900 -2.634603 0.000000
vt -0.384101 -2.564234 0.000000
vt -0.393710 -2.590968 0.000000
vt -0.404522 -2.617256 0.000000
vt -0.416506 -2.643017 0.000000
vt -0.429593 -2.668182 0.000000
vt -0.443712 -2.692687 0.000000
vt -0.458790 -2.716466 0.000000
vt 0.099900 -2.810243 0.000000
vt -0.474755 -2.739453 0.000000
vt -0.491537 -2.761583 0.000000
vt -0.509064 -2.782788 0.000000
vt -0.527264 -2.803005 0.000000
vt -0.546089 -2.822191 0.000000
vt -0.565860 -2.840668 0.000000
vt -0.586649 -2.858503 0.000000
vt -0.608389 -2.875623 0.000000
vt -0.631016 -2.891956 0.000000
vt 0.099900 -2.985883 0.000000
vt -0.654464 -2.907429 0.000000
vt -0.678666 -2.921972 0.000000
vt -0.703556 -2.935510 0.000000
vt -0.729071 -2.947973 0.000000
vt -0.755142 -2.959287 0.000000
vt -0.781698 -2.969401 0.000000
vt -0.808644 -2.978309 0.000000
vt -0.835882 -2.986016 0.000000
vt -0.863315 -2.992527 0.000000
vt -0.890846 -2.997844 0.000000
vt -0.918378 -3.001973 0.000000
vt -0.945812 -3.004917 0.000000
vt 0.099900 -3.161524 0.000000
vt -0.973052 -3.006680 0.000000
vt -1.000000 -3.007267 0.000000
vt -2.099900 -3.161524 0.000000
vt -1.026948 -3.006680 0.000000
vt -1.054188 -3.004917 0.000000
vt -2.099900 -2.985883 0.000000
vt -1.081622 -3.001973 0.000000
vt -1.109154 -2.997844 0.000000
vt -1.136685 -2.992527 0.000000
vt -1.164118 -2.986016 0.000000
vt -1.191356 -2.978309 0.000000
vt -1.218302 -2.969401 0.000000
vt -1.244858 -2.959287 0.000000
vt -1.270929 -2.947973 0.000000
vt -1.296444 -2.935510 0.000000
vt -1.321334 -2.921972 0.000000
vt -1.345536 -2.907429 0.000000
vt -1.368984 -2.891956 0.000000
vt -2.099900 -2.810243 0.000000
vt -1.391610 -2.875623 0.000000
vt -1.413351 -2.858503 0.000000
vt -1.434140 -2.840668 0.000000
vt -1.453911 -2.822191 0.000000
vt -1.472736 -2.803005 0.000000
vt -1.490936 -2.782788 0.000000
vt -1.508462 -2.761583 0.000000
vt -1.525245 -2.739453 0.000000
vt -1.541210 -2.716466 0.000000
vt -2.099900 -2.634603 0.000000
vt -1.556288 -2.692687 0.000000
vt -1.570407 -2.668182 0.000000
vt -1.583494 -2.643017 0.000000
vt -1.595478 -2.617256 0.000000
vt -1.606290 -2.590968 0.000000
vt -1.615899 -2.564234 0.000000
vt -1.624307 -2.537152 0.000000
vt -2.099900 -2.458963 0.000000
vt -1.631520 -2.509817 0.000000
vt -1.637540 -2.482328 0.000000
vt -1.642373 -2.454781 0.000000
vt -1.646022 -2.427274 0.000000
vt -1.648492 -2.399904 0.000000
vt -1.649786 -2.372767 0.000000
vt -2.099900 -2.283323 0.000000
vt -1.649909 -2.345900 0.000000
vt -1.648861 -2.318824 0.000000
vt -1.646638 -2.291493 0.000000
vt -1.643236 -2.264006 0.000000
vt -1.638651 -2.236459 0.000000
vt -1.632877 -2.208950 0.000000
vt -2.099900 -2.107682 0.000000
vt -1.625910 -2.181576 0.000000
vt -1.617747 -2.154435 0.000000
vt -1.608383 -2.127624 0.000000
vt -1.597813 -2.101240 0.000000
vt -1.586057 -2.075370 0.000000
vt -1.573182 -2.050083 0.000000
vt -1.559260 -2.025445 0.000000
vt -2.099900 -1.932042 0.000000
vt -1.544362 -2.001521 0.000000
vt -1.528560 -1.978378 0.000000
vt -1.511926 -1.956080 0.000000
vt -1.494532 -1.934695 0.000000
vt -1.476449 -1.914287 0.000000
vt -1.457748 -1.894920 0.000000
vt -1.438173 -1.876337 0.000000
vt -1.417568 -1.858383 0.000000
vt -1.395998 -1.841131 0.000000
vt -2.099900 -1.756402 0.000000
vt -1.373529 -1.824654 0.000000
vt -1.350227 -1.809022 0.000000
vt -1.326157 -1.794309 0.000000
vt -1.301385 -1.780587 0.000000
vt -1.275978 -1.767927 0.000000
vt -1.250000 -1.756402 0.000000
vt -1.275978 -1.744877 0.000000
vt -1.301385 -1.732217 0.000000
vt -1.326157 -1.718495 0.000000
vt -1.350227 -1.703782 0.000000
vt -1.373529 -1.688151 0.000000
vt -1.395998 -1.671673 0.000000
vt -1.417568 -1.654421 0.000000
vt -2.099900 -1.580762 0.000000
vt -1.438173 -1.636468 0.000000
vt -1.457748 -1.617884 0.000000
vt -1.476449 -1.598517 0.000000
vt -1.494532 -1.578109 0.000000
vt -1.511926 -1.556724 0.000000
vt -1.528560 -1.534426 0.000000
vt -1.544362 -1.511283 0.000000
vt -1.559260 -1.487359 0.000000
vt -2.099900 -1.405122 0.000000
vt -1.573182 -1.462721 0.000000
vt -1.586057 -1.437434 0.000000
vt -1.597813 -1.411565 0.000000
vt -1.608383 -1.385181 0.000000
vt -1.617747 -1.358369 0.000000
vt -1.625910 -1.331228 0.000000
vt -1.632877 -1.303854 0.000000
vt -2.099900 -1.229481 0.000000
vt -1.638651 -1.276345 0.000000
vt -1.643236 -1.248798 0.000000
vt -1.646638 -1.221311 0.000000
vt -1.648861 -1.193981 0.000000
vt -1.649909 -1.166905 0.000000
vt -1.649786 -1.140038 0.000000
vt -2.099900 -1.053841 0.000000
vt -1.648492 -1.112901 0.000000
vt -1.646022 -1.085530 0.000000
vt -1.642373 -1.058023 0.000000
vt -1.637540 -1.030476 0.000000
vt -1.631520 -1.002987 0.000000
vt -1.624307 -0.975652 0.000000
vt -2.099900 -0.878201 0.000000
vt -1.615899 -0.948570 0.000000
vt -1.606290 -0.921836 0.000000
vt -1.595478 -0.895548 0.000000
vt -1.583494 -0.869788 0.000000
vt -1.570407 -0.844622 0.000000
vt -1.556288 -0.820117 0.000000
vt -1.541210 -0.796338 0.000000
vt -2.099900 -0.702561 0.000000
vt -1.525245 -0.773351 0.000000
vt -1.508462 -0.751222 0.000000
vt -1.490936 -0.730016 0.000000
vt -1.472736 -0.709799 0.000000
vt -1.453911 -0.690613 0.000000
vt -1.434140 -0.672136 0.000000
vt -1.413351 -0.654301 0.000000
vt -1.391610 -0.637181 0.000000
vt -1.368984 -0.620848 0.000000
vt -2.099900 -0.526921 0.000000
vt -1.345536 -0.605375 0.000000
vt -1.321334 -0.590833 0.000000
vt -1.296444 -0.577294 0.000000
vt -1.270929 -0.564831 0.000000
vt -1.244858 -0.553517 0.000000
vt -1.218302 -0.543403 0.000000
vt -1.191356 -0.534495 0.000000
vt -1.164118 -0.526788 0.000000
vt -1.136685 -0.520277 0.000000
vt -1.109154 -0.514960 0.000000
vt -1.081622 -0.510831 0.000000
vt -1.054188 -0.507887 0.000000
vt -1.026948 -0.506124 0.000000
vt -1.000000 -0.505537 0.000000
vt -0.973052 -0.506124 0.000000
vt 0.099900 -0.526921 0.000000
vt 0.099900 -0.351280 0.000000
vt -2.099900 -0.351280 0.000000
vt -2.099900 -0.175640 0.000000
vt 0.099900 -0.175640 0.000000
vt -2.099900 -0.000000 0.000000
vt 0.099900 -0.000000 0.000000
vt -0.945812 -0.507887 0.000000
vt -0.918378 -0.510831 0.000000
vt -0.890846 -0.514960 0.000000
vt -0.863315 -0.520277 0.000000
vt -0.835882 -0.526788 0.000000
vt -0.808644 -0.534495 0.000000
vt -0.781698 -0.543403 0.000000
vt -0.755142 -0.553517 0.000000
vt -0.729071 -0.564831 0.000000
vt -0.703556 -0.577294 0.000000
vt -0.678666 -0.590833 0.000000
vt -0.654464 -0.605375 0.000000
vt -0.631016 -0.620848 0.000000
vt 0.099900 -0.702561 0.000000
vt -0.608389 -0.637181 0.000000
vt -0.586649 -0.654301 0.000000
vt -0.565860 -0.672136 0.000000
vt -0.546089 -0.690613 0.000000
vt -0.527264 -0.709799 0.000000
vt -0.509064 -0.730016 0.000000
vt -0.491537 -0.751222 0.000000
vt -0.474755 -0.773351 0.000000
vt -0.458790 -0.796338 0.000000
vt 0.099900 -0.878201 0.000000
vt -0.443712 -0.820117 0.000000
vt -0.429593 -0.844622 0.000000
vt -0.416506 -0.869788 0.000000
vt -0.404522 -0.895548 0.000000
vt -0.393710 -0.921836 0.000000
vt -0.384101 -0.948570 0.000000
vt -0.375693 -0.975652 0.000000
vt 0.099900 -1.053841 0.000000
vt -0.368480 -1.002987 0.000000
vt -0.362460 -1.030476 0.000000
vt -0.357627 -1.058023 0.000000
vt -0.353978 -1.085530 0.000000
vt -0.351508 -1.112901 0.000000
vt -0.350214 -1.140038 0.000000
vt 0.099900 -1.229481 0.000000
vt -0.350091 -1.166905 0.000000
vt -0.351139 -1.193981 0.000000
vt -0.353362 -1.221311 0.000000
vt -0.356764 -1.248798 0.000000
vt -0.361349 -1.276345 0.000000
vt -0.367123 -1.303854 0.000000
vt 0.099900 -1.405122 0.000000
vt -0.374090 -1.331228 0.000000
vt -0.382253 -1.358369 0.000000
vt -0.391617 -1.385181 0.000000
vt -0.402187 -1.411565 0.000000
vt -0.413943 -1.437434 0.000000
vt -0.426818 -1.462721 0.000000
vt -0.440740 -1.487359 0.000000
vt 0.099900 -1.580762 0.000000
vt -0.455638 -1.511283 0.000000
vt -0.471440 -1.534426 0.000000
vt -0.488074 -1.556724 0.000000
vt -0.505468 -1.578109 0.000000
vt -0.523551 -1.598517 0.000000
vt -0.542252 -1.617884 0.000000
vt -0.561827 -1.636468 0.000000
vt -0.582432 -1.654421 0.000000
vt -0.604002 -1.671673 0.000000
vt -0.626471 -1.688151 0.000000
vt -0.649773 -1.703782 0.000000
vt -0.673843 -1.718495 0.000000
vt -0.698615 -1.732217 0.000000
vt 0.099900 -3.337164 0.000000
vt -2.099900 -3.337164 0.000000
vt 0.099900 -3.512804 0.000000
vt -2.099900 -3.512804 0.000000
vt 2.099900 -0.153755 0.000000
vt 1.855478 -0.153755 0.000000
vt 2.099900 -0.166125 0.000000
vt 1.611056 -0.153755 0.000000
vt 1.366633 -0.153755 0.000000
vt 1.366633 -0.141384 0.000000
vt 1.122211 -0.141384 0.000000
vt 1.122211 -0.129014 0.000000
vt 0.877789 -0.129014 0.000000
vt 0.877789 -0.116643 0.000000
vt 0.633367 -0.116643 0.000000
vt 0.633367 -0.104273 0.000000
vt 0.388944 -0.104273 0.000000
vt 0.388944 -0.091903 0.000000
vt 0.144522 -0.091903 0.000000
vt 0.144522 -0.079532 0.000000
vt -0.099900 -0.079532 0.000000
vt -0.099900 -0.067162 0.000000
vt 0.144522 -0.067162 0.000000
vt -0.099900 -0.054791 0.000000
vt 0.144522 -0.054791 0.000000
vt -0.099900 -0.042421 0.000000
vt 0.144522 -0.042421 0.000000
vt -0.099900 -0.030051 0.000000
vt 0.144522 -0.030051 0.000000
vt -0.099900 -0.017680 0.000000
vt 0.144522 -0.017680 0.000000
vt -0.099900 -0.005310 0.000000
vt 0.388944 -0.017680 0.000000
vt 0.633367 -0.017680 0.000000
vt 0.633367 -0.030051 0.000000
vt 0.877789 -0.030051 0.000000
vt 0.877789 -0.042421 0.000000
vt 1.122211 -0.042421 0.000000
vt 1.122211 -0.054791 0.000000
vt 1.366633 -0.054791 0.000000
vt 1.366633 -0.067162 0.000000
vt 1.611056 -0.067162 0.000000
vt 1.611056 -0.079532 0.000000
vt 1.855478 -0.079532 0.000000
vt 1.855478 -0.091903 0.000000
vt 2.099900 -0.091903 0.000000
vt 2.099900 -0.104273 0.000000
vt 1.855478 -0.104273 0.000000
vt 2.099900 -0.116643 0.000000
vt 1.855478 -0.116643 0.000000
vt 2.099900 -0.129014 0.000000
vt 1.855478 -0.129014 0.000000
vt 2.099900 -0.141384 0.000000
vt 1.855478 -0.141384 0.000000
vt 2.099900 -0.079532 0.000000
vt 1.855478 -0.067162 0.000000
vt 1.611056 -0.054791 0.000000
vt 1.366633 -0.042421 0.000000
vt 1.122211 -0.030051 0.000000
vt 0.877789 -0.017680 0.000000
vt 2.099900 -0.067162 0.000000
vt 1.855478 -0.054791 0.000000
vt 1.611056 -0.042421 0.000000
vt 1.366633 -0.030051 0.000000
vt 1.122211 -0.017680 0.000000
vt 2.099900 -0.054791 0.000000
vt 1.855478 -0.042421 0.000000
vt 1.611056 -0.030051 0.000000
vt 1.366633 -0.017680 0.000000
vt 2.099900 -0.005310 0.000000
vt 2.099900 -0.042421 0.000000
vt 1.855478 -0.030051 0.000000
vt 1.611056 -0.017680 0.000000
vt 2.099900 -0.030051 0.000000
vt 1.855478 -0.017680 0.000000
vt 2.099900 -0.017680 0.000000
vt -0.099900 -0.091903 0.000000
vt 0.144522 -0.104273 0.000000
vt 0.388944 -0.116643 0.000000
vt 0.633367 -0.129014 0.000000
vt 0.877789 -0.141384 0.000000
vt 1.122211 -0.153755 0.000000
vt -0.099900 -0.104273 0.000000
vt 0.144522 -0.116643 0.000000
vt 0.388944 -0.129014 0.000000
vt 0.633367 -0.141384 0.000000
vt 0.877789 -0.153755 0.000000
vt -0.099900 -0.116643 0.000000
vt 0.144522 -0.129014 0.000000
vt 0.388944 -0.141384 0.000000
vt 0.633367 -0.153755 0.000000
vt -0.099900 -0.166125 0.000000
vt -0.099900 -0.129014 0.000000
vt 0.144522 -0.141384 0.000000
vt 0.388944 -0.153755 0.000000
vt -0.099900 -0.141384 0.000000
vt 0.144522 -0.153755 0.000000
vt -0.099900 -0.153755 0.000000
vt 1.611056 -0.141384 0.000000
vt 1.611056 -0.129014 0.000000
vt 1.611056 -0.116643 0.000000
vt 1.611056 -0.104273 0.000000
vt 1.611056 -0.091903 0.000000
vt 1.366633 -0.129014 0.000000
vt 1.122211 -0.116643 0.000000
vt 0.877789 -0.104273 0.000000
vt 0.633367 -0.091903 0.000000
vt 0.388944 -0.079532 0.000000
vt 1.366633 -0.116643 0.000000
vt 1.366633 -0.104273 0.000000
vt 1.366633 -0.091903 0.000000
vt 1.366633 -0.079532 0.000000
vt 1.122211 -0.104273 0.000000
vt 0.877789 -0.091903 0.000000
vt 0.633367 -0.079532 0.000000
vt 0.388944 -0.067162 0.000000
vt 1.122211 -0.091903 0.000000
vt 1.122211 -0.079532 0.000000
vt 1.122211 -0.067162 0.000000
vt 0.877789 -0.079532 0.000000
vt 0.633367 -0.067162 0.000000
vt 0.388944 -0.054791 0.000000
vt 0.877789 -0.067162 0.000000
vt 0.877789 -0.054791 0.000000
vt 0.633367 -0.054791 0.000000
vt 0.388944 -0.042421 0.000000
vt 0.633367 -0.042421 0.000000
vt 0.388944 -0.030051 0.000000
vt -0.437805 0.100100 0.000000
vt -0.337460 0.100100 0.000000
vt -0.437805 0.200000 0.000000
vt -0.337460 0.200000 0.000000
vt 0.223047 0.411372 0.000000
vt 0.238562 0.419431 0.000000
vt 0.223047 0.442717 0.000000
vt 0.254723 0.426104 0.000000
vt 0.271404 0.431340 0.000000
vt 0.288479 0.435100 0.000000
vt 0.305817 0.437354 0.000000
vt 0.323285 0.438085 0.000000
vt -0.223047 0.411372 0.000000
vt -0.223047 0.442717 0.000000
vt -0.238562 0.419431 0.000000
vt -0.254723 0.426104 0.000000
vt -0.271404 0.431340 0.000000
vt -0.288479 0.435100 0.000000
vt -0.305817 0.437354 0.000000
vt -0.323285 0.438085 0.000000
vt 0.337460 0.100100 0.000000
vt 0.437805 0.100100 0.000000
vt 0.337460 0.200000 0.000000
vt 0.437805 0.200000 0.000000
vt -0.100346 0.100100 0.000000
vt 0.000000 0.100100 0.000000
vt -0.100346 0.200000 0.000000
vt -0.000000 0.200000 0.000000
vt -0.223046 0.411372 0.000000
vt -0.223046 0.442717 0.000000
vt -0.238562 0.419431 0.000000
vt -0.254722 0.426104 0.000000
vt -0.271404 0.431340 0.000000
vt -0.288479 0.435100 0.000000
vt -0.305817 0.437354 0.000000
vt -0.323285 0.438085 0.000000
vt 0.099900 -0.332250 0.000000
vt 0.099900 -0.326346 0.000000
vt -2.099900 -0.332250 0.000000
vt -2.099900 -0.326346 0.000000
vt -2.099900 -0.320443 0.000000
vt -1.366633 -0.314729 0.000000
vt -1.733267 -0.314729 0.000000
vt -1.733267 -0.297049 0.000000
vt -2.000000 -0.314539 0.000000
vt -2.000000 -0.297049 0.000000
vt -2.000000 -0.279560 0.000000
vt -1.733267 -0.279560 0.000000
vt -2.000000 -0.262071 0.000000
vt -1.733267 -0.262071 0.000000
vt -2.000000 -0.244581 0.000000
vt -1.733267 -0.244581 0.000000
vt -2.000000 -0.227092 0.000000
vt -1.733267 -0.227092 0.000000
vt -2.000000 -0.209602 0.000000
vt -1.366633 -0.227092 0.000000
vt -1.000000 -0.227092 0.000000
vt -1.000000 -0.244581 0.000000
vt -0.633367 -0.244581 0.000000
vt -0.633367 -0.262071 0.000000
vt -0.266733 -0.262071 0.000000
vt -0.266733 -0.279560 0.000000
vt -0.000000 -0.279560 0.000000
vt -0.000000 -0.297049 0.000000
vt -0.266733 -0.297049 0.000000
vt -0.000000 -0.314539 0.000000
vt -0.266733 -0.314729 0.000000
vt 0.099900 -0.314539 0.000000
vt 0.099900 -0.320443 0.000000
vt -0.633367 -0.314729 0.000000
vt -1.000000 -0.314729 0.000000
vt -1.000000 -0.297049 0.000000
vt -1.366633 -0.297049 0.000000
vt -1.366633 -0.279560 0.000000
vt -0.000000 -0.262071 0.000000
vt -0.266733 -0.244581 0.000000
vt -0.633367 -0.227092 0.000000
vt -0.000000 -0.209602 0.000000
vt -0.000000 -0.244581 0.000000
vt -0.266733 -0.227092 0.000000
vt -0.000000 -0.227092 0.000000
vt -2.099900 -0.314539 0.000000
vt -0.633367 -0.297049 0.000000
vt -0.633367 -0.279560 0.000000
vt -1.000000 -0.279560 0.000000
vt -1.366633 -0.262071 0.000000
vt -1.000000 -0.262071 0.000000
vt -1.366633 -0.244581 0.000000
vt 0.100346 0.200000 0.000000
vt 0.000000 0.200000 0.000000
vt 0.100346 0.100100 0.000000
vt -0.000000 0.100100 0.000000
vt 0.223046 0.411372 0.000000
vt 0.238562 0.419431 0.000000
vt 0.223046 0.442717 0.000000
vt 0.254722 0.426104 0.000000
vt 0.271404 0.431340 0.000000
vt 0.288479 0.435100 0.000000
vt 0.305817 0.437354 0.000000
vt 0.323285 0.438085 0.000000
vt -0.000000 -0.017711 0.000000
vt 0.099900 -0.017711 0.000000
vt -0.266733 -0.017521 0.000000
vt 0.099900 -0.011807 0.000000
vt 0.099900 -0.005904 0.000000
vt 0.099900 0.000000 0.000000
vt -2.099900 0.000000 0.000000
vt -1.000000 -0.017521 0.000000
vt -0.633367 -0.017521 0.000000
vt -0.633367 -0.035201 0.000000
vt -0.266733 -0.035201 0.000000
vt -0.266733 -0.052690 0.000000
vt -0.000000 -0.052690 0.000000
vt -0.000000 -0.070180 0.000000
vt -0.266733 -0.070180 0.000000
vt -0.000000 -0.087669 0.000000
vt -0.266733 -0.087669 0.000000
vt -0.000000 -0.105158 0.000000
vt -0.266733 -0.105158 0.000000
vt -0.000000 -0.122648 0.000000
vt -0.633367 -0.105158 0.000000
vt -1.000000 -0.105158 0.000000
vt -1.000000 -0.087669 0.000000
vt -1.366633 -0.087669 0.000000
vt -1.366633 -0.070180 0.000000
vt -1.733267 -0.070180 0.000000
vt -1.733267 -0.052690 0.000000
vt -2.000000 -0.052690 0.000000
vt -2.000000 -0.035201 0.000000
vt -1.733267 -0.035201 0.000000
vt -2.000000 -0.017711 0.000000
vt -1.733267 -0.017521 0.000000
vt -2.099900 -0.017711 0.000000
vt -2.099900 -0.011807 0.000000
vt -2.099900 -0.005904 0.000000
vt -1.366633 -0.017521 0.000000
vt -1.000000 -0.035201 0.000000
vt -0.633367 -0.052690 0.000000
vt -2.000000 -0.070180 0.000000
vt -1.733267 -0.087669 0.000000
vt -1.366633 -0.105158 0.000000
vt -2.000000 -0.122648 0.000000
vt -2.000000 -0.087669 0.000000
vt -1.733267 -0.105158 0.000000
vt -2.000000 -0.105158 0.000000
vt -0.000000 -0.035201 0.000000
vt -1.366633 -0.035201 0.000000
vt -1.366633 -0.052690 0.000000
vt -1.000000 -0.052690 0.000000
vt -0.633367 -0.070180 0.000000
vt -1.000000 -0.070180 0.000000
vt -0.633367 -0.087669 0.000000
vt -0.100000 0.256614 0.000000
vt -0.099996 0.285037 0.000000
vt -0.300000 0.256614 0.000000
vt -0.300000 0.289987 0.000000
vt -0.099984 0.313428 0.000000
vt -0.300000 0.323359 0.000000
vt -0.099962 0.341753 0.000000
vt -0.300000 0.356731 0.000000
vt -0.099927 0.369973 0.000000
vt -0.300000 0.390104 0.000000
vt -0.099878 0.398041 0.000000
vt -0.300000 0.423476 0.000000
vt -0.099813 0.425913 0.000000
vt -0.099731 0.453541 0.000000
vt -0.300000 0.456848 0.000000
vt -0.099629 0.480874 0.000000
vt -0.300000 0.490221 0.000000
vt -0.099506 0.507868 0.000000
vt -0.300000 0.523593 0.000000
vt -0.099358 0.534792 0.000000
vt -0.300000 0.556965 0.000000
vt -0.099180 0.562062 0.000000
vt -0.300000 0.590338 0.000000
vt -0.098971 0.589633 0.000000
vt -0.098728 0.617459 0.000000
vt -0.300000 0.623710 0.000000
vt -0.098449 0.645491 0.000000
vt -0.300000 0.657083 0.000000
vt -0.098133 0.673682 0.000000
vt -0.300000 0.690455 0.000000
vt -0.097777 0.701987 0.000000
vt -0.300000 0.723827 0.000000
vt -0.097379 0.730365 0.000000
vt -0.300000 0.757200 0.000000
vt -0.096938 0.758780 0.000000
vt -0.096451 0.787201 0.000000
vt -0.300000 0.790572 0.000000
vt -0.095917 0.815600 0.000000
vt -0.300000 0.823944 0.000000
vt -0.095338 0.843942 0.000000
vt -0.300000 0.857317 0.000000
vt -0.094717 0.872190 0.000000
vt -0.300000 0.890689 0.000000
vt -0.094056 0.900301 0.000000
vt -0.300000 0.924061 0.000000
vt -0.093357 0.928227 0.000000
vt -0.300000 0.957434 0.000000
vt -0.092622 0.955922 0.000000
vt -0.091853 0.983337 0.000000
vt -0.300000 0.990806 0.000000
vt -0.091052 1.010424 0.000000
vt -0.300000 1.024178 0.000000
vt -0.090218 1.037281 0.000000
vt -0.300000 1.057551 0.000000
vt -0.089335 1.064437 0.000000
vt -0.300000 1.090923 0.000000
vt -0.088405 1.091909 0.000000
vt -0.087433 1.119648 0.000000
vt -0.300000 1.124295 0.000000
vt -0.086422 1.147607 0.000000
vt -0.300000 1.157668 0.000000
vt -0.085376 1.175738 0.000000
vt -0.300000 1.191040 0.000000
vt -0.084299 1.203995 0.000000
vt -0.300000 1.224413 0.000000
vt -0.083195 1.232337 0.000000
vt -0.300000 1.257785 0.000000
vt -0.082068 1.260727 0.000000
vt -0.300000 1.291157 0.000000
vt -0.080921 1.289131 0.000000
vt -0.079761 1.317522 0.000000
vt -0.300000 1.324530 0.000000
vt -0.078595 1.345869 0.000000
vt -0.300000 1.357902 0.000000
vt -0.077428 1.374134 0.000000
vt -0.300000 1.391274 0.000000
vt -0.076267 1.402275 0.000000
vt -0.300000 1.424647 0.000000
vt -0.075117 1.430249 0.000000
vt -0.300000 1.458019 0.000000
vt -0.073986 1.458007 0.000000
vt -0.072878 1.485502 0.000000
vt -0.300000 1.491391 0.000000
vt -0.071801 1.512686 0.000000
vt -0.300000 1.524764 0.000000
vt -0.070758 1.539547 0.000000
vt -0.300000 1.558136 0.000000
vt -0.069735 1.566592 0.000000
vt -0.300000 1.591508 0.000000
vt -0.068731 1.593969 0.000000
vt -0.067752 1.621631 0.000000
vt -0.300000 1.624881 0.000000
vt -0.066804 1.649530 0.000000
vt -0.300000 1.658253 0.000000
vt -0.065893 1.677618 0.000000
vt -0.300000 1.691626 0.000000
vt -0.065027 1.705848 0.000000
vt -0.300000 1.724998 0.000000
vt -0.064211 1.734177 0.000000
vt -0.300000 1.758370 0.000000
vt -0.063451 1.762567 0.000000
vt -0.300000 1.791743 0.000000
vt -0.062754 1.790982 0.000000
vt -0.062126 1.819394 0.000000
vt -0.300000 1.825115 0.000000
vt -0.061569 1.847774 0.000000
vt -0.300000 1.858487 0.000000
vt -0.061084 1.876084 0.000000
vt -0.300000 1.891860 0.000000
vt -0.060672 1.904285 0.000000
vt -0.300000 1.925232 0.000000
vt -0.060332 1.932333 0.000000
vt -0.300000 1.958604 0.000000
vt -0.060067 1.960179 0.000000
vt -0.059877 1.987777 0.000000
vt -0.300000 1.991977 0.000000
vt -0.059763 2.015078 0.000000
vt -0.300000 2.025349 0.000000
vt -0.059724 2.042035 0.000000
vt -0.300000 2.058721 0.000000
vt -0.059763 2.068992 0.000000
vt -0.300000 2.092094 0.000000
vt -0.059877 2.096293 0.000000
vt -0.300000 2.125466 0.000000
vt -0.060067 2.123891 0.000000
vt -0.060332 2.151738 0.000000
vt -0.300000 2.158838 0.000000
vt -0.060672 2.179785 0.000000
vt -0.300000 2.192211 0.000000
vt -0.061084 2.207986 0.000000
vt -0.300000 2.225583 0.000000
vt -0.061569 2.236297 0.000000
vt -0.300000 2.258956 0.000000
vt -0.062126 2.264676 0.000000
vt -0.300000 2.292328 0.000000
vt -0.062754 2.293089 0.000000
vt -0.063451 2.321504 0.000000
vt -0.300000 2.325700 0.000000
vt -0.064211 2.349893 0.000000
vt -0.300000 2.359073 0.000000
vt -0.065027 2.378223 0.000000
vt -0.300000 2.392445 0.000000
vt -0.065893 2.406453 0.000000
vt -0.300000 2.425817 0.000000
vt -0.066804 2.434540 0.000000
vt -0.300000 2.459190 0.000000
vt -0.067752 2.462439 0.000000
vt -0.068731 2.490101 0.000000
vt -0.300000 2.492562 0.000000
vt -0.069735 2.517479 0.000000
vt -0.300000 2.525934 0.000000
vt -0.070758 2.544523 0.000000
vt -0.300000 2.559307 0.000000
vt -0.071801 2.571384 0.000000
vt -0.300000 2.592679 0.000000
vt -0.072878 2.598568 0.000000
vt -0.300000 2.626051 0.000000
vt -0.073986 2.626063 0.000000
vt -0.075117 2.653822 0.000000
vt -0.300000 2.659424 0.000000
vt -0.076267 2.681795 0.000000
vt -0.300000 2.692796 0.000000
vt -0.077428 2.709937 0.000000
vt -0.300000 2.726168 0.000000
vt -0.078595 2.738202 0.000000
vt -0.300000 2.759541 0.000000
vt -0.079761 2.766548 0.000000
vt -0.300000 2.792913 0.000000
vt -0.080921 2.794940 0.000000
vt -0.082068 2.823344 0.000000
vt -0.300000 2.826286 0.000000
vt -0.083195 2.851733 0.000000
vt -0.300000 2.859658 0.000000
vt -0.084299 2.880075 0.000000
vt -0.300000 2.893030 0.000000
vt -0.085376 2.908333 0.000000
vt -0.300000 2.926403 0.000000
vt -0.086422 2.936464 0.000000
vt -0.300000 2.959775 0.000000
vt -0.087433 2.964422 0.000000
vt -0.300000 2.993147 0.000000
vt -0.088405 2.992161 0.000000
vt -0.089335 3.019633 0.000000
vt -0.300000 3.026520 0.000000
vt -0.090218 3.046790 0.000000
vt -0.300000 3.059892 0.000000
vt -0.091052 3.073646 0.000000
vt -0.300000 3.093264 0.000000
vt -0.091853 3.100734 0.000000
vt -0.300000 3.126637 0.000000
vt -0.092622 3.128149 0.000000
vt -0.093357 3.155843 0.000000
vt -0.300000 3.160009 0.000000
vt -0.094056 3.183770 0.000000
vt -0.300000 3.193381 0.000000
vt -0.094717 3.211880 0.000000
vt -0.300000 3.226754 0.000000
vt -0.095338 3.240128 0.000000
vt -0.300000 3.260126 0.000000
vt -0.095917 3.268471 0.000000
vt -0.300000 3.293499 0.000000
vt -0.096451 3.296869 0.000000
vt -0.300000 3.326871 0.000000
vt -0.096938 3.325290 0.000000
vt -0.097379 3.353705 0.000000
vt -0.300000 3.360243 0.000000
vt -0.097777 3.382084 0.000000
vt -0.300000 3.393616 0.000000
vt -0.098133 3.410388 0.000000
vt -0.300000 3.426988 0.000000
vt -0.098449 3.438579 0.000000
vt -0.300000 3.460360 0.000000
vt -0.098728 3.466611 0.000000
vt -0.300000 3.493733 0.000000
vt -0.098971 3.494437 0.000000
vt -0.099180 3.522009 0.000000
vt -0.300000 3.527105 0.000000
vt -0.099358 3.549278 0.000000
vt -0.300000 3.560477 0.000000
vt -0.099506 3.576203 0.000000
vt -0.300000 3.593850 0.000000
vt -0.099629 3.603196 0.000000
vt -0.300000 3.627222 0.000000
vt -0.099731 3.630530 0.000000
vt -0.300000 3.660594 0.000000
vt -0.099813 3.658157 0.000000
vt -0.099878 3.686029 0.000000
vt -0.300000 3.693967 0.000000
vt -0.099927 3.714098 0.000000
vt -0.300000 3.727339 0.000000
vt -0.099962 3.742317 0.000000
vt -0.300000 3.760711 0.000000
vt -0.099984 3.770642 0.000000
vt -0.300000 3.794084 0.000000
vt -0.099996 3.799034 0.000000
vt -0.300000 3.827456 0.000000
vt -0.100000 3.827456 0.000000
vt -0.100000 -1.785421 0.000000
vt -0.099996 -1.756998 0.000000
vt -0.300000 -1.785421 0.000000
vt -0.300000 -1.752049 0.000000
vt -0.099984 -1.728607 0.000000
vt -0.300000 -1.718676 0.000000
vt -0.099962 -1.700282 0.000000
vt -0.300000 -1.685304 0.000000
vt -0.099927 -1.672063 0.000000
vt -0.300000 -1.651932 0.000000
vt -0.099878 -1.643994 0.000000
vt -0.300000 -1.618559 0.000000
vt -0.099813 -1.616122 0.000000
vt -0.099731 -1.588495 0.000000
vt -0.300000 -1.585187 0.000000
vt -0.099629 -1.561161 0.000000
vt -0.300000 -1.551814 0.000000
vt -0.099506 -1.534167 0.000000
vt -0.300000 -1.518442 0.000000
vt -0.099358 -1.507243 0.000000
vt -0.300000 -1.485070 0.000000
vt -0.099180 -1.479974 0.000000
vt -0.300000 -1.451697 0.000000
vt -0.098971 -1.452402 0.000000
vt -0.098728 -1.424576 0.000000
vt -0.300000 -1.418325 0.000000
vt -0.098449 -1.396544 0.000000
vt -0.300000 -1.384953 0.000000
vt -0.098133 -1.368353 0.000000
vt -0.300000 -1.351580 0.000000
vt -0.097777 -1.340048 0.000000
vt -0.300000 -1.318208 0.000000
vt -0.097379 -1.311670 0.000000
vt -0.300000 -1.284836 0.000000
vt -0.096938 -1.283255 0.000000
vt -0.096451 -1.254834 0.000000
vt -0.300000 -1.251463 0.000000
vt -0.095917 -1.226436 0.000000
vt -0.300000 -1.218091 0.000000
vt -0.095338 -1.198093 0.000000
vt -0.300000 -1.184719 0.000000
vt -0.094717 -1.169845 0.000000
vt -0.300000 -1.151346 0.000000
vt -0.094056 -1.141735 0.000000
vt -0.300000 -1.117974 0.000000
vt -0.093357 -1.113808 0.000000
vt -0.300000 -1.084602 0.000000
vt -0.092622 -1.086114 0.000000
vt -0.091853 -1.058699 0.000000
vt -0.300000 -1.051229 0.000000
vt -0.091052 -1.031611 0.000000
vt -0.300000 -1.017857 0.000000
vt -0.090218 -1.004755 0.000000
vt -0.300000 -0.984484 0.000000
vt -0.089335 -0.977598 0.000000
vt -0.300000 -0.951112 0.000000
vt -0.088405 -0.950126 0.000000
vt -0.087433 -0.922387 0.000000
vt -0.300000 -0.917740 0.000000
vt -0.086422 -0.894428 0.000000
vt -0.300000 -0.884367 0.000000
vt -0.085376 -0.866298 0.000000
vt -0.300000 -0.850995 0.000000
vt -0.084299 -0.838040 0.000000
vt -0.300000 -0.817623 0.000000
vt -0.083195 -0.809698 0.000000
vt -0.300000 -0.784250 0.000000
vt -0.082068 -0.781309 0.000000
vt -0.300000 -0.750878 0.000000
vt -0.080921 -0.752904 0.000000
vt -0.079761 -0.724513 0.000000
vt -0.300000 -0.717506 0.000000
vt -0.078595 -0.696167 0.000000
vt -0.300000 -0.684133 0.000000
vt -0.077428 -0.667902 0.000000
vt -0.300000 -0.650761 0.000000
vt -0.076267 -0.639760 0.000000
vt -0.300000 -0.617389 0.000000
vt -0.075117 -0.611786 0.000000
vt -0.300000 -0.584016 0.000000
vt -0.073986 -0.584028 0.000000
vt -0.072878 -0.556533 0.000000
vt -0.300000 -0.550644 0.000000
vt -0.071801 -0.529349 0.000000
vt -0.300000 -0.517271 0.000000
vt -0.070758 -0.502488 0.000000
vt -0.300000 -0.483899 0.000000
vt -0.069735 -0.475443 0.000000
vt -0.300000 -0.450527 0.000000
vt -0.068731 -0.448066 0.000000
vt -0.067752 -0.420404 0.000000
vt -0.300000 -0.417154 0.000000
vt -0.066804 -0.392505 0.000000
vt -0.300000 -0.383782 0.000000
vt -0.065893 -0.364418 0.000000
vt -0.300000 -0.350410 0.000000
vt -0.065027 -0.336187 0.000000
vt -0.300000 -0.317037 0.000000
vt -0.064211 -0.307858 0.000000
vt -0.300000 -0.283665 0.000000
vt -0.063451 -0.279469 0.000000
vt -0.300000 -0.250293 0.000000
vt -0.062754 -0.251053 0.000000
vt -0.062126 -0.222641 0.000000
vt -0.300000 -0.216920 0.000000
vt -0.061569 -0.194262 0.000000
vt -0.300000 -0.183548 0.000000
vt -0.061084 -0.165951 0.000000
vt -0.300000 -0.150176 0.000000
vt -0.060672 -0.137750 0.000000
vt -0.300000 -0.116803 0.000000
vt -0.060332 -0.109702 0.000000
vt -0.300000 -0.083431 0.000000
vt -0.060067 -0.081856 0.000000
vt -0.059877 -0.054258 0.000000
vt -0.300000 -0.050059 0.000000
vt -0.059763 -0.026957 0.000000
vt -0.300000 -0.016686 0.000000
vt -0.059724 0.000000 0.000000
vt -0.300000 0.016686 0.000000
vt -0.059763 0.026957 0.000000
vt -0.300000 0.050059 0.000000
vt -0.059877 0.054258 0.000000
vt -0.300000 0.083431 0.000000
vt -0.060067 0.081856 0.000000
vt -0.060332 0.109702 0.000000
vt -0.300000 0.116803 0.000000
vt -0.060672 0.137750 0.000000
vt -0.300000 0.150176 0.000000
vt -0.061084 0.165951 0.000000
vt -0.300000 0.183548 0.000000
vt -0.061569 0.194262 0.000000
vt -0.300000 0.216920 0.000000
vt -0.062126 0.222641 0.000000
vt -0.300000 0.250293 0.000000
vt -0.062754 0.251053 0.000000
vt -0.063451 0.279469 0.000000
vt -0.300000 0.283665 0.000000
vt -0.064211 0.307858 0.000000
vt -0.300000 0.317037 0.000000
vt -0.065027 0.336187 0.000000
vt -0.300000 0.350410 0.000000
vt -0.065893 0.364418 0.000000
vt -0.300000 0.383782 0.000000
vt -0.066804 0.392505 0.000000
vt -0.300000 0.417154 0.000000
vt -0.067752 0.420404 0.000000
vt -0.068731 0.448066 0.000000
vt -0.300000 0.450527 0.000000
vt -0.069735 0.475443 0.000000
vt -0.300000 0.483899 0.000000
vt -0.070758 0.502488 0.000000
vt -0.300000 0.517271 0.000000
vt -0.071801 0.529349 0.000000
vt -0.300000 0.550644 0.000000
vt -0.072878 0.556533 0.000000
vt -0.300000 0.584016 0.000000
vt -0.073986 0.584028 0.000000
vt -0.075117 0.611786 0.000000
vt -0.300000 0.617389 0.000000
vt -0.076267 0.639760 0.000000
vt -0.300000 0.650761 0.000000
vt -0.077428 0.667902 0.000000
vt -0.300000 0.684133 0.000000
vt -0.078595 0.696167 0.000000
vt -0.300000 0.717506 0.000000
vt -0.079761 0.724513 0.000000
vt -0.300000 0.750878 0.000000
vt -0.080921 0.752904 0.000000
vt -0.082068 0.781309 0.000000
vt -0.300000 0.784250 0.000000
vt -0.083195 0.809698 0.000000
vt -0.300000 0.817623 0.000000
vt -0.084299 0.838040 0.000000
vt -0.300000 0.850995 0.000000
vt -0.085376 0.866298 0.000000
vt -0.300000 0.884367 0.000000
vt -0.086422 0.894428 0.000000
vt -0.300000 0.917740 0.000000
vt -0.087433 0.922387 0.000000
vt -0.300000 0.951112 0.000000
vt -0.088405 0.950126 0.000000
vt -0.089335 0.977598 0.000000
vt -0.300000 0.984484 0.000000
vt -0.090218 1.004755 0.000000
vt -0.300000 1.017857 0.000000
vt -0.091052 1.031611 0.000000
vt -0.300000 1.051229 0.000000
vt -0.091853 1.058699 0.000000
vt -0.300000 1.084602 0.000000
vt -0.092622 1.086114 0.000000
vt -0.093357 1.113808 0.000000
vt -0.300000 1.117974 0.000000
vt -0.094056 1.141735 0.000000
vt -0.300000 1.151346 0.000000
vt -0.094717 1.169845 0.000000
vt -0.300000 1.184719 0.000000
vt -0.095338 1.198093 0.000000
vt -0.300000 1.218091 0.000000
vt -0.095917 1.226436 0.000000
vt -0.300000 1.251463 0.000000
vt -0.096451 1.254834 0.000000
vt -0.300000 1.284836 0.000000
vt -0.096938 1.283255 0.000000
vt -0.097379 1.311670 0.000000
vt -0.300000 1.318208 0.000000
vt -0.097777 1.340048 0.000000
vt -0.300000 1.351580 0.000000
vt -0.098133 1.368353 0.000000
vt -0.300000 1.384953 0.000000
vt -0.098449 1.396544 0.000000
vt -0.300000 1.418325 0.000000
vt -0.098728 1.424576 0.000000
vt -0.300000 1.451697 0.000000
vt -0.098971 1.452402 0.000000
vt -0.099180 1.479974 0.000000
vt -0.300000 1.485070 0.000000
vt -0.099358 1.507243 0.000000
vt -0.300000 1.518442 0.000000
vt -0.099506 1.534167 0.000000
vt -0.300000 1.551814 0.000000
vt -0.099629 1.561161 0.000000
vt -0.300000 1.585187 0.000000
vt -0.099731 1.588495 0.000000
vt -0.300000 1.618559 0.000000
vt -0.099813 1.616122 0.000000
vt -0.099878 1.643994 0.000000
vt -0.300000 1.651932 0.000000
vt -0.099927 1.672063 0.000000
vt -0.300000 1.685304 0.000000
vt -0.099962 1.700282 0.000000
vt -0.300000 1.718676 0.000000
vt -0.099984 1.728607 0.000000
vt -0.300000 1.752049 0.000000
vt -0.099996 1.756998 0.000000
vt -0.300000 1.785421 0.000000
vt -0.100000 1.785421 0.000000
vt 1.149135 -0.030839 0.000000
vt 1.249786 -0.016684 0.000000
vt 1.150000 -0.000000 0.000000
vt 1.249786 0.016684 0.000000
vt 1.149135 0.030839 0.000000
vt 1.248073 0.050009 0.000000
vt 1.146542 0.061580 0.000000
vt 1.244653 0.083202 0.000000
vt 1.142229 0.092128 0.000000
vt 1.239534 0.116176 0.000000
vt 1.136210 0.122387 0.000000
vt 1.232729 0.148843 0.000000
vt 1.128505 0.152260 0.000000
vt 1.224256 0.181118 0.000000
vt 1.119136 0.181653 0.000000
vt 1.214139 0.212916 0.000000
vt 1.108134 0.210476 0.000000
vt 1.202403 0.244153 0.000000
vt 1.095533 0.238636 0.000000
vt 1.189079 0.274746 0.000000
vt 1.081373 0.266045 0.000000
vt 1.174203 0.304616 0.000000
vt 1.065698 0.292618 0.000000
vt 1.157814 0.333682 0.000000
vt 1.048558 0.318269 0.000000
vt 1.139954 0.361869 0.000000
vt 1.030007 0.342919 0.000000
vt 1.120672 0.389102 0.000000
vt 1.010103 0.366491 0.000000
vt 1.100017 0.415310 0.000000
vt 0.988909 0.388909 0.000000
vt 1.078045 0.440424 0.000000
vt 0.966491 0.410103 0.000000
vt 1.054813 0.464376 0.000000
vt 0.942919 0.430007 0.000000
vt 1.030382 0.487105 0.000000
vt 0.918269 0.448558 0.000000
vt 1.004817 0.508550 0.000000
vt 0.892618 0.465698 0.000000
vt 0.978185 0.528655 0.000000
vt 0.866045 0.481373 0.000000
vt 0.950556 0.547367 0.000000
vt 0.838636 0.495533 0.000000
vt 0.922003 0.564636 0.000000
vt 0.810476 0.508134 0.000000
vt 0.892602 0.580417 0.000000
vt 0.781653 0.519136 0.000000
vt 0.862430 0.594668 0.000000
vt 0.752260 0.528505 0.000000
vt 0.831566 0.607353 0.000000
vt 0.722387 0.536210 0.000000
vt 0.800092 0.618436 0.000000
vt 0.768090 0.627890 0.000000
vt 1.248073 -0.050009 0.000000
vt 1.146542 -0.061580 0.000000
vt 1.244653 -0.083202 0.000000
vt 1.142229 -0.092128 0.000000
vt 1.239534 -0.116176 0.000000
vt 1.136210 -0.122387 0.000000
vt 1.232729 -0.148843 0.000000
vt 1.128505 -0.152260 0.000000
vt 1.224256 -0.181118 0.000000
vt 1.119136 -0.181653 0.000000
vt 1.214139 -0.212916 0.000000
vt 1.108134 -0.210476 0.000000
vt 1.202403 -0.244153 0.000000
vt 1.095533 -0.238636 0.000000
vt 1.189079 -0.274746 0.000000
vt 1.081373 -0.266045 0.000000
vt 1.174203 -0.304616 0.000000
vt 1.065698 -0.292618 0.000000
vt 1.157814 -0.333682 0.000000
vt 1.048558 -0.318269 0.000000
vt 1.139954 -0.361869 0.000000
vt 1.030007 -0.342919 0.000000
vt 1.120672 -0.389102 0.000000
vt 1.010103 -0.366491 0.000000
vt 1.100017 -0.415310 0.000000
vt 0.988909 -0.388909 0.000000
vt 1.078045 -0.440424 0.000000
vt 0.966491 -0.410103 0.000000
vt 1.054813 -0.464376 0.000000
vt 0.942919 -0.430007 0.000000
vt 1.030382 -0.487105 0.000000
vt 0.918269 -0.448558 0.000000
vt 1.004817 -0.508550 0.000000
vt 0.892618 -0.465698 0.000000
vt 0.978185 -0.528655 0.000000
vt 0.866045 -0.481373 0.000000
vt 0.950556 -0.547367 0.000000
vt 0.838636 -0.495533 0.000000
vt 0.922003 -0.564636 0.000000
vt 0.810476 -0.508134 0.000000
vt 0.892602 -0.580417 0.000000
vt 0.781653 -0.519136 0.000000
vt 0.862430 -0.594668 0.000000
vt 0.752260 -0.528505 0.000000
vt 0.831566 -0.607353 0.000000
vt 0.722387 -0.536210 0.000000
vt 0.800092 -0.618436 0.000000
vt 0.768090 -0.627890 0.000000
vt 0.692128 -0.542229 0.000000
vt 0.735646 -0.635689 0.000000
vt 0.661580 -0.546542 0.000000
vt 0.702844 -0.641812 0.000000
vt 0.669771 -0.646245 0.000000
vt 0.630839 -0.549135 0.000000
vt 0.636514 -0.648974 0.000000
vt 0.600000 -0.550000 0.000000
vt 0.603161 -0.649992 0.000000
vt 0.569799 -0.649298 0.000000
vt 0.569161 -0.549135 0.000000
vt 0.536517 -0.646893 0.000000
vt 0.503403 -0.642782 0.000000
vt 0.538420 -0.546542 0.000000
vt 0.470543 -0.636978 0.000000
vt 0.507872 -0.542229 0.000000
vt 0.438024 -0.629495 0.000000
vt 0.405932 -0.620353 0.000000
vt 0.477613 -0.536210 0.000000
vt 0.374352 -0.609576 0.000000
vt 0.447740 -0.528505 0.000000
vt 0.343366 -0.597193 0.000000
vt 0.418347 -0.519136 0.000000
vt 0.313056 -0.583235 0.000000
vt 0.389524 -0.508134 0.000000
vt 0.283503 -0.567741 0.000000
vt 0.254784 -0.550750 0.000000
vt 0.361364 -0.495533 0.000000
vt 0.226975 -0.532308 0.000000
vt 0.333955 -0.481373 0.000000
vt 0.200148 -0.512463 0.000000
vt 0.307382 -0.465698 0.000000
vt 0.174376 -0.491268 0.000000
vt 0.281731 -0.448558 0.000000
vt 0.149725 -0.468778 0.000000
vt 0.257081 -0.430007 0.000000
vt 0.126261 -0.445052 0.000000
vt 0.233509 -0.410103 0.000000
vt 0.104045 -0.420154 0.000000
vt 0.211091 -0.388909 0.000000
vt 0.083137 -0.394148 0.000000
vt 0.189897 -0.366491 0.000000
vt 0.063590 -0.367103 0.000000
vt 0.169993 -0.342919 0.000000
vt 0.045458 -0.339091 0.000000
vt 0.151442 -0.318269 0.000000
vt 0.028786 -0.310185 0.000000
vt 0.134302 -0.292618 0.000000
vt 0.013621 -0.280462 0.000000
vt 0.118627 -0.266045 0.000000
vt 0.104467 -0.238636 0.000000
vt -0.000000 -0.250000 0.000000
vt 0.091866 -0.210476 0.000000
vt -0.091866 -0.210476 0.000000
vt -0.080864 -0.181653 0.000000
vt 0.080864 -0.181653 0.000000
vt -0.071495 -0.152260 0.000000
vt 0.071495 -0.152260 0.000000
vt -0.063790 -0.122387 0.000000
vt 0.063790 -0.122387 0.000000
vt -0.057771 -0.092128 0.000000
vt 0.057771 -0.092128 0.000000
vt -0.053458 -0.061580 0.000000
vt 0.053458 -0.061580 0.000000
vt -0.050865 -0.030839 0.000000
vt 0.050865 -0.030839 0.000000
vt -0.050000 -0.000000 0.000000
vt 0.050000 0.000000 0.000000
vt -0.050865 0.030839 0.000000
vt 0.050865 0.030839 0.000000
vt -0.053458 0.061580 0.000000
vt 0.053458 0.061580 0.000000
vt -0.057771 0.092128 0.000000
vt 0.057771 0.092128 0.000000
vt -0.063790 0.122387 0.000000
vt 0.063790 0.122387 0.000000
vt -0.071495 0.152260 0.000000
vt 0.071495 0.152260 0.000000
vt -0.080864 0.181653 0.000000
vt 0.080864 0.181653 0.000000
vt -0.091866 0.210476 0.000000
vt 0.091866 0.210476 0.000000
vt -0.000000 0.250000 0.000000
vt 0.104467 0.238636 0.000000
vt 0.013621 0.280462 0.000000
vt 0.118627 0.266045 0.000000
vt 0.134302 0.292618 0.000000
vt 0.028786 0.310185 0.000000
vt 0.151442 0.318269 0.000000
vt 0.045458 0.339091 0.000000
vt 0.169993 0.342919 0.000000
vt 0.063590 0.367103 0.000000
vt 0.189897 0.366491 0.000000
vt 0.083137 0.394148 0.000000
vt 0.211091 0.388909 0.000000
vt 0.104045 0.420154 0.000000
vt 0.233509 0.410103 0.000000
vt 0.126261 0.445052 0.000000
vt 0.257081 0.430007 0.000000
vt 0.149725 0.468778 0.000000
vt 0.281731 0.448558 0.000000
vt 0.174376 0.491268 0.000000
vt 0.307382 0.465698 0.000000
vt 0.200148 0.512463 0.000000
vt 0.333955 0.481373 0.000000
vt 0.226975 0.532308 0.000000
vt 0.361364 0.495533 0.000000
vt 0.254784 0.550750 0.000000
vt 0.389524 0.508134 0.000000
vt 0.283503 0.567741 0.000000
vt 0.313056 0.583235 0.000000
vt 0.418347 0.519136 0.000000
vt 0.343366 0.597193 0.000000
vt 0.447740 0.528505 0.000000
vt 0.374352 0.609576 0.000000
vt 0.477613 0.536210 0.000000
vt 0.405932 0.620353 0.000000
vt 0.507872 0.542229 0.000000
vt 0.438024 0.629495 0.000000
vt 0.470543 0.636978 0.000000
vt 0.538420 0.546542 0.000000
vt 0.503403 0.642782 0.000000
vt 0.569161 0.549135 0.000000
vt 0.536517 0.646893 0.000000
vt 0.569799 0.649298 0.000000
vt 0.600000 0.550000 0.000000
vt 0.603161 0.649992 0.000000
vt 0.636514 0.648974 0.000000
vt 0.630839 0.549135 0.000000
vt 0.669771 0.646245 0.000000
vt 0.661580 0.546542 0.000000
vt 0.702844 0.641812 0.000000
vt 0.735646 0.635689 0.000000
vt 0.692128 0.542229 0.000000
vt -0.104467 -0.238636 0.000000
vt -0.013621 -0.280462 0.000000
vt -0.118627 -0.266045 0.000000
vt -0.134302 -0.292618 0.000000
vt -0.028786 -0.310185 0.000000
vt -0.151442 -0.318269 0.000000
vt -0.045458 -0.339091 0.000000
vt -0.169993 -0.342919 0.000000
vt -0.063590 -0.367103 0.000000
vt -0.189897 -0.366491 0.000000
vt -0.083137 -0.394148 0.000000
vt -0.211091 -0.388909 0.000000
vt -0.104045 -0.420154 0.000000
vt -0.233509 -0.410103 0.000000
vt -0.126261 -0.445052 0.000000
vt -0.257081 -0.430007 0.000000
vt -0.149725 -0.468778 0.000000
vt -0.281731 -0.448558 0.000000
vt -0.174376 -0.491268 0.000000
vt -0.307382 -0.465698 0.000000
vt -0.200148 -0.512463 0.000000
vt -0.333955 -0.481373 0.000000
vt -0.226975 -0.532308 0.000000
vt -0.361364 -0.495533 0.000000
vt -0.254784 -0.550750 0.000000
vt -0.389524 -0.508134 0.000000
vt -0.283503 -0.567741 0.000000
vt -0.313056 -0.583235 0.000000
vt -0.418347 -0.519136 0.000000
vt -0.343366 -0.597193 0.000000
vt -0.447740 -0.528505 0.000000
vt -0.374352 -0.609576 0.000000
vt -0.477613 -0.536210 0.000000
vt -0.405932 -0.620353 0.000000
vt -0.507872 -0.542229 0.000000
vt -0.438024 -0.629495 0.000000
vt -0.470543 -0.636978 0.000000
vt -0.538420 -0.546542 0.000000
vt -0.503403 -0.642782 0.000000
vt -0.569161 -0.549135 0.000000
vt -0.536517 -0.646893 0.000000
vt -0.569799 -0.649298 0.000000
vt -0.600000 -0.550000 0.000000
vt -0.603161 -0.649992 0.000000
vt -0.636514 -0.648974 0.000000
vt -0.630839 -0.549135 0.000000
vt -0.669771 -0.646245 0.000000
vt -0.661580 -0.546542 0.000000
vt -0.702844 -0.641812 0.000000
vt -0.735646 -0.635689 0.000000
vt -0.692128 -0.542229 0.000000
vt -0.768090 -0.627890 0.000000
vt -0.722387 -0.536210 0.000000
vt -0.800092 -0.618436 0.000000
vt -0.831566 -0.607353 0.000000
vt -0.752260 -0.528505 0.000000
vt -0.862430 -0.594668 0.000000
vt -0.781653 -0.519136 0.000000
vt -0.892602 -0.580417 0.000000
vt -0.810476 -0.508134 0.000000
vt -0.922003 -0.564636 0.000000
vt -0.838636 -0.495533 0.000000
vt -0.950556 -0.547367 0.000000
vt -0.866045 -0.481373 0.000000
vt -0.978185 -0.528655 0.000000
vt -0.892618 -0.465698 0.000000
vt -1.004817 -0.508550 0.000000
vt -0.918269 -0.448558 0.000000
vt -1.030382 -0.487105 0.000000
vt -0.942919 -0.430007 0.000000
vt -1.054813 -0.464376 0.000000
vt -0.966491 -0.410103 0.000000
vt -1.078045 -0.440424 0.000000
vt -0.988909 -0.388909 0.000000
vt -1.100017 -0.415310 0.000000
vt -1.010103 -0.366491 0.000000
vt -1.120672 -0.389102 0.000000
vt -1.030007 -0.342919 0.000000
vt -1.139954 -0.361869 0.000000
vt -1.048558 -0.318269 0.000000
vt -1.157814 -0.333682 0.000000
vt -1.065698 -0.292618 0.000000
vt -1.174203 -0.304616 0.000000
vt -1.081373 -0.266045 0.000000
vt -1.189079 -0.274746 0.000000
vt -1.095533 -0.238636 0.000000
vt -1.202403 -0.244153 0.000000
vt -1.108134 -0.210476 0.000000
vt -1.214139 -0.212916 0.000000
vt -1.119136 -0.181653 0.000000
vt -1.224256 -0.181118 0.000000
vt -1.128505 -0.152260 0.000000
vt -1.232729 -0.148843 0.000000
vt -1.136210 -0.122387 0.000000
vt -1.239534 -0.116176 0.000000
vt -1.142229 -0.092128 0.000000
vt -1.244653 -0.083202 0.000000
vt -1.146542 -0.061580 0.000000
vt -1.248073 -0.050009 0.000000
vt -1.149135 -0.030839 0.000000
vt -1.249786 -0.016684 0.000000
vt -1.150000 0.000000 0.000000
vt -1.249786 0.016684 0.000000
vt -1.149135 0.030839 0.000000
vt -1.248073 0.050009 0.000000
vt -1.146542 0.061580 0.000000
vt -1.244653 0.083202 0.000000
vt -1.142229 0.092128 0.000000
vt -1.239534 0.116176 0.000000
vt -1.136210 0.122387 0.000000
vt -1.232729 0.148843 0.000000
vt -1.128505 0.152260 0.000000
vt -1.224256 0.181118 0.000000
vt -1.119136 0.181653 0.000000
vt -1.214139 0.212916 0.000000
vt -1.108134 0.210476 0.000000
vt -1.202403 0.244153 0.000000
vt -1.095533 0.238636 0.000000
vt -1.189079 0.274746 0.000000
vt -1.081373 0.266045 0.000000
vt -1.174203 0.304616 0.000000
vt -1.065698 0.292618 0.000000
vt -1.157814 0.333682 0.000000
vt -1.048558 0.318269 0.000000
vt -1.139954 0.361869 0.000000
vt -1.030007 0.342919 0.000000
vt -1.120672 0.389102 0.000000
vt -1.010103 0.366491 0.000000
vt -1.100017 0.415310 0.000000
vt -0.988909 0.388909 0.000000
vt -1.078045 0.440424 0.000000
vt -0.966491 0.410103 0.000000
vt -1.054813 0.464376 0.000000
vt -0.942919 0.430007 0.000000
vt -1.030382 0.487105 0.000000
vt -0.918269 0.448558 0.000000
vt -1.004817 0.508550 0.000000
vt -0.892618 0.465698 0.000000
vt -0.978185 0.528655 0.000000
vt -0.866045 0.481373 0.000000
vt -0.950556 0.547367 0.000000
vt -0.838636 0.495533 0.000000
vt -0.922003 0.564636 0.000000
vt -0.810476 0.508134 0.000000
vt -0.892602 0.580417 0.000000
vt -0.781653 0.519136 0.000000
vt -0.862430 0.594668 0.000000
vt -0.752260 0.528505 0.000000
vt -0.831566 0.607353 0.000000
vt -0.722387 0.536210 0.000000
vt -0.800092 0.618436 0.000000
vt -0.768090 0.627890 0.000000
vt -0.692128 0.542229 0.000000
vt -0.735646 0.635689 0.000000
vt -0.661580 0.546542 0.000000
vt -0.702844 0.641812 0.000000
vt -0.669771 0.646245 0.000000
vt -0.630839 0.549135 0.000000
vt -0.636514 0.648974 0.000000
vt -0.600000 0.550000 0.000000
vt -0.603161 0.649992 0.000000
vt -0.569799 0.649298 0.000000
vt -0.569161 0.549135 0.000000
vt -0.536517 0.646893 0.000000
vt -0.503403 0.642782 0.000000
vt -0.538420 0.546542 0.000000
vt -0.470543 0.636978 0.000000
vt -0.507872 0.542229 0.000000
vt -0.438024 0.629495 0.000000
vt -0.405932 0.620353 0.000000
vt -0.477613 0.536210 0.000000
vt -0.374352 0.609576 0.000000
vt -0.447740 0.528505 0.000000
vt -0.343366 0.597193 0.000000
vt -0.418347 0.519136 0.000000
vt -0.313056 0.583235 0.000000
vt -0.389524 0.508134 0.000000
vt -0.283503 0.567741 0.000000
vt -0.254784 0.550750 0.000000
vt -0.361364 0.495533 0.000000
vt -0.226975 0.532308 0.000000
vt -0.333955 0.481373 0.000000
vt -0.200148 0.512463 0.000000
vt -0.307382 0.465698 0.000000
vt -0.174376 0.491268 0.000000
vt -0.281731 0.448558 0.000000
vt -0.149725 0.468778 0.000000
vt -0.257081 0.430007 0.000000
vt -0.126261 0.445052 0.000000
vt -0.233509 0.410103 0.000000
vt -0.104045 0.420154 0.000000
vt -0.211091 0.388909 0.000000
vt -0.083137 0.394148 0.000000
vt -0.189897 0.366491 0.000000
vt -0.063590 0.367103 0.000000
vt -0.169993 0.342919 0.000000
vt -0.045458 0.339091 0.000000
vt -0.151442 0.318269 0.000000
vt -0.028786 0.310185 0.000000
vt -0.134302 0.292618 0.000000
vt -0.013621 0.280462 0.000000
vt -0.118627 0.266045 0.000000
vt -0.104467 0.238636 0.000000
vt -0.300000 1.697021 0.000000
vt 0.034222 1.701765 0.000000
vt -0.300000 1.727876 0.000000
vt 0.034261 1.727876 0.000000
vt -0.300000 -1.727876 0.000000
vt 0.034261 -1.727876 0.000000
vt 0.034222 -1.701765 0.000000
vt 0.034104 1.675281 0.000000
vt -0.300000 1.666166 0.000000
vt 0.033910 1.648483 0.000000
vt -0.300000 1.635311 0.000000
vt 0.033640 1.621432 0.000000
vt -0.300000 1.604456 0.000000
vt 0.033293 1.594190 0.000000
vt -0.300000 1.573601 0.000000
vt 0.032872 1.566812 0.000000
vt -0.300000 1.542746 0.000000
vt 0.032377 1.539352 0.000000
vt -0.300000 1.511891 0.000000
vt 0.031809 1.511856 0.000000
vt 0.031170 1.484361 0.000000
vt -0.300000 1.481037 0.000000
vt 0.030468 1.456904 0.000000
vt -0.300000 1.450182 0.000000
vt 0.029709 1.429533 0.000000
vt -0.300000 1.419327 0.000000
vt 0.028902 1.402298 0.000000
vt -0.300000 1.388472 0.000000
vt 0.028053 1.375259 0.000000
vt -0.300000 1.357617 0.000000
vt 0.027170 1.348474 0.000000
vt -0.300000 1.326762 0.000000
vt 0.026259 1.322004 0.000000
vt -0.300000 1.295907 0.000000
vt 0.025329 1.295911 0.000000
vt 0.024370 1.269815 0.000000
vt -0.300000 1.265052 0.000000
vt 0.023374 1.243347 0.000000
vt -0.300000 1.234197 0.000000
vt 0.022348 1.216566 0.000000
vt -0.300000 1.203342 0.000000
vt 0.021299 1.189532 0.000000
vt -0.300000 1.172487 0.000000
vt 0.020234 1.162306 0.000000
vt -0.300000 1.141632 0.000000
vt 0.019160 1.134944 0.000000
vt -0.300000 1.110777 0.000000
vt 0.018084 1.107498 0.000000
vt -0.300000 1.079922 0.000000
vt 0.017013 1.080015 0.000000
vt 0.015954 1.052531 0.000000
vt -0.300000 1.049068 0.000000
vt 0.014914 1.025084 0.000000
vt -0.300000 1.018213 0.000000
vt 0.013897 0.997720 0.000000
vt -0.300000 0.987358 0.000000
vt 0.012907 0.970491 0.000000
vt -0.300000 0.956503 0.000000
vt 0.011951 0.943453 0.000000
vt -0.300000 0.925648 0.000000
vt 0.011032 0.916668 0.000000
vt -0.300000 0.894793 0.000000
vt 0.010155 0.890195 0.000000
vt -0.300000 0.863938 0.000000
vt 0.009325 0.864095 0.000000
vt 0.008533 0.837998 0.000000
vt -0.300000 0.833083 0.000000
vt 0.007769 0.811525 0.000000
vt -0.300000 0.802228 0.000000
vt 0.007036 0.784737 0.000000
vt -0.300000 0.771373 0.000000
vt 0.006336 0.757693 0.000000
vt -0.300000 0.740518 0.000000
vt 0.005673 0.730456 0.000000
vt -0.300000 0.709663 0.000000
vt 0.005049 0.703081 0.000000
vt -0.300000 0.678808 0.000000
vt 0.004467 0.675622 0.000000
vt -0.300000 0.647953 0.000000
vt 0.003931 0.648124 0.000000
vt 0.003441 0.620625 0.000000
vt -0.300000 0.617099 0.000000
vt 0.002995 0.593163 0.000000
vt -0.300000 0.586244 0.000000
vt 0.002592 0.565784 0.000000
vt -0.300000 0.555389 0.000000
vt 0.002230 0.538539 0.000000
vt -0.300000 0.524534 0.000000
vt 0.001907 0.511487 0.000000
vt -0.300000 0.493679 0.000000
vt 0.001621 0.484688 0.000000
vt -0.300000 0.462824 0.000000
vt 0.001371 0.458202 0.000000
vt -0.300000 0.431969 0.000000
vt 0.001154 0.432089 0.000000
vt 0.000966 0.405981 0.000000
vt -0.300000 0.401114 0.000000
vt 0.000802 0.379497 0.000000
vt -0.300000 0.370259 0.000000
vt 0.000659 0.352699 0.000000
vt -0.300000 0.339404 0.000000
vt 0.000536 0.325647 0.000000
vt -0.300000 0.308549 0.000000
vt 0.000433 0.298401 0.000000
vt -0.300000 0.277694 0.000000
vt 0.000346 0.271019 0.000000
vt -0.300000 0.246839 0.000000
vt 0.000275 0.243553 0.000000
vt -0.300000 0.215984 0.000000
vt 0.000219 0.216050 0.000000
vt 0.000174 0.188546 0.000000
vt -0.300000 0.185130 0.000000
vt 0.000138 0.161080 0.000000
vt -0.300000 0.154275 0.000000
vt 0.000111 0.133698 0.000000
vt -0.300000 0.123420 0.000000
vt 0.000092 0.106451 0.000000
vt -0.300000 0.092565 0.000000
vt 0.000078 0.079397 0.000000
vt -0.300000 0.061710 0.000000
vt 0.000070 0.052597 0.000000
vt -0.300000 0.030855 0.000000
vt 0.000066 0.026111 0.000000
vt -0.300000 0.000000 0.000000
vt 0.000065 0.000000 0.000000
vt 0.000066 -0.026111 0.000000
vt -0.300000 -0.030855 0.000000
vt 0.000070 -0.052597 0.000000
vt -0.300000 -0.061710 0.000000
vt 0.000078 -0.079397 0.000000
vt -0.300000 -0.092565 0.000000
vt 0.000092 -0.106451 0.000000
vt -0.300000 -0.123420 0.000000
vt 0.000111 -0.133698 0.000000
vt -0.300000 -0.154275 0.000000
vt 0.000138 -0.161080 0.000000
vt -0.300000 -0.185130 0.000000
vt 0.000174 -0.188546 0.000000
vt -0.300000 -0.215984 0.000000
vt 0.000219 -0.216050 0.000000
vt 0.000275 -0.243553 0.000000
vt -0.300000 -0.246839 0.000000
vt 0.000346 -0.271019 0.000000
vt -0.300000 -0.277694 0.000000
vt 0.000433 -0.298401 0.000000
vt -0.300000 -0.308549 0.000000
vt 0.000536 -0.325647 0.000000
vt -0.300000 -0.339404 0.000000
vt 0.000659 -0.352699 0.000000
vt -0.300000 -0.370259 0.000000
vt 0.000802 -0.379497 0.000000
vt -0.300000 -0.401114 0.000000
vt 0.000966 -0.405981 0.000000
vt -0.300000 -0.431969 0.000000
vt 0.001154 -0.432089 0.000000
vt 0.001371 -0.458202 0.000000
vt -0.300000 -0.462824 0.000000
vt 0.001621 -0.484688 0.000000
vt -0.300000 -0.493679 0.000000
vt 0.001907 -0.511487 0.000000
vt -0.300000 -0.524534 0.000000
vt 0.002230 -0.538539 0.000000
vt -0.300000 -0.555389 0.000000
vt 0.002592 -0.565784 0.000000
vt -0.300000 -0.586244 0.000000
vt 0.002995 -0.593163 0.000000
vt -0.300000 -0.617099 0.000000
vt 0.003441 -0.620625 0.000000
vt -0.300000 -0.647953 0.000000
vt 0.003931 -0.648124 0.000000
vt 0.004467 -0.675622 0.000000
vt -0.300000 -0.678808 0.000000
vt 0.005049 -0.703081 0.000000
vt -0.300000 -0.709663 0.000000
vt 0.005673 -0.730456 0.000000
vt -0.300000 -0.740518 0.000000
vt 0.006336 -0.757693 0.000000
vt -0.300000 -0.771373 0.000000
vt 0.007036 -0.784737 0.000000
vt -0.300000 -0.802228 0.000000
vt 0.007769 -0.811525 0.000000
vt -0.300000 -0.833083 0.000000
vt 0.008533 -0.837998 0.000000
vt -0.300000 -0.863938 0.000000
vt 0.009325 -0.864095 0.000000
vt 0.010155 -0.890195 0.000000
vt -0.300000 -0.894793 0.000000
vt 0.011032 -0.916668 0.000000
vt -0.300000 -0.925648 0.000000
vt 0.011951 -0.943453 0.000000
vt -0.300000 -0.956503 0.000000
vt 0.012907 -0.970491 0.000000
vt -0.300000 -0.987358 0.000000
vt 0.013897 -0.997720 0.000000
vt -0.300000 -1.018213 0.000000
vt 0.014914 -1.025084 0.000000
vt -0.300000 -1.049068 0.000000
vt 0.015954 -1.052531 0.000000
vt -0.300000 -1.079922 0.000000
vt 0.017013 -1.080015 0.000000
vt 0.018084 -1.107498 0.000000
vt -0.300000 -1.110777 0.000000
vt 0.019160 -1.134944 0.000000
vt -0.300000 -1.141632 0.000000
vt 0.020234 -1.162306 0.000000
vt -0.300000 -1.172487 0.000000
vt 0.021299 -1.189532 0.000000
vt -0.300000 -1.203342 0.000000
vt 0.022348 -1.216566 0.000000
vt -0.300000 -1.234197 0.000000
vt 0.023374 -1.243347 0.000000
vt -0.300000 -1.265052 0.000000
vt 0.024370 -1.269815 0.000000
vt -0.300000 -1.295907 0.000000
vt 0.025329 -1.295911 0.000000
vt 0.026259 -1.322004 0.000000
vt -0.300000 -1.326762 0.000000
vt 0.027170 -1.348474 0.000000
vt -0.300000 -1.357617 0.000000
vt 0.028053 -1.375259 0.000000
vt -0.300000 -1.388472 0.000000
vt 0.028902 -1.402298 0.000000
vt -0.300000 -1.419327 0.000000
vt 0.029709 -1.429533 0.000000
vt -0.300000 -1.450182 0.000000
vt 0.030468 -1.456904 0.000000
vt -0.300000 -1.481037 0.000000
vt 0.031170 -1.484361 0.000000
vt -0.300000 -1.511891 0.000000
vt 0.031809 -1.511856 0.000000
vt 0.032377 -1.539352 0.000000
vt -0.300000 -1.542746 0.000000
vt 0.032872 -1.566812 0.000000
vt -0.300000 -1.573601 0.000000
vt 0.033293 -1.594190 0.000000
vt -0.300000 -1.604456 0.000000
vt 0.033640 -1.621432 0.000000
vt -0.300000 -1.635311 0.000000
vt 0.033910 -1.648483 0.000000
vt -0.300000 -1.666166 0.000000
vt 0.034104 -1.675281 0.000000
vt -0.300000 -1.697021 0.000000
vt -0.300000 1.697021 0.000000
vt 0.000066 1.701764 0.000000
vt -0.300000 1.727876 0.000000
vt 0.000065 1.727876 0.000000
vt -0.300000 -1.727876 0.000000
vt 0.000065 -1.727876 0.000000
vt 0.000066 -1.701764 0.000000
vt 0.000070 1.675279 0.000000
vt -0.300000 1.666166 0.000000
vt 0.000078 1.648478 0.000000
vt -0.300000 1.635311 0.000000
vt 0.000092 1.621425 0.000000
vt -0.300000 1.604456 0.000000
vt 0.000111 1.594178 0.000000
vt -0.300000 1.573601 0.000000
vt 0.000138 1.566796 0.000000
vt -0.300000 1.542746 0.000000
vt 0.000174 1.539330 0.000000
vt -0.300000 1.511891 0.000000
vt 0.000219 1.511826 0.000000
vt 0.000275 1.484322 0.000000
vt -0.300000 1.481037 0.000000
vt 0.000346 1.456857 0.000000
vt -0.300000 1.450182 0.000000
vt 0.000433 1.429475 0.000000
vt -0.300000 1.419327 0.000000
vt 0.000536 1.402229 0.000000
vt -0.300000 1.388472 0.000000
vt 0.000659 1.375177 0.000000
vt -0.300000 1.357617 0.000000
vt 0.000802 1.348379 0.000000
vt -0.300000 1.326762 0.000000
vt 0.000966 1.321895 0.000000
vt -0.300000 1.295907 0.000000
vt 0.001154 1.295787 0.000000
vt 0.001371 1.269674 0.000000
vt -0.300000 1.265052 0.000000
vt 0.001621 1.243188 0.000000
vt -0.300000 1.234197 0.000000
vt 0.001907 1.216389 0.000000
vt -0.300000 1.203342 0.000000
vt 0.002230 1.189337 0.000000
vt -0.300000 1.172487 0.000000
vt 0.002592 1.162092 0.000000
vt -0.300000 1.141632 0.000000
vt 0.002995 1.134713 0.000000
vt -0.300000 1.110777 0.000000
vt 0.003441 1.107251 0.000000
vt -0.300000 1.079922 0.000000
vt 0.003931 1.079752 0.000000
vt 0.004467 1.052254 0.000000
vt -0.300000 1.049068 0.000000
vt 0.005049 1.024795 0.000000
vt -0.300000 1.018213 0.000000
vt 0.005673 0.997420 0.000000
vt -0.300000 0.987358 0.000000
vt 0.006336 0.970182 0.000000
vt -0.300000 0.956503 0.000000
vt 0.007036 0.943139 0.000000
vt -0.300000 0.925648 0.000000
vt 0.007769 0.916351 0.000000
vt -0.300000 0.894793 0.000000
vt 0.008533 0.889878 0.000000
vt -0.300000 0.863938 0.000000
vt 0.009325 0.863781 0.000000
vt 0.010155 0.837681 0.000000
vt -0.300000 0.833083 0.000000
vt 0.011032 0.811208 0.000000
vt -0.300000 0.802228 0.000000
vt 0.011951 0.784423 0.000000
vt -0.300000 0.771373 0.000000
vt 0.012907 0.757385 0.000000
vt -0.300000 0.740518 0.000000
vt 0.013897 0.730156 0.000000
vt -0.300000 0.709663 0.000000
vt 0.014914 0.702792 0.000000
vt -0.300000 0.678808 0.000000
vt 0.015954 0.675345 0.000000
vt -0.300000 0.647953 0.000000
vt 0.017013 0.647861 0.000000
vt 0.018084 0.620378 0.000000
vt -0.300000 0.617099 0.000000
vt 0.019160 0.592932 0.000000
vt -0.300000 0.586244 0.000000
vt 0.020234 0.565570 0.000000
vt -0.300000 0.555389 0.000000
vt 0.021299 0.538344 0.000000
vt -0.300000 0.524534 0.000000
vt 0.022348 0.511310 0.000000
vt -0.300000 0.493679 0.000000
vt 0.023374 0.484529 0.000000
vt -0.300000 0.462824 0.000000
vt 0.024370 0.458061 0.000000
vt -0.300000 0.431969 0.000000
vt 0.025329 0.431965 0.000000
vt 0.026259 0.405872 0.000000
vt -0.300000 0.401114 0.000000
vt 0.027170 0.379402 0.000000
vt -0.300000 0.370259 0.000000
vt 0.028053 0.352617 0.000000
vt -0.300000 0.339404 0.000000
vt 0.028902 0.325577 0.000000
vt -0.300000 0.308549 0.000000
vt 0.029709 0.298343 0.000000
vt -0.300000 0.277694 0.000000
vt 0.030468 0.270972 0.000000
vt -0.300000 0.246839 0.000000
vt 0.031170 0.243515 0.000000
vt -0.300000 0.215984 0.000000
vt 0.031809 0.216020 0.000000
vt 0.032377 0.188524 0.000000
vt -0.300000 0.185130 0.000000
vt 0.032872 0.161064 0.000000
vt -0.300000 0.154275 0.000000
vt 0.033293 0.133686 0.000000
vt -0.300000 0.123420 0.000000
vt 0.033640 0.106444 0.000000
vt -0.300000 0.092565 0.000000
vt 0.033910 0.079393 0.000000
vt -0.300000 0.061710 0.000000
vt 0.034104 0.052595 0.000000
vt -0.300000 0.030855 0.000000
vt 0.034222 0.026111 0.000000
vt -0.300000 0.000000 0.000000
vt 0.034261 0.000000 0.000000
vt 0.034222 -0.026111 0.000000
vt -0.300000 -0.030855 0.000000
vt 0.034104 -0.052595 0.000000
vt -0.300000 -0.061710 0.000000
vt 0.033910 -0.079393 0.000000
vt -0.300000 -0.092565 0.000000
vt 0.033640 -0.106444 0.000000
vt -0.300000 -0.123420 0.000000
vt 0.033293 -0.133686 0.000000
vt -0.300000 -0.154275 0.000000
vt 0.032872 -0.161064 0.000000
vt -0.300000 -0.185130 0.000000
vt 0.032377 -0.188524 0.000000
vt -0.300000 -0.215984 0.000000
vt 0.031809 -0.216020 0.000000
vt 0.031170 -0.243515 0.000000
vt -0.300000 -0.246839 0.000000
vt 0.030468 -0.270972 0.000000
vt -0.300000 -0.277694 0.000000
vt 0.029709 -0.298343 0.000000
vt -0.300000 -0.308549 0.000000
vt 0.028902 -0.325577 0.000000
vt -0.300000 -0.339404 0.000000
vt 0.028053 -0.352617 0.000000
vt -0.300000 -0.370259 0.000000
vt 0.027170 -0.379402 0.000000
vt -0.300000 -0.401114 0.000000
vt 0.026259 -0.405872 0.000000
vt -0.300000 -0.431969 0.000000
vt 0.025329 -0.431965 0.000000
vt 0.024370 -0.458061 0.000000
vt -0.300000 -0.462824 0.000000
vt 0.023374 -0.484529 0.000000
vt -0.300000 -0.493679 0.000000
vt 0.022348 -0.511310 0.000000
vt -0.300000 -0.524534 0.000000
vt 0.021299 -0.538344 0.000000
vt -0.300000 -0.555389 0.000000
vt 0.020234 -0.565570 0.000000
vt -0.300000 -0.586244 0.000000
vt 0.019160 -0.592932 0.000000
vt -0.300000 -0.617099 0.000000
vt 0.018084 -0.620378 0.000000
vt -0.300000 -0.647953 0.000000
vt 0.017013 -0.647861 0.000000
vt 0.015954 -0.675345 0.000000
vt -0.300000 -0.678808 0.000000
vt 0.014914 -0.702792 0.000000
vt -0.300000 -0.709663 0.000000
vt 0.013897 -0.730156 0.000000
vt -0.300000 -0.740518 0.000000
vt 0.012907 -0.757385 0.000000
vt -0.300000 -0.771373 0.000000
vt 0.011951 -0.784423 0.000000
vt -0.300000 -0.802228 0.000000
vt 0.011032 -0.811208 0.000000
vt -0.300000 -0.833083 0.000000
vt 0.010155 -0.837681 0.000000
vt -0.300000 -0.863938 0.000000
vt 0.009325 -0.863781 0.000000
vt 0.008533 -0.889878 0.000000
vt -0.300000 -0.894793 0.000000
vt 0.007769 -0.916351 0.000000
vt -0.300000 -0.925648 0.000000
vt 0.007036 -0.943139 0.000000
vt -0.300000 -0.956503 0.000000
vt 0.006336 -0.970182 0.000000
vt -0.300000 -0.987358 0.000000
vt 0.005673 -0.997420 0.000000
vt -0.300000 -1.018213 0.000000
vt 0.005049 -1.024795 0.000000
vt -0.300000 -1.049068 0.000000
vt 0.004467 -1.052254 0.000000
vt -0.300000 -1.079922 0.000000
vt 0.003931 -1.079752 0.000000
vt 0.003441 -1.107251 0.000000
vt -0.300000 -1.110777 0.000000
vt 0.002995 -1.134713 0.000000
vt -0.300000 -1.141632 0.000000
vt 0.002592 -1.162092 0.000000
vt -0.300000 -1.172487 0.000000
vt 0.002230 -1.189337 0.000000
vt -0.300000 -1.203342 0.000000
vt 0.001907 -1.216389 0.000000
vt -0.300000 -1.234197 0.000000
vt 0.001621 -1.243188 0.000000
vt -0.300000 -1.265052 0.000000
vt 0.001371 -1.269674 0.000000
vt -0.300000 -1.295907 0.000000
vt 0.001154 -1.295787 0.000000
vt 0.000966 -1.321895 0.000000
vt -0.300000 -1.326762 0.000000
vt 0.000802 -1.348379 0.000000
vt -0.300000 -1.357617 0.000000
vt 0.000659 -1.375177 0.000000
vt -0.300000 -1.388472 0.000000
vt 0.000536 -1.402229 0.000000
vt -0.300000 -1.419327 0.000000
vt 0.000433 -1.429475 0.000000
vt -0.300000 -1.450182 0.000000
vt 0.000346 -1.456857 0.000000
vt -0.300000 -1.481037 0.000000
vt 0.000275 -1.484322 0.000000
vt -0.300000 -1.511891 0.000000
vt 0.000219 -1.511826 0.000000
vt 0.000174 -1.539330 0.000000
vt -0.300000 -1.542746 0.000000
vt 0.000138 -1.566796 0.000000
vt -0.300000 -1.573601 0.000000
vt 0.000111 -1.594178 0.000000
vt -0.300000 -1.604456 0.000000
vt 0.000092 -1.621425 0.000000
vt -0.300000 -1.635311 0.000000
vt 0.000078 -1.648478 0.000000
vt -0.300000 -1.666166 0.000000
vt 0.000070 -1.675279 0.000000
vt -0.300000 -1.697021 0.000000
vt 2.099900 -0.148447 0.000000
vt 1.855478 -0.148447 0.000000
vt 2.099900 -0.160818 0.000000
vt 1.611056 -0.148447 0.000000
vt 1.366633 -0.148447 0.000000
vt 1.366633 -0.136076 0.000000
vt 1.122211 -0.136076 0.000000
vt 1.122211 -0.123706 0.000000
vt 0.877789 -0.123706 0.000000
vt 0.877789 -0.111335 0.000000
vt 0.633367 -0.111335 0.000000
vt 0.633367 -0.098965 0.000000
vt 0.388944 -0.098965 0.000000
vt 0.388944 -0.086594 0.000000
vt 0.144522 -0.086594 0.000000
vt 0.144522 -0.074223 0.000000
vt -0.099900 -0.074223 0.000000
vt -0.099900 -0.061853 0.000000
vt 0.144522 -0.061853 0.000000
vt -0.099900 -0.049482 0.000000
vt 0.144522 -0.049482 0.000000
vt -0.099900 -0.037112 0.000000
vt 0.144522 -0.037112 0.000000
vt -0.099900 -0.024741 0.000000
vt 0.144522 -0.024741 0.000000
vt -0.099900 -0.012371 0.000000
vt 0.144522 -0.012371 0.000000
vt -0.099900 0.000000 0.000000
vt 0.388944 -0.012371 0.000000
vt 0.633367 -0.012371 0.000000
vt 0.633367 -0.024741 0.000000
vt 0.877789 -0.024741 0.000000
vt 0.877789 -0.037112 0.000000
vt 1.122211 -0.037112 0.000000
vt 1.122211 -0.049482 0.000000
vt 1.366633 -0.049482 0.000000
vt 1.366633 -0.061853 0.000000
vt 1.611056 -0.061853 0.000000
vt 1.611056 -0.074223 0.000000
vt 1.855478 -0.074223 0.000000
vt 1.855478 -0.086594 0.000000
vt 2.099900 -0.086594 0.000000
vt 2.099900 -0.098965 0.000000
vt 1.855478 -0.098965 0.000000
vt 2.099900 -0.111335 0.000000
vt 1.855478 -0.111335 0.000000
vt 2.099900 -0.123706 0.000000
vt 1.855478 -0.123706 0.000000
vt 2.099900 -0.136076 0.000000
vt 1.855478 -0.136076 0.000000
vt 2.099900 -0.074223 0.000000
vt 1.855478 -0.061853 0.000000
vt 1.611056 -0.049482 0.000000
vt 1.366633 -0.037112 0.000000
vt 1.122211 -0.024741 0.000000
vt 0.877789 -0.012371 0.000000
vt 2.099900 -0.061853 0.000000
vt 1.855478 -0.049482 0.000000
vt 1.611056 -0.037112 0.000000
vt 1.366633 -0.024741 0.000000
vt 1.122211 -0.012371 0.000000
vt 2.099900 -0.049482 0.000000
vt 1.855478 -0.037112 0.000000
vt 1.611056 -0.024741 0.000000
vt 1.366633 -0.012371 0.000000
vt 2.099900 0.000000 0.000000
vt 2.099900 -0.037112 0.000000
vt 1.855478 -0.024741 0.000000
vt 1.611056 -0.012371 0.000000
vt 2.099900 -0.024741 0.000000
vt 1.855478 -0.012371 0.000000
vt 2.099900 -0.012371 0.000000
vt -0.099900 -0.086594 0.000000
vt 0.144522 -0.098965 0.000000
vt 0.388944 -0.111335 0.000000
vt 0.633367 -0.123706 0.000000
vt 0.877789 -0.136076 0.000000
vt 1.122211 -0.148447 0.000000
vt -0.099900 -0.098965 0.000000
vt 0.144522 -0.111335 0.000000
vt 0.388944 -0.123706 0.000000
vt 0.633367 -0.136076 0.000000
vt 0.877789 -0.148447 0.000000
vt -0.099900 -0.111335 0.000000
vt 0.144522 -0.123706 0.000000
vt 0.388944 -0.136076 0.000000
vt 0.633367 -0.148447 0.000000
vt -0.099900 -0.160818 0.000000
vt -0.099900 -0.123706 0.000000
vt 0.144522 -0.136076 0.000000
vt 0.388944 -0.148447 0.000000
vt -0.099900 -0.136076 0.000000
vt 0.144522 -0.148447 0.000000
vt -0.099900 -0.148447 0.000000
vt 1.611056 -0.136076 0.000000
vt 1.611056 -0.123706 0.000000
vt 1.611056 -0.111335 0.000000
vt 1.611056 -0.098965 0.000000
vt 1.611056 -0.086594 0.000000
vt 1.366633 -0.123706 0.000000
vt 1.122211 -0.111335 0.000000
vt 0.877789 -0.098965 0.000000
vt 0.633367 -0.086594 0.000000
vt 0.388944 -0.074223 0.000000
vt 1.366633 -0.111335 0.000000
vt 1.366633 -0.098965 0.000000
vt 1.366633 -0.086594 0.000000
vt 1.366633 -0.074223 0.000000
vt 1.122211 -0.098965 0.000000
vt 0.877789 -0.086594 0.000000
vt 0.633367 -0.074223 0.000000
vt 0.388944 -0.061853 0.000000
vt 1.122211 -0.086594 0.000000
vt 1.122211 -0.074223 0.000000
vt 1.122211 -0.061853 0.000000
vt 0.877789 -0.074223 0.000000
vt 0.633367 -0.061853 0.000000
vt 0.388944 -0.049482 0.000000
vt 0.877789 -0.061853 0.000000
vt 0.877789 -0.049482 0.000000
vt 0.633367 -0.049482 0.000000
vt 0.388944 -0.037112 0.000000
vt 0.633367 -0.037112 0.000000
vt 0.388944 -0.024741 0.000000
vt 2.099900 0.000000 0.000000
vt -0.099900 0.000000 0.000000
vt 2.099900 -0.174736 0.000000
vt -0.099900 -0.174736 0.000000
vt -0.099900 -0.349471 0.000000
vt 2.099900 -0.349471 0.000000
vt -0.099900 -0.524207 0.000000
vt 2.099900 -0.524207 0.000000
vt 1.000000 -0.596676 0.000000
vt 1.026100 -0.597326 0.000000
vt -0.099900 -0.698943 0.000000
vt 0.867657 -0.612999 0.000000
vt 0.894248 -0.607109 0.000000
vt 0.920901 -0.602537 0.000000
vt -0.099900 -0.873678 0.000000
vt 0.593107 -0.776939 0.000000
vt 0.611094 -0.758013 0.000000
vt 0.629995 -0.740004 0.000000
vt -0.099900 -1.048414 0.000000
vt 0.482044 -0.962231 0.000000
vt 0.491902 -0.936558 0.000000
vt 0.503078 -0.911430 0.000000
vt -0.099900 -1.223150 0.000000
vt 0.450000 -1.147103 0.000000
vt 0.450655 -1.121001 0.000000
vt 0.452609 -1.094591 0.000000
vt -0.099900 -1.397885 0.000000
vt 0.473435 -1.305867 0.000000
vt 0.466245 -1.279455 0.000000
vt 0.460375 -1.252859 0.000000
vt -0.099900 -1.572621 0.000000
vt 0.559222 -1.476088 0.000000
vt 0.543606 -1.454007 0.000000
vt 0.528966 -1.431040 0.000000
vt -0.099900 -1.747357 0.000000
vt 0.764341 -1.644281 0.000000
vt 0.739856 -1.631849 0.000000
vt 0.716092 -1.618263 0.000000
vt -0.099900 -1.922092 0.000000
vt 0.789464 -1.839248 0.000000
vt 0.815134 -1.829386 0.000000
vt 0.841236 -1.820856 0.000000
vt -0.099900 -2.096828 0.000000
vt 0.559222 -2.018625 0.000000
vt 0.575721 -1.997514 0.000000
vt 0.593012 -1.977457 0.000000
vt -0.099900 -2.271564 0.000000
vt 0.473435 -2.188846 0.000000
vt 0.481952 -2.162740 0.000000
vt 0.491801 -2.137065 0.000000
vt -0.099900 -2.446299 0.000000
vt 0.450000 -2.347610 0.000000
vt 0.450640 -2.321512 0.000000
vt 0.452579 -2.295104 0.000000
vt -0.099900 -2.621035 0.000000
vt 0.482044 -2.532482 0.000000
vt 0.473518 -2.506379 0.000000
vt 0.466316 -2.479968 0.000000
vt -0.099900 -2.795771 0.000000
vt 0.575822 -2.697712 0.000000
vt 0.559327 -2.676598 0.000000
vt 0.543715 -2.654515 0.000000
vt -0.099900 -2.970506 0.000000
vt 0.815156 -2.865960 0.000000
vt 0.789491 -2.856085 0.000000
vt 0.764375 -2.844888 0.000000
vt -0.099900 -3.145242 0.000000
vt 2.099900 -2.970506 0.000000
vt 1.000000 -2.898037 0.000000
vt 0.973900 -2.897388 0.000000
vt 2.099900 -3.145242 0.000000
vt -0.099900 -3.319978 0.000000
vt 2.099900 -3.319978 0.000000
vt 2.099900 -3.494713 0.000000
vt -0.099900 -3.494713 0.000000
vt 2.099900 -2.795771 0.000000
vt 1.132343 -2.881715 0.000000
vt 1.105752 -2.887605 0.000000
vt 1.079099 -2.892177 0.000000
vt 2.099900 -2.621035 0.000000
vt 1.406893 -2.717774 0.000000
vt 1.388906 -2.736700 0.000000
vt 1.370005 -2.754710 0.000000
vt 2.099900 -2.446299 0.000000
vt 1.517956 -2.532482 0.000000
vt 1.508098 -2.558156 0.000000
vt 1.496922 -2.583283 0.000000
vt 2.099900 -2.271564 0.000000
vt 1.550000 -2.347610 0.000000
vt 1.549345 -2.373712 0.000000
vt 1.547391 -2.400122 0.000000
vt 2.099900 -2.096828 0.000000
vt 1.526565 -2.188846 0.000000
vt 1.533755 -2.215258 0.000000
vt 1.539625 -2.241854 0.000000
vt 2.099900 -1.922092 0.000000
vt 1.440778 -2.018625 0.000000
vt 1.456394 -2.040706 0.000000
vt 1.471034 -2.063674 0.000000
vt 2.099900 -1.747357 0.000000
vt 1.235659 -1.850433 0.000000
vt 1.260144 -1.862864 0.000000
vt 1.283908 -1.876451 0.000000
vt 2.099900 -1.572621 0.000000
vt 1.210536 -1.655465 0.000000
vt 1.184866 -1.665328 0.000000
vt 1.158764 -1.673858 0.000000
vt 2.099900 -1.397885 0.000000
vt 1.440778 -1.476088 0.000000
vt 1.424279 -1.497199 0.000000
vt 1.406987 -1.517256 0.000000
vt 2.099900 -1.223150 0.000000
vt 1.526565 -1.305867 0.000000
vt 1.518048 -1.331973 0.000000
vt 1.508199 -1.357648 0.000000
vt 2.099900 -1.048414 0.000000
vt 1.550000 -1.147103 0.000000
vt 1.549360 -1.173202 0.000000
vt 1.547421 -1.199609 0.000000
vt 2.099900 -0.873678 0.000000
vt 1.517956 -0.962231 0.000000
vt 1.526482 -0.988335 0.000000
vt 1.533684 -1.014746 0.000000
vt 2.099900 -0.698943 0.000000
vt 1.406893 -0.776939 0.000000
vt 1.424178 -0.797001 0.000000
vt 1.440673 -0.818115 0.000000
vt 1.132343 -0.612999 0.000000
vt 1.158748 -0.620212 0.000000
vt 1.184844 -0.628753 0.000000
vt 0.947493 -2.895436 0.000000
vt 0.920901 -2.892177 0.000000
vt 0.894248 -2.887605 0.000000
vt 0.867657 -2.881715 0.000000
vt 0.841252 -2.874502 0.000000
vt 0.739897 -2.832443 0.000000
vt 0.716141 -2.818843 0.000000
vt 0.693189 -2.804178 0.000000
vt 0.671126 -2.788540 0.000000
vt 0.650033 -2.772020 0.000000
vt 0.629995 -2.754710 0.000000
vt 0.611094 -2.736700 0.000000
vt 0.593107 -2.717774 0.000000
vt 0.529076 -2.631546 0.000000
vt 0.515500 -2.607774 0.000000
vt 0.503078 -2.583283 0.000000
vt 0.491902 -2.558156 0.000000
vt 0.460434 -2.453373 0.000000
vt 0.455867 -2.426717 0.000000
vt 0.452609 -2.400122 0.000000
vt 0.450655 -2.373712 0.000000
vt 0.455822 -2.268511 0.000000
vt 0.460375 -2.241854 0.000000
vt 0.466245 -2.215258 0.000000
vt 0.502972 -2.111937 0.000000
vt 0.515391 -2.087445 0.000000
vt 0.528966 -2.063674 0.000000
vt 0.543606 -2.040706 0.000000
vt 0.611006 -1.958537 0.000000
vt 0.629914 -1.940536 0.000000
vt 0.649960 -1.923236 0.000000
vt 0.671061 -1.906728 0.000000
vt 0.693132 -1.891103 0.000000
vt 0.716092 -1.876451 0.000000
vt 0.739856 -1.862864 0.000000
vt 0.764341 -1.850433 0.000000
vt 0.867646 -1.813653 0.000000
vt 0.894241 -1.807772 0.000000
vt 0.920897 -1.803207 0.000000
vt 0.947491 -1.799953 0.000000
vt 0.973900 -1.798005 0.000000
vt 1.000000 -1.797357 0.000000
vt 1.026100 -1.798005 0.000000
vt 1.052509 -1.799953 0.000000
vt 1.079103 -1.803207 0.000000
vt 1.105759 -1.807772 0.000000
vt 1.132354 -1.813653 0.000000
vt 1.158764 -1.820856 0.000000
vt 1.184866 -1.829386 0.000000
vt 1.210536 -1.839248 0.000000
vt 1.306868 -1.891103 0.000000
vt 1.328939 -1.906728 0.000000
vt 1.350040 -1.923236 0.000000
vt 1.370086 -1.940536 0.000000
vt 1.388994 -1.958537 0.000000
vt 1.406987 -1.977457 0.000000
vt 1.424279 -1.997514 0.000000
vt 1.484609 -2.087445 0.000000
vt 1.497028 -2.111937 0.000000
vt 1.508199 -2.137065 0.000000
vt 1.518048 -2.162740 0.000000
vt 1.544178 -2.268511 0.000000
vt 1.547421 -2.295104 0.000000
vt 1.549360 -2.321512 0.000000
vt 1.544133 -2.426717 0.000000
vt 1.539565 -2.453373 0.000000
vt 1.533684 -2.479968 0.000000
vt 1.526482 -2.506379 0.000000
vt 1.484500 -2.607774 0.000000
vt 1.470924 -2.631546 0.000000
vt 1.456285 -2.654515 0.000000
vt 1.440673 -2.676598 0.000000
vt 1.424178 -2.697712 0.000000
vt 1.349967 -2.772020 0.000000
vt 1.328874 -2.788540 0.000000
vt 1.306811 -2.804178 0.000000
vt 1.283859 -2.818843 0.000000
vt 1.260103 -2.832443 0.000000
vt 1.235625 -2.844888 0.000000
vt 1.210509 -2.856085 0.000000
vt 1.184844 -2.865960 0.000000
vt 1.158748 -2.874502 0.000000
vt 1.052507 -2.895436 0.000000
vt 1.026100 -2.897388 0.000000
vt 0.973900 -1.696708 0.000000
vt 1.000000 -1.697357 0.000000
vt 1.026100 -1.696708 0.000000
vt 1.052509 -1.694760 0.000000
vt 1.079103 -1.691506 0.000000
vt 1.105759 -1.686942 0.000000
vt 1.132354 -1.681060 0.000000
vt 0.947491 -1.694760 0.000000
vt 0.920897 -1.691506 0.000000
vt 0.894241 -1.686942 0.000000
vt 0.867646 -1.681060 0.000000
vt 0.841236 -1.673858 0.000000
vt 0.815134 -1.665328 0.000000
vt 0.789464 -1.655465 0.000000
vt 0.693132 -1.603611 0.000000
vt 0.671061 -1.587985 0.000000
vt 0.649960 -1.571477 0.000000
vt 0.629914 -1.554177 0.000000
vt 0.611006 -1.536176 0.000000
vt 0.593012 -1.517256 0.000000
vt 0.575721 -1.497199 0.000000
vt 0.515391 -1.407268 0.000000
vt 0.502972 -1.382777 0.000000
vt 0.491801 -1.357648 0.000000
vt 0.481952 -1.331973 0.000000
vt 0.455822 -1.226203 0.000000
vt 0.452579 -1.199609 0.000000
vt 0.450640 -1.173202 0.000000
vt 0.455867 -1.067997 0.000000
vt 0.460434 -1.041341 0.000000
vt 0.466316 -1.014746 0.000000
vt 0.473518 -0.988335 0.000000
vt 0.515500 -0.886939 0.000000
vt 0.529076 -0.863168 0.000000
vt 0.543715 -0.840199 0.000000
vt 0.559327 -0.818115 0.000000
vt 0.575822 -0.797001 0.000000
vt 0.650033 -0.722693 0.000000
vt 0.671126 -0.706174 0.000000
vt 0.693189 -0.690536 0.000000
vt 0.716141 -0.675871 0.000000
vt 0.739897 -0.662270 0.000000
vt 0.764375 -0.649826 0.000000
vt 0.789491 -0.638628 0.000000
vt 0.815156 -0.628753 0.000000
vt 0.841252 -0.620212 0.000000
vt 0.947493 -0.599278 0.000000
vt 0.973900 -0.597326 0.000000
vt 1.052507 -0.599278 0.000000
vt 1.079099 -0.602537 0.000000
vt 1.105752 -0.607109 0.000000
vt 1.210509 -0.638628 0.000000
vt 1.235625 -0.649826 0.000000
vt 1.260103 -0.662270 0.000000
vt 1.283859 -0.675871 0.000000
vt 1.306811 -0.690536 0.000000
vt 1.328874 -0.706174 0.000000
vt 1.349967 -0.722693 0.000000
vt 1.370005 -0.740004 0.000000
vt 1.388906 -0.758013 0.000000
vt 1.456285 -0.840199 0.000000
vt 1.470924 -0.863168 0.000000
vt 1.484500 -0.886939 0.000000
vt 1.496922 -0.911430 0.000000
vt 1.508098 -0.936558 0.000000
vt 1.539565 -1.041341 0.000000
vt 1.544133 -1.067997 0.000000
vt 1.547391 -1.094591 0.000000
vt 1.549345 -1.121001 0.000000
vt 1.544178 -1.226203 0.000000
vt 1.539625 -1.252859 0.000000
vt 1.533755 -1.279455 0.000000
vt 1.497028 -1.382777 0.000000
vt 1.484609 -1.407268 0.000000
vt 1.471034 -1.431040 0.000000
vt 1.456394 -1.454007 0.000000
vt 1.388994 -1.536176 0.000000
vt 1.370086 -1.554177 0.000000
vt 1.350040 -1.571477 0.000000
vt 1.328939 -1.587985 0.000000
vt 1.306868 -1.603611 0.000000
vt 1.283908 -1.618263 0.000000
vt 1.260144 -1.631849 0.000000
vt 1.235659 -1.644281 0.000000
vn -0.100000 0.000000 0.000000
vn -0.100000 0.000000 0.000000
vn -0.100000 0.000000 0.000000
vn -0.100000 0.000000 0.000000
vn -0.100000 0.000000 0.000000
vn -0.100000 0.000000 0.000000
vn -0.100000 0.000000 0.000000
vn -0.100000 0.000000 0.000000
vn 0.000000 -0.100000 0.000000
vn 0.000000 -0.100000 0.000000
vn 0.000000 -0.100000 0.000000
vn 0.000000 -0.100000 0.000000
vn 0.000000 -0.100000 0.000000
vn 0.000000 -0.100000 0.000000
vn 0.000000 -0.100000 0.000000
vn 0.000000 -0.100000 0.000000
vn 0.000000 -0.100000 0.000000
vn 0.000000 -0.100000 0.000000
vn 0.000000 -0.100000 0.000000
vn 0.000000 -0.100000 0.000000
vn 0.000000 -0.100000 0.000000
vn 0.000000 -0.100000 0.000000
vn 0.000000 -0.100000 0.000000
vn 0.000000 -0.100000 0.000000
vn 0.000000 -0.100000 0.000000
vn 0.000000 -0.100000 0.000000
vn 0.000000 -0.100000 0.000000
vn 0.000000 -0.100000 0.000000
vn 0.000000 -0.100000 0.000000
vn 0.000000 -0.100000 0.000000
vn 0.000000 -0.100000 0.000000
vn 0.000000 -0.100000 0.000000
vn 0.000000 -0.100000 0.000000
vn 0.000000 -0.100000 0.000000
vn 0.000000 -0.100000 0.000000
vn 0.000000 -0.100000 0.000000
vn 0.000000 -0.100000 0.000000
vn 0.000000 -0.100000 0.000000
vn 0.000000 -0.100000 0.000000
vn 0.000000 -0.100000 0.000000
vn 0.000000 -0.100000 0.000000
vn 0.000000 -0.100000 0.000000
vn 0.000000 -0.100000 0.000000
vn 0.000000 -0.100000 0.000000
vn 0.000000 -0.100000 0.000000
vn 0.000000 -0.100000 0.000000
vn 0.000000 -0.100000 0.000000
vn 0.000000 -0.100000 0.000000
vn 0.000000 -0.100000 0.000000
vn 0.000000 -0.100000 0.000000
vn 0.000000 -0.100000 0.000000
vn 0.000000 -0.100000 0.000000
vn 0.000000 -0.100000 0.000000
vn 0.000000 -0.100000 0.000000
vn 0.000000 -0.100000 0.000000
vn 0.000000 -0.100000 0.000000
vn 0.000000 -0.100000 0.000000
vn 0.000000 -0.100000 0.000000
vn 0.000000 -0.100000 0.000000
vn 0.000000 -0.100000 0.000000
vn 0.000000 -0.100000 0.000000
vn 0.000000 -0.100000 0.000000
vn 0.000000 -0.100000 0.000000
vn 0.000000 -0.100000 0.000000
vn 0.000000 -0.100000 0.000000
vn 0.000000 -0.100000 0.000000
vn 0.000000 -0.100000 0.000000
vn 0.000000 -0.100000 0.000000
vn 0.000000 -0.100000 0.000000
vn 0.000000 -0.100000 0.000000
vn 0.000000 -0.100000 0.000000
vn 0.000000 -0.100000 0.000000
vn 0.000000 -0.100000 0.000000
vn 0.000000 -0.100000 0.000000
vn 0.000000 -0.100000 0.000000
vn 0.000000 -0.100000 0.000000
vn 0.000000 -0.100000 0.000000
vn 0.000000 -0.100000 0.000000
vn 0.000000 -0.100000 0.000000
vn 0.000000 -0.100000 0.000000
vn 0.000000 -0.100000 0.000000
vn 0.000000 -0.100000 0.000000
vn 0.000000 -0.100000 0.000000
vn 0.000000 -0.100000 0.000000
vn -0.000000 0.100000 -0.000000
vn -0.000000 0.100000 -0.000000
vn -0.000000 0.100000 -0.000000
vn -0.000000 0.100000 -0.000000
vn -0.000000 0.100000 -0.000000
vn -0.000000 0.100000 -0.000000
vn -0.000000 0.100000 -0.000000
vn -0.000000 0.100000 -0.000000
vn -0.000000 0.100000 -0.000000
vn -0.000000 0.100000 -0.000000
vn -0.000000 0.100000 -0.000000
vn -0.000000 0.100000 -0.000000
vn -0.000000 0.100000 -0.000000
vn -0.000000 0.100000 -0.000000
vn -0.000000 0.100000 -0.000000
vn -0.000000 0.100000 -0.000000
vn -0.000000 0.100000 -0.000000
vn -0.000000 0.100000 -0.000000
vn -0.000000 0.100000 -0.000000
vn -0.000000 0.100000 -0.000000
vn -0.000000 0.100000 -0.000000
vn -0.000000 0.100000 -0.000000
vn -0.000000 0.100000 -0.000000
vn -0.000000 0.100000 -0.000000
vn -0.000000 0.100000 -0.000000
vn -0.000000 0.100000 -0.000000
vn -0.000000 0.100000 -0.000000
vn -0.000000 0.100000 -0.000000
vn -0.000000 0.100000 -0.000000
vn -0.000000 0.100000 -0.000000
vn -0.000000 0.100000 -0.000000
vn -0.000000 0.100000 -0.000000
vn -0.000000 0.100000 -0.000000
vn -0.000000 0.100000 -0.000000
vn -0.000000 0.100000 -0.000000
vn -0.000000 0.100000 -0.000000
vn -0.000000 0.100000 -0.000000
vn -0.000000 0.100000 -0.000000
vn -0.000000 0.100000 -0.000000
vn -0.000000 0.100000 -0.000000
vn -0.000000 0.100000 -0.000000
vn -0.000000 0.100000 -0.000000
vn -0.000000 0.100000 -0.000000
vn -0.000000 0.100000 -0.000000
vn -0.000000 0.100000 -0.000000
vn -0.000000 0.100000 -0.000000
vn -0.000000 0.100000 -0.000000
vn -0.000000 0.100000 -0.000000
vn -0.000000 0.100000 -0.000000
vn -0.000000 0.100000 -0.000000
vn -0.000000 0.100000 -0.000000
vn -0.000000 0.100000 -0.000000
vn -0.000000 0.100000 -0.000000
vn -0.000000 0.100000 -0.000000
vn -0.000000 0.100000 -0.000000
vn -0.000000 0.100000 -0.000000
vn -0.000000 0.100000 -0.000000
vn -0.000000 0.100000 -0.000000
vn -0.000000 0.100000 -0.000000
vn -0.000000 0.100000 -0.000000
vn -0.000000 0.100000 -0.000000
vn -0.000000 0.100000 -0.000000
vn -0.000000 0.100000 -0.000000
vn -0.000000 0.100000 -0.000000
vn -0.000000 0.100000 -0.000000
vn -0.000000 0.100000 -0.000000
vn -0.000000 0.100000 -0.000000
vn -0.000000 0.100000 -0.000000
vn -0.000000 0.100000 -0.000000
vn -0.000000 0.100000 -0.000000
vn -0.000000 0.100000 -0.000000
vn -0.000000 0.100000 -0.000000
vn -0.000000 0.100000 -0.000000
vn -0.000000 0.100000 -0.000000
vn -0.000000 0.100000 -0.000000
vn -0.000000 0.100000 -0.000000
vn 0.100000 0.000000 0.000000
vn 0.100000 0.000000 0.000000
vn 0.100000 0.000000 0.000000
vn 0.100000 0.000000 0.000000
vn 0.100000 0.000000 0.000000
vn 0.100000 0.000000 0.000000
vn 0.100000 0.000000 0.000000
vn 0.100000 0.000000 0.000000
vn 0.000059 0.000000 -0.100000
vn -0.000000 0.000000 -0.100000
vn -0.000000 0.000000 -0.100000
vn -0.000059 0.000000 -0.100000
vn -0.000125 0.000000 -0.100000
vn -0.000195 0.000000 -0.100000
vn -0.000271 0.000000 -0.100000
vn -0.000351 0.000000 -0.099999
vn -0.000436 0.000000 -0.099999
vn -0.000905 0.000000 -0.099996
vn -0.000525 0.000000 -0.099999
vn -0.000618 0.000000 -0.099998
vn -0.000713 0.000000 -0.099997
vn -0.000813 0.000000 -0.099997
vn -0.000918 0.000000 -0.099996
vn -0.001028 0.000000 -0.099995
vn -0.001143 0.000000 -0.099993
vn -0.001262 0.000000 -0.099992
vn -0.001386 0.000000 -0.099990
vn -0.001809 0.000000 -0.099984
vn -0.001512 0.000000 -0.099989
vn -0.001643 0.000000 -0.099987
vn -0.001776 0.000000 -0.099984
vn -0.001912 0.000000 -0.099982
vn -0.002050 0.000000 -0.099979
vn -0.002189 0.000000 -0.099976
vn -0.002330 0.000000 -0.099973
vn -0.002713 0.000000 -0.099963
vn -0.002472 0.000000 -0.099969
vn -0.002614 0.000000 -0.099966
vn -0.002755 0.000000 -0.099962
vn -0.002896 0.000000 -0.099958
vn -0.003035 0.000000 -0.099954
vn -0.003174 0.000000 -0.099950
vn -0.003617 0.000000 -0.099935
vn -0.003313 0.000000 -0.099945
vn -0.003454 0.000000 -0.099940
vn -0.003596 0.000000 -0.099935
vn -0.003738 0.000000 -0.099930
vn -0.003879 0.000000 -0.099925
vn -0.004020 0.000000 -0.099919
vn -0.004521 0.000000 -0.099898
vn -0.004159 0.000000 -0.099913
vn -0.004297 0.000000 -0.099908
vn -0.004432 0.000000 -0.099902
vn -0.004564 0.000000 -0.099896
vn -0.004694 0.000000 -0.099890
vn -0.004820 0.000000 -0.099884
vn -0.004942 0.000000 -0.099878
vn -0.005425 0.000000 -0.099853
vn -0.005061 0.000000 -0.099872
vn -0.005174 0.000000 -0.099866
vn -0.005283 0.000000 -0.099860
vn -0.005387 0.000000 -0.099855
vn -0.005486 0.000000 -0.099849
vn -0.005581 0.000000 -0.099844
vn -0.005673 0.000000 -0.099839
vn -0.005761 0.000000 -0.099834
vn -0.005845 0.000000 -0.099829
vn -0.006328 0.000000 -0.099800
vn -0.005924 0.000000 -0.099824
vn -0.005999 0.000000 -0.099820
vn -0.006069 0.000000 -0.099816
vn -0.006133 0.000000 -0.099812
vn -0.006191 0.000000 -0.099808
vn -0.006243 0.000000 -0.099805
vn -0.006289 0.000000 -0.099802
vn -0.006328 0.000000 -0.099800
vn -0.006362 0.000000 -0.099797
vn -0.006389 0.000000 -0.099796
vn -0.006410 0.000000 -0.099794
vn -0.006425 0.000000 -0.099793
vn -0.007230 0.000000 -0.099738
vn -0.006434 0.000000 -0.099793
vn -0.006437 0.000000 -0.099793
vn -0.007230 0.000000 -0.099738
vn -0.006434 0.000000 -0.099793
vn -0.006425 0.000000 -0.099793
vn -0.006328 0.000000 -0.099800
vn -0.006410 0.000000 -0.099794
vn -0.006389 0.000000 -0.099796
vn -0.006362 0.000000 -0.099797
vn -0.006328 0.000000 -0.099800
vn -0.006289 0.000000 -0.099802
vn -0.006243 0.000000 -0.099805
vn -0.006191 0.000000 -0.099808
vn -0.006133 0.000000 -0.099812
vn -0.006069 0.000000 -0.099816
vn -0.005999 0.000000 -0.099820
vn -0.005924 0.000000 -0.099824
vn -0.005845 0.000000 -0.099829
vn -0.005425 0.000000 -0.099853
vn -0.005761 0.000000 -0.099834
vn -0.005673 0.000000 -0.099839
vn -0.005581 0.000000 -0.099844
vn -0.005486 0.000000 -0.099849
vn -0.005387 0.000000 -0.099855
vn -0.005283 0.000000 -0.099860
vn -0.005174 0.000000 -0.099866
vn -0.005061 0.000000 -0.099872
vn -0.004942 0.000000 -0.099878
vn -0.004521 0.000000 -0.099898
vn -0.004820 0.000000 -0.099884
vn -0.004694 0.000000 -0.099890
vn -0.004564 0.000000 -0.099896
vn -0.004432 0.000000 -0.099902
vn -0.004297 0.000000 -0.099908
vn -0.004159 0.000000 -0.099913
vn -0.004020 0.000000 -0.099919
vn -0.003617 0.000000 -0.099935
vn -0.003879 0.000000 -0.099925
vn -0.003738 0.000000 -0.099930
vn -0.003596 0.000000 -0.099935
vn -0.003454 0.000000 -0.099940
vn -0.003313 0.000000 -0.099945
vn -0.003174 0.000000 -0.099950
vn -0.002713 0.000000 -0.099963
vn -0.003035 0.000000 -0.099954
vn -0.002896 0.000000 -0.099958
vn -0.002755 0.000000 -0.099962
vn -0.002614 0.000000 -0.099966
vn -0.002472 0.000000 -0.099969
vn -0.002330 0.000000 -0.099973
vn -0.001809 0.000000 -0.099984
vn -0.002189 0.000000 -0.099976
vn -0.002050 0.000000 -0.099979
vn -0.001912 0.000000 -0.099982
vn -0.001776 0.000000 -0.099984
vn -0.001643 0.000000 -0.099987
vn -0.001512 0.000000 -0.099989
vn -0.001386 0.000000 -0.099990
vn -0.000905 0.000000 -0.099996
vn -0.001262 0.000000 -0.099992
vn -0.001143 0.000000 -0.099993
vn -0.001028 0.000000 -0.099995
vn -0.000918 0.000000 -0.099996
vn -0.000813 0.000000 -0.099997
vn -0.000713 0.000000 -0.099997
vn -0.000618 0.000000 -0.099998
vn -0.000525 0.000000 -0.099999
vn -0.000436 0.000000 -0.099999
vn -0.000000 0.000000 -0.100000
vn -0.000351 0.000000 -0.099999
vn -0.000271 0.000000 -0.100000
vn -0.000195 0.000000 -0.100000
vn -0.000125 0.000000 -0.100000
vn -0.000059 0.000000 -0.100000
vn -0.000000 0.000000 -0.100000
vn 0.000059 0.000000 -0.100000
vn 0.000125 0.000000 -0.100000
vn 0.000195 0.000000 -0.100000
vn 0.000271 0.000000 -0.100000
vn 0.000351 0.000000 -0.099999
vn 0.000436 0.000000 -0.099999
vn 0.000525 0.000000 -0.099999
vn 0.000905 0.000000 -0.099996
vn 0.000618 0.000000 -0.099998
vn 0.000713 0.000000 -0.099997
vn 0.000813 0.000000 -0.099997
vn 0.000918 0.000000 -0.099996
vn 0.001028 0.000000 -0.099995
vn 0.001143 0.000000 -0.099993
vn 0.001262 0.000000 -0.099992
vn 0.001386 0.000000 -0.099990
vn 0.001809 0.000000 -0.099984
vn 0.001512 0.000000 -0.099989
vn 0.001643 0.000000 -0.099987
vn 0.001776 0.000000 -0.099984
vn 0.001912 0.000000 -0.099982
vn 0.002050 0.000000 -0.099979
vn 0.002189 0.000000 -0.099976
vn 0.002330 0.000000 -0.099973
vn 0.002713 0.000000 -0.099963
vn 0.002472 0.000000 -0.099969
vn 0.002614 0.000000 -0.099966
vn 0.002755 0.000000 -0.099962
vn 0.002896 0.000000 -0.099958
vn 0.003035 0.000000 -0.099954
vn 0.003174 0.000000 -0.099950
vn 0.003617 0.000000 -0.099935
vn 0.003313 0.000000 -0.099945
vn 0.003454 0.000000 -0.099940
vn 0.003596 0.000000 -0.099935
vn 0.003738 0.000000 -0.099930
vn 0.003879 0.000000 -0.099925
vn 0.004020 0.000000 -0.099919
vn 0.004521 0.000000 -0.099898
vn 0.004159 0.000000 -0.099913
vn 0.004297 0.000000 -0.099908
vn 0.004432 0.000000 -0.099902
vn 0.004564 0.000000 -0.099896
vn 0.004694 0.000000 -0.099890
vn 0.004820 0.000000 -0.099884
vn 0.004942 0.000000 -0.099878
vn 0.005425 0.000000 -0.099853
vn 0.005061 0.000000 -0.099872
vn 0.005174 0.000000 -0.099866
vn 0.005283 0.000000 -0.099860
vn 0.005387 0.000000 -0.099855
vn 0.005486 0.000000 -0.099849
vn 0.005581 0.000000 -0.099844
vn 0.005673 0.000000 -0.099839
vn 0.005761 0.000000 -0.099834
vn 0.005845 0.000000 -0.099829
vn 0.006328 0.000000 -0.099800
vn 0.005924 0.000000 -0.099824
vn 0.005999 0.000000 -0.099820
vn 0.006069 0.000000 -0.099816
vn 0.006133 0.000000 -0.099812
vn 0.006191 0.000000 -0.099808
vn 0.006243 0.000000 -0.099805
vn 0.006289 0.000000 -0.099802
vn 0.006328 0.000000 -0.099800
vn 0.006362 0.000000 -0.099797
vn 0.006389 0.000000 -0.099796
vn 0.006410 0.000000 -0.099794
vn 0.006425 0.000000 -0.099793
vn 0.006434 0.000000 -0.099793
vn 0.006437 0.000000 -0.099793
vn 0.006434 0.000000 -0.099793
vn 0.006328 0.000000 -0.099800
vn 0.007230 0.000000 -0.099738
vn 0.007230 0.000000 -0.099738
vn 0.008132 0.000000 -0.099669
vn 0.008132 0.000000 -0.099669
vn 0.009033 0.000000 -0.099591
vn 0.009033 0.000000 -0.099591
vn 0.006425 0.000000 -0.099793
vn 0.006410 0.000000 -0.099794
vn 0.006389 0.000000 -0.099796
vn 0.006362 0.000000 -0.099797
vn 0.006328 0.000000 -0.099800
vn 0.006289 0.000000 -0.099802
vn 0.006243 0.000000 -0.099805
vn 0.006191 0.000000 -0.099808
vn 0.006133 0.000000 -0.099812
vn 0.006069 0.000000 -0.099816
vn 0.005999 0.000000 -0.099820
vn 0.005924 0.000000 -0.099824
vn 0.005845 0.000000 -0.099829
vn 0.005425 0.000000 -0.099853
vn 0.005761 0.000000 -0.099834
vn 0.005673 0.000000 -0.099839
vn 0.005581 0.000000 -0.099844
vn 0.005486 0.000000 -0.099849
vn 0.005387 0.000000 -0.099855
vn 0.005283 0.000000 -0.099860
vn 0.005174 0.000000 -0.099866
vn 0.005061 0.000000 -0.099872
vn 0.004942 0.000000 -0.099878
vn 0.004521 0.000000 -0.099898
vn 0.004820 0.000000 -0.099884
vn 0.004694 0.000000 -0.099890
vn 0.004564 0.000000 -0.099896
vn 0.004432 0.000000 -0.099902
vn 0.004297 0.000000 -0.099908
vn 0.004159 0.000000 -0.099913
vn 0.004020 0.000000 -0.099919
vn 0.003617 0.000000 -0.099935
vn 0.003879 0.000000 -0.099925
vn 0.003738 0.000000 -0.099930
vn 0.003596 0.000000 -0.099935
vn 0.003454 0.000000 -0.099940
vn 0.003313 0.000000 -0.099945
vn 0.003174 0.000000 -0.099950
vn 0.002713 0.000000 -0.099963
vn 0.003035 0.000000 -0.099954
vn 0.002896 0.000000 -0.099958
vn 0.002755 0.000000 -0.099962
vn 0.002614 0.000000 -0.099966
vn 0.002472 0.000000 -0.099969
vn 0.002330 0.000000 -0.099973
vn 0.001809 0.000000 -0.099984
vn 0.002189 0.000000 -0.099976
vn 0.002050 0.000000 -0.099979
vn 0.001912 0.000000 -0.099982
vn 0.001776 0.000000 -0.099984
vn 0.001643 0.000000 -0.099987
vn 0.001512 0.000000 -0.099989
vn 0.001386 0.000000 -0.099990
vn 0.000905 0.000000 -0.099996
vn 0.001262 0.000000 -0.099992
vn 0.001143 0.000000 -0.099993
vn 0.001028 0.000000 -0.099995
vn 0.000918 0.000000 -0.099996
vn 0.000813 0.000000 -0.099997
vn 0.000713 0.000000 -0.099997
vn 0.000618 0.000000 -0.099998
vn 0.000525 0.000000 -0.099999
vn 0.000436 0.000000 -0.099999
vn 0.000351 0.000000 -0.099999
vn 0.000271 0.000000 -0.100000
vn 0.000195 0.000000 -0.100000
vn 0.000125 0.000000 -0.100000
vn -0.008132 0.000000 -0.099669
vn -0.008132 0.000000 -0.099669
vn -0.009033 0.000000 -0.099591
vn -0.009033 0.000000 -0.099591
vn 0.003324 0.000000 -0.099945
vn 0.003324 0.000000 -0.099945
vn -0.009033 0.000000 -0.099591
vn 0.003324 0.000000 -0.099945
vn 0.003324 0.000000 -0.099945
vn 0.015631 0.000000 -0.098771
vn 0.015631 0.000000 -0.098771
vn 0.027699 0.000000 -0.096087
vn 0.027699 0.000000 -0.096087
vn 0.039343 0.000000 -0.091935
vn 0.039343 0.000000 -0.091935
vn 0.050386 0.000000 -0.086378
vn 0.050386 0.000000 -0.086378
vn 0.060660 0.000000 -0.079501
vn 0.060660 0.000000 -0.079501
vn 0.070006 0.000000 -0.071409
vn 0.070006 0.000000 -0.071409
vn 0.078282 0.000000 -0.062225
vn 0.078282 0.000000 -0.062225
vn 0.085361 0.000000 -0.052091
vn 0.085361 0.000000 -0.052091
vn 0.091136 0.000000 -0.041160
vn 0.091136 0.000000 -0.041160
vn 0.095519 0.000000 -0.029600
vn 0.095519 0.000000 -0.029600
vn 0.098441 0.000000 -0.017588
vn 0.098441 0.000000 -0.017588
vn 0.099859 0.000000 -0.005307
vn 0.098441 0.000000 -0.017588
vn 0.098441 0.000000 -0.017588
vn 0.095519 0.000000 -0.029600
vn 0.095519 0.000000 -0.029600
vn 0.091136 0.000000 -0.041160
vn 0.091136 0.000000 -0.041160
vn 0.085361 0.000000 -0.052091
vn 0.085361 0.000000 -0.052091
vn 0.078282 0.000000 -0.062225
vn 0.078282 0.000000 -0.062225
vn 0.070006 0.000000 -0.071409
vn 0.070006 0.000000 -0.071409
vn 0.060660 0.000000 -0.079501
vn 0.060660 0.000000 -0.079501
vn 0.050386 0.000000 -0.086378
vn 0.050386 0.000000 -0.086378
vn 0.039343 0.000000 -0.091935
vn 0.039343 0.000000 -0.091935
vn 0.027699 0.000000 -0.096087
vn 0.027699 0.000000 -0.096087
vn 0.015631 0.000000 -0.098771
vn 0.015631 0.000000 -0.098771
vn 0.070006 0.000000 -0.071409
vn 0.078282 0.000000 -0.062225
vn 0.085361 0.000000 -0.052091
vn 0.091136 0.000000 -0.041160
vn 0.095519 0.000000 -0.029600
vn 0.098441 0.000000 -0.017588
vn 0.078282 0.000000 -0.062225
vn 0.085361 0.000000 -0.052091
vn 0.091136 0.000000 -0.041160
vn 0.095519 0.000000 -0.029600
vn 0.098441 0.000000 -0.017588
vn 0.085361 0.000000 -0.052091
vn 0.091136 0.000000 -0.041160
vn 0.095519 0.000000 -0.029600
vn 0.098441 0.000000 -0.017588
vn 0.099859 0.000000 -0.005307
vn 0.091136 0.000000 -0.041160
vn 0.095519 0.000000 -0.029600
vn 0.098441 0.000000 -0.017588
vn 0.095519 0.000000 -0.029600
vn 0.098441 0.000000 -0.017588
vn 0.098441 0.000000 -0.017588
vn 0.060660 0.000000 -0.079501
vn 0.050386 0.000000 -0.086378
vn 0.039343 0.000000 -0.091935
vn 0.027699 0.000000 -0.096087
vn 0.015631 0.000000 -0.098771
vn 0.003324 0.000000 -0.099945
vn 0.050386 0.000000 -0.086378
vn 0.039343 0.000000 -0.091935
vn 0.027699 0.000000 -0.096087
vn 0.015631 0.000000 -0.098771
vn 0.003324 0.000000 -0.099945
vn 0.039343 0.000000 -0.091935
vn 0.027699 0.000000 -0.096087
vn 0.015631 0.000000 -0.098771
vn 0.003324 0.000000 -0.099945
vn -0.009033 0.000000 -0.099591
vn 0.027699 0.000000 -0.096087
vn 0.015631 0.000000 -0.098771
vn 0.003324 0.000000 -0.099945
vn 0.015631 0.000000 -0.098771
vn 0.003324 0.000000 -0.099945
vn 0.003324 0.000000 -0.099945
vn 0.015631 0.000000 -0.098771
vn 0.027699 0.000000 -0.096087
vn 0.039343 0.000000 -0.091935
vn 0.050386 0.000000 -0.086378
vn 0.060660 0.000000 -0.079501
vn 0.027699 0.000000 -0.096087
vn 0.039343 0.000000 -0.091935
vn 0.050386 0.000000 -0.086378
vn 0.060660 0.000000 -0.079501
vn 0.070006 0.000000 -0.071409
vn 0.039343 0.000000 -0.091935
vn 0.050386 0.000000 -0.086378
vn 0.060660 0.000000 -0.079501
vn 0.070006 0.000000 -0.071409
vn 0.050386 0.000000 -0.086378
vn 0.060660 0.000000 -0.079501
vn 0.070006 0.000000 -0.071409
vn 0.078282 0.000000 -0.062225
vn 0.060660 0.000000 -0.079501
vn 0.070006 0.000000 -0.071409
vn 0.078282 0.000000 -0.062225
vn 0.070006 0.000000 -0.071409
vn 0.078282 0.000000 -0.062225
vn 0.085361 0.000000 -0.052091
vn 0.078282 0.000000 -0.062225
vn 0.085361 0.000000 -0.052091
vn 0.085361 0.000000 -0.052091
vn 0.091136 0.000000 -0.041160
vn 0.091136 0.000000 -0.041160
vn 0.095519 0.000000 -0.029600
vn 0.004616 0.000000 0.099893
vn 0.004616 0.000000 0.099893
vn 0.004616 0.000000 0.099893
vn 0.004616 0.000000 0.099893
vn 0.000000 -0.100000 0.000000
vn 0.000000 -0.100000 0.000000
vn 0.000000 -0.100000 0.000000
vn 0.000000 -0.100000 0.000000
vn 0.000000 -0.100000 0.000000
vn 0.000000 -0.100000 0.000000
vn 0.000000 -0.100000 0.000000
vn 0.000000 -0.100000 0.000000
vn -0.000000 0.100000 -0.000000
vn -0.000000 0.100000 -0.000000
vn -0.000000 0.100000 -0.000000
vn -0.000000 0.100000 -0.000000
vn -0.000000 0.100000 -0.000000
vn -0.000000 0.100000 -0.000000
vn -0.000000 0.100000 -0.000000
vn -0.000000 0.100000 -0.000000
vn 0.004616 -0.000000 0.099893
vn 0.004616 -0.000000 0.099893
vn 0.004616 -0.000000 0.099893
vn 0.004616 -0.000000 0.099893
vn -0.004616 0.000000 0.099893
vn -0.004616 0.000000 0.099893
vn -0.004616 0.000000 0.099893
vn -0.004616 0.000000 0.099893
vn 0.000000 -0.100000 0.000000
vn 0.000000 -0.100000 0.000000
vn 0.000000 -0.100000 0.000000
vn 0.000000 -0.100000 0.000000
vn 0.000000 -0.100000 0.000000
vn 0.000000 -0.100000 0.000000
vn 0.000000 -0.100000 0.000000
vn 0.000000 -0.100000 0.000000
vn 0.009033 0.000000 0.099591
vn 0.006090 0.000000 0.099814
vn 0.009033 0.000000 0.099591
vn 0.006090 0.000000 0.099814
vn 0.003141 0.000000 0.099951
vn 0.000285 0.000000 0.100000
vn 0.000285 0.000000 0.100000
vn -0.008544 0.000000 0.099634
vn 0.000190 0.000000 0.100000
vn -0.008544 0.000000 0.099634
vn -0.017213 0.000000 0.098507
vn -0.017213 0.000000 0.098507
vn -0.025751 0.000000 0.096628
vn -0.025751 0.000000 0.096628
vn -0.034092 0.000000 0.094009
vn -0.034092 0.000000 0.094009
vn -0.042172 0.000000 0.090673
vn -0.042172 0.000000 0.090673
vn -0.049930 0.000000 0.086643
vn -0.042172 0.000000 0.090673
vn -0.042172 0.000000 0.090673
vn -0.034092 0.000000 0.094009
vn -0.034092 0.000000 0.094009
vn -0.025751 0.000000 0.096628
vn -0.025751 0.000000 0.096628
vn -0.017213 0.000000 0.098507
vn -0.017213 0.000000 0.098507
vn -0.008544 0.000000 0.099634
vn -0.008544 0.000000 0.099634
vn 0.000190 0.000000 0.100000
vn 0.000285 0.000000 0.100000
vn 0.000190 0.000000 0.100000
vn 0.003141 0.000000 0.099951
vn 0.000285 0.000000 0.100000
vn 0.000285 0.000000 0.100000
vn -0.008544 0.000000 0.099634
vn -0.008544 0.000000 0.099634
vn -0.017213 0.000000 0.098507
vn -0.025751 0.000000 0.096628
vn -0.034092 0.000000 0.094009
vn -0.042172 0.000000 0.090673
vn -0.049930 0.000000 0.086643
vn -0.034092 0.000000 0.094009
vn -0.042172 0.000000 0.090673
vn -0.042172 0.000000 0.090673
vn 0.000190 0.000000 0.100000
vn -0.008544 0.000000 0.099634
vn -0.017213 0.000000 0.098507
vn -0.017213 0.000000 0.098507
vn -0.025751 0.000000 0.096628
vn -0.025751 0.000000 0.096628
vn -0.034092 0.000000 0.094009
vn -0.004616 0.000000 0.099893
vn -0.004616 0.000000 0.099893
vn -0.004616 0.000000 0.099893
vn -0.004616 0.000000 0.099893
vn -0.000000 0.100000 -0.000000
vn -0.000000 0.100000 -0.000000
vn -0.000000 0.100000 -0.000000
vn -0.000000 0.100000 -0.000000
vn -0.000000 0.100000 -0.000000
vn -0.000000 0.100000 -0.000000
vn -0.000000 0.100000 -0.000000
vn -0.000000 0.100000 -0.000000
vn -0.000190 0.000000 0.100000
vn -0.000190 0.000000 0.100000
vn -0.000285 0.000000 0.100000
vn -0.003141 0.000000 0.099951
vn -0.006090 0.000000 0.099814
vn -0.009033 0.000000 0.099591
vn -0.009033 0.000000 0.099591
vn -0.000285 0.000000 0.100000
vn -0.000285 0.000000 0.100000
vn 0.008544 0.000000 0.099634
vn 0.008544 0.000000 0.099634
vn 0.017213 0.000000 0.098507
vn 0.017213 0.000000 0.098507
vn 0.025751 0.000000 0.096628
vn 0.025751 0.000000 0.096628
vn 0.034092 0.000000 0.094009
vn 0.034092 0.000000 0.094009
vn 0.042172 0.000000 0.090673
vn 0.042172 0.000000 0.090673
vn 0.049930 0.000000 0.086643
vn 0.042172 0.000000 0.090673
vn 0.042172 0.000000 0.090673
vn 0.034092 0.000000 0.094009
vn 0.034092 0.000000 0.094009
vn 0.025751 0.000000 0.096628
vn 0.025751 0.000000 0.096628
vn 0.017213 0.000000 0.098507
vn 0.017213 0.000000 0.098507
vn 0.008544 0.000000 0.099634
vn 0.008544 0.000000 0.099634
vn -0.000190 0.000000 0.100000
vn -0.000285 0.000000 0.100000
vn -0.000190 0.000000 0.100000
vn -0.003141 0.000000 0.099951
vn -0.006090 0.000000 0.099814
vn -0.000285 0.000000 0.100000
vn 0.008544 0.000000 0.099634
vn 0.017213 0.000000 0.098507
vn 0.025751 0.000000 0.096628
vn 0.034092 0.000000 0.094009
vn 0.042172 0.000000 0.090673
vn 0.049930 0.000000 0.086643
vn 0.034092 0.000000 0.094009
vn 0.042172 0.000000 0.090673
vn 0.042172 0.000000 0.090673
vn 0.008544 0.000000 0.099634
vn 0.008544 0.000000 0.099634
vn 0.017213 0.000000 0.098507
vn 0.017213 0.000000 0.098507
vn 0.025751 0.000000 0.096628
vn 0.025751 0.000000 0.096628
vn 0.034092 0.000000 0.094009
vn 0.092308 -0.038462 0.000000
vn 0.090538 -0.042460 0.000000
vn 0.092308 -0.038462 0.000000
vn 0.090212 -0.043148 0.000000
vn 0.088598 -0.046373 0.000000
vn 0.087879 -0.047721 0.000000
vn 0.086494 -0.050188 0.000000
vn 0.085314 -0.052168 0.000000
vn 0.084234 -0.053895 0.000000
vn 0.082525 -0.056477 0.000000
vn 0.081829 -0.057481 0.000000
vn 0.079517 -0.060638 0.000000
vn 0.079289 -0.060936 0.000000
vn 0.076629 -0.064250 0.000000
vn 0.076301 -0.064639 0.000000
vn 0.073860 -0.067415 0.000000
vn 0.072883 -0.068470 0.000000
vn 0.070997 -0.070423 0.000000
vn 0.069273 -0.072120 0.000000
vn 0.068020 -0.073302 0.000000
vn 0.065481 -0.075580 0.000000
vn 0.064886 -0.076091 0.000000
vn 0.061516 -0.078841 0.000000
vn 0.061601 -0.078774 0.000000
vn 0.058173 -0.081338 0.000000
vn 0.057389 -0.081894 0.000000
vn 0.054613 -0.083770 0.000000
vn 0.053110 -0.084731 0.000000
vn 0.050929 -0.086059 0.000000
vn 0.048692 -0.087345 0.000000
vn 0.047135 -0.088195 0.000000
vn 0.044145 -0.089728 0.000000
vn 0.043240 -0.090168 0.000000
vn 0.039482 -0.091876 0.000000
vn 0.039259 -0.091971 0.000000
vn 0.035201 -0.093600 0.000000
vn 0.034715 -0.093781 0.000000
vn 0.031079 -0.095048 0.000000
vn 0.029857 -0.095439 0.000000
vn 0.026907 -0.096312 0.000000
vn 0.024919 -0.096845 0.000000
vn 0.022697 -0.097390 0.000000
vn 0.019916 -0.097997 0.000000
vn 0.018465 -0.098280 0.000000
vn 0.014861 -0.098890 0.000000
vn 0.014227 -0.098983 0.000000
vn 0.009767 -0.099522 0.000000
vn 0.009998 -0.099499 0.000000
vn 0.005794 -0.099832 0.000000
vn 0.004646 -0.099892 0.000000
vn 0.001630 -0.099987 0.000000
vn -0.000486 -0.099999 0.000000
vn -0.002502 -0.099969 0.000000
vn -0.005618 -0.099842 0.000000
vn -0.006675 -0.099777 0.000000
vn -0.010734 -0.099422 0.000000
vn -0.010885 -0.099406 0.000000
vn -0.015116 -0.098851 0.000000
vn -0.015822 -0.098740 0.000000
vn -0.019352 -0.098110 0.000000
vn -0.020869 -0.097798 0.000000
vn -0.023579 -0.097180 0.000000
vn -0.025860 -0.096598 0.000000
vn -0.027780 -0.096064 0.000000
vn -0.030783 -0.095144 0.000000
vn -0.031941 -0.094762 0.000000
vn -0.035626 -0.093439 0.000000
vn -0.036048 -0.093277 0.000000
vn -0.040374 -0.091487 0.000000
vn -0.040088 -0.091613 0.000000
vn -0.044050 -0.089775 0.000000
vn -0.045016 -0.089295 0.000000
vn -0.047922 -0.087769 0.000000
vn -0.049539 -0.086867 0.000000
vn -0.051693 -0.085603 0.000000
vn -0.053932 -0.084210 0.000000
vn -0.055349 -0.083285 0.000000
vn -0.058182 -0.081332 0.000000
vn -0.058881 -0.080827 0.000000
vn -0.062279 -0.078239 0.000000
vn -0.062278 -0.078240 0.000000
vn -0.065531 -0.075536 0.000000
vn -0.066213 -0.074939 0.000000
vn -0.068632 -0.072730 0.000000
vn -0.069971 -0.071443 0.000000
vn -0.071578 -0.069833 0.000000
vn -0.073545 -0.067757 0.000000
vn -0.074421 -0.066795 0.000000
vn -0.076926 -0.063894 0.000000
vn -0.077167 -0.063602 0.000000
vn -0.079803 -0.060262 0.000000
vn -0.080103 -0.059862 0.000000
vn -0.082315 -0.056782 0.000000
vn -0.083070 -0.055672 0.000000
vn -0.084691 -0.053173 0.000000
vn -0.085818 -0.051336 0.000000
vn -0.086920 -0.049446 0.000000
vn -0.088339 -0.046864 0.000000
vn -0.088992 -0.045612 0.000000
vn -0.090628 -0.042269 0.000000
vn -0.090899 -0.041683 0.000000
vn -0.092677 -0.037562 0.000000
vn -0.092633 -0.037670 0.000000
vn -0.094191 -0.033587 0.000000
vn -0.094483 -0.032756 0.000000
vn -0.095567 -0.029443 0.000000
vn -0.096039 -0.027864 0.000000
vn -0.096759 -0.025254 0.000000
vn -0.097343 -0.022899 0.000000
vn -0.097763 -0.021034 0.000000
vn -0.098390 -0.017873 0.000000
vn -0.098579 -0.016797 0.000000
vn -0.099177 -0.012800 0.000000
vn -0.099208 -0.012560 0.000000
vn -0.099652 -0.008338 0.000000
vn -0.099704 -0.007694 0.000000
vn -0.099914 -0.004146 0.000000
vn -0.099967 -0.002567 0.000000
vn -0.100000 -0.000000 0.000000
vn -0.099967 0.002567 -0.000000
vn -0.099914 0.004146 -0.000000
vn -0.099704 0.007694 -0.000000
vn -0.099652 0.008338 -0.000000
vn -0.099177 0.012800 -0.000000
vn -0.099208 0.012560 -0.000000
vn -0.098579 0.016797 -0.000000
vn -0.098390 0.017873 -0.000000
vn -0.097763 0.021034 -0.000000
vn -0.097343 0.022899 -0.000000
vn -0.096759 0.025254 -0.000000
vn -0.096039 0.027864 -0.000000
vn -0.095567 0.029443 -0.000000
vn -0.094483 0.032756 -0.000000
vn -0.094191 0.033587 -0.000000
vn -0.092677 0.037562 -0.000000
vn -0.092633 0.037670 -0.000000
vn -0.090899 0.041683 -0.000000
vn -0.090628 0.042269 -0.000000
vn -0.088992 0.045612 -0.000000
vn -0.088339 0.046864 -0.000000
vn -0.086920 0.049446 -0.000000
vn -0.085818 0.051336 -0.000000
vn -0.084691 0.053173 -0.000000
vn -0.083070 0.055672 -0.000000
vn -0.082315 0.056782 -0.000000
vn -0.080103 0.059862 -0.000000
vn -0.079803 0.060262 -0.000000
vn -0.077167 0.063602 -0.000000
vn -0.076926 0.063894 -0.000000
vn -0.074421 0.066795 -0.000000
vn -0.073545 0.067757 -0.000000
vn -0.071578 0.069833 -0.000000
vn -0.069971 0.071443 -0.000000
vn -0.068632 0.072730 -0.000000
vn -0.066213 0.074939 -0.000000
vn -0.065531 0.075536 -0.000000
vn -0.062279 0.078239 -0.000000
vn -0.062278 0.078240 -0.000000
vn -0.058881 0.080827 -0.000000
vn -0.058182 0.081332 -0.000000
vn -0.055349 0.083285 -0.000000
vn -0.053932 0.084210 -0.000000
vn -0.051693 0.085603 -0.000000
vn -0.049539 0.086867 -0.000000
vn -0.047922 0.087769 -0.000000
vn -0.045016 0.089295 -0.000000
vn -0.044050 0.089775 -0.000000
vn -0.040374 0.091487 -0.000000
vn -0.040088 0.091613 -0.000000
vn -0.036048 0.093277 -0.000000
vn -0.035626 0.093439 -0.000000
vn -0.031941 0.094762 -0.000000
vn -0.030783 0.095144 -0.000000
vn -0.027780 0.096064 -0.000000
vn -0.025860 0.096598 -0.000000
vn -0.023579 0.097180 -0.000000
vn -0.020869 0.097798 -0.000000
vn -0.019352 0.098110 -0.000000
vn -0.015822 0.098740 -0.000000
vn -0.015116 0.098851 -0.000000
vn -0.010734 0.099422 -0.000000
vn -0.010885 0.099406 -0.000000
vn -0.006675 0.099777 -0.000000
vn -0.005618 0.099842 -0.000000
vn -0.002502 0.099969 -0.000000
vn -0.000486 0.099999 -0.000000
vn 0.001630 0.099987 0.000000
vn 0.004646 0.099892 0.000000
vn 0.005794 0.099832 0.000000
vn 0.009767 0.099522 0.000000
vn 0.009998 0.099499 0.000000
vn 0.014227 0.098983 0.000000
vn 0.014861 0.098890 0.000000
vn 0.018465 0.098280 0.000000
vn 0.019916 0.097997 0.000000
vn 0.022697 0.097390 0.000000
vn 0.024919 0.096845 0.000000
vn 0.026907 0.096312 0.000000
vn 0.029857 0.095439 0.000000
vn 0.031079 0.095048 0.000000
vn 0.034715 0.093781 0.000000
vn 0.035201 0.093600 0.000000
vn 0.039482 0.091876 0.000000
vn 0.039259 0.091971 0.000000
vn 0.043240 0.090168 0.000000
vn 0.044145 0.089728 0.000000
vn 0.047135 0.088195 0.000000
vn 0.048692 0.087345 0.000000
vn 0.050929 0.086059 0.000000
vn 0.053110 0.084731 0.000000
vn 0.054613 0.083770 0.000000
vn 0.057389 0.081894 0.000000
vn 0.058173 0.081338 0.000000
vn 0.061516 0.078841 0.000000
vn 0.061601 0.078774 0.000000
vn 0.064886 0.076091 0.000000
vn 0.065481 0.075580 0.000000
vn 0.068020 0.073302 0.000000
vn 0.069273 0.072120 0.000000
vn 0.070997 0.070423 0.000000
vn 0.072883 0.068470 0.000000
vn 0.073860 0.067415 0.000000
vn 0.076301 0.064639 0.000000
vn 0.076629 0.064250 0.000000
vn 0.079517 0.060638 0.000000
vn 0.079289 0.060936 0.000000
vn 0.081829 0.057481 0.000000
vn 0.082525 0.056477 0.000000
vn 0.084234 0.053895 0.000000
vn 0.085314 0.052168 0.000000
vn 0.086494 0.050188 0.000000
vn 0.087879 0.047721 0.000000
vn 0.088598 0.046373 0.000000
vn 0.090212 0.043148 0.000000
vn 0.090538 0.042460 0.000000
vn 0.092308 0.038462 0.000000
vn 0.092308 0.038462 0.000000
vn -0.092308 0.038462 -0.000000
vn -0.090538 0.042460 -0.000000
vn -0.092308 0.038462 -0.000000
vn -0.090212 0.043148 -0.000000
vn -0.088598 0.046373 -0.000000
vn -0.087879 0.047721 -0.000000
vn -0.086494 0.050188 -0.000000
vn -0.085314 0.052168 -0.000000
vn -0.084234 0.053895 -0.000000
vn -0.082525 0.056477 -0.000000
vn -0.081829 0.057481 -0.000000
vn -0.079517 0.060638 -0.000000
vn -0.079289 0.060936 -0.000000
vn -0.076629 0.064250 -0.000000
vn -0.076301 0.064639 -0.000000
vn -0.073860 0.067415 -0.000000
vn -0.072883 0.068470 -0.000000
vn -0.070997 0.070423 -0.000000
vn -0.069273 0.072120 -0.000000
vn -0.068020 0.073302 -0.000000
vn -0.065481 0.075580 -0.000000
vn -0.064886 0.076091 -0.000000
vn -0.061516 0.078841 -0.000000
vn -0.061601 0.078774 -0.000000
vn -0.058173 0.081338 -0.000000
vn -0.057389 0.081894 -0.000000
vn -0.054613 0.083770 -0.000000
vn -0.053110 0.084731 -0.000000
vn -0.050929 0.086059 -0.000000
vn -0.048692 0.087345 -0.000000
vn -0.047135 0.088195 -0.000000
vn -0.044145 0.089728 -0.000000
vn -0.043240 0.090168 -0.000000
vn -0.039482 0.091876 -0.000000
vn -0.039259 0.091971 -0.000000
vn -0.035201 0.093600 -0.000000
vn -0.034715 0.093781 -0.000000
vn -0.031079 0.095048 -0.000000
vn -0.029857 0.095439 -0.000000
vn -0.026907 0.096312 -0.000000
vn -0.024919 0.096845 -0.000000
vn -0.022697 0.097390 -0.000000
vn -0.019916 0.097997 -0.000000
vn -0.018465 0.098280 -0.000000
vn -0.014861 0.098890 -0.000000
vn -0.014227 0.098983 -0.000000
vn -0.009767 0.099522 -0.000000
vn -0.009998 0.099499 -0.000000
vn -0.005794 0.099832 -0.000000
vn -0.004646 0.099892 -0.000000
vn -0.001630 0.099987 -0.000000
vn 0.000486 0.099999 0.000000
vn 0.002502 0.099969 0.000000
vn 0.005618 0.099842 0.000000
vn 0.006675 0.099777 0.000000
vn 0.010734 0.099422 0.000000
vn 0.010885 0.099406 0.000000
vn 0.015116 0.098851 0.000000
vn 0.015822 0.098740 0.000000
vn 0.019352 0.098110 0.000000
vn 0.020869 0.097798 0.000000
vn 0.023579 0.097180 0.000000
vn 0.025860 0.096598 0.000000
vn 0.027780 0.096064 0.000000
vn 0.030783 0.095144 0.000000
vn 0.031941 0.094762 0.000000
vn 0.035626 0.093439 0.000000
vn 0.036048 0.093277 0.000000
vn 0.040374 0.091487 0.000000
vn 0.040088 0.091613 0.000000
vn 0.044050 0.089775 0.000000
vn 0.045016 0.089295 0.000000
vn 0.047922 0.087769 0.000000
vn 0.049539 0.086867 0.000000
vn 0.051693 0.085603 0.000000
vn 0.053932 0.084210 0.000000
vn 0.055349 0.083285 0.000000
vn 0.058182 0.081332 0.000000
vn 0.058881 0.080827 0.000000
vn 0.062279 0.078239 0.000000
vn 0.062278 0.078240 0.000000
vn 0.065531 0.075536 0.000000
vn 0.066213 0.074939 0.000000
vn 0.068632 0.072730 0.000000
vn 0.069971 0.071443 0.000000
vn 0.071578 0.069833 0.000000
vn 0.073545 0.067757 0.000000
vn 0.074421 0.066795 0.000000
vn 0.076926 0.063894 0.000000
vn 0.077167 0.063602 0.000000
vn 0.079803 0.060262 0.000000
vn 0.080103 0.059862 0.000000
vn 0.082315 0.056782 0.000000
vn 0.083070 0.055672 0.000000
vn 0.084691 0.053173 0.000000
vn 0.085818 0.051336 0.000000
vn 0.086920 0.049446 0.000000
vn 0.088339 0.046864 0.000000
vn 0.088992 0.045612 0.000000
vn 0.090628 0.042269 0.000000
vn 0.090899 0.041683 0.000000
vn 0.092677 0.037562 0.000000
vn 0.092633 0.037670 0.000000
vn 0.094191 0.033587 0.000000
vn 0.094483 0.032756 0.000000
vn 0.095567 0.029443 0.000000
vn 0.096039 0.027864 0.000000
vn 0.096759 0.025254 0.000000
vn 0.097343 0.022899 0.000000
vn 0.097763 0.021034 0.000000
vn 0.098390 0.017873 0.000000
vn 0.098579 0.016797 0.000000
vn 0.099177 0.012800 0.000000
vn 0.099208 0.012560 0.000000
vn 0.099652 0.008338 0.000000
vn 0.099704 0.007694 0.000000
vn 0.099914 0.004146 0.000000
vn 0.099967 0.002567 0.000000
vn 0.100000 0.000000 0.000000
vn 0.099967 -0.002567 0.000000
vn 0.099914 -0.004146 0.000000
vn 0.099704 -0.007694 0.000000
vn 0.099652 -0.008338 0.000000
vn 0.099177 -0.012800 0.000000
vn 0.099208 -0.012560 0.000000
vn 0.098579 -0.016797 0.000000
vn 0.098390 -0.017873 0.000000
vn 0.097763 -0.021034 0.000000
vn 0.097343 -0.022899 0.000000
vn 0.096759 -0.025254 0.000000
vn 0.096039 -0.027864 0.000000
vn 0.095567 -0.029443 0.000000
vn 0.094483 -0.032756 0.000000
vn 0.094191 -0.033587 0.000000
vn 0.092677 -0.037562 0.000000
vn 0.092633 -0.037670 0.000000
vn 0.090899 -0.041683 0.000000
vn 0.090628 -0.042269 0.000000
vn 0.088992 -0.045612 0.000000
vn 0.088339 -0.046864 0.000000
vn 0.086920 -0.049446 0.000000
vn 0.085818 -0.051336 0.000000
vn 0.084691 -0.053173 0.000000
vn 0.083070 -0.055672 0.000000
vn 0.082315 -0.056782 0.000000
vn 0.080103 -0.059862 0.000000
vn 0.079803 -0.060262 0.000000
vn 0.077167 -0.063602 0.000000
vn 0.076926 -0.063894 0.000000
vn 0.074421 -0.066795 0.000000
vn 0.073545 -0.067757 0.000000
vn 0.071578 -0.069833 0.000000
vn 0.069971 -0.071443 0.000000
vn 0.068632 -0.072730 0.000000
vn 0.066213 -0.074939 0.000000
vn 0.065531 -0.075536 0.000000
vn 0.062279 -0.078239 0.000000
vn 0.062278 -0.078240 0.000000
vn 0.058881 -0.080827 0.000000
vn 0.058182 -0.081332 0.000000
vn 0.055349 -0.083285 0.000000
vn 0.053932 -0.084210 0.000000
vn 0.051693 -0.085603 0.000000
vn 0.049539 -0.086867 0.000000
vn 0.047922 -0.087769 0.000000
vn 0.045016 -0.089295 0.000000
vn 0.044050 -0.089775 0.000000
vn 0.040374 -0.091487 0.000000
vn 0.040088 -0.091613 0.000000
vn 0.036048 -0.093277 0.000000
vn 0.035626 -0.093439 0.000000
vn 0.031941 -0.094762 0.000000
vn 0.030783 -0.095144 0.000000
vn 0.027780 -0.096064 0.000000
vn 0.025860 -0.096598 0.000000
vn 0.023579 -0.097180 0.000000
vn 0.020869 -0.097798 0.000000
vn 0.019352 -0.098110 0.000000
vn 0.015822 -0.098740 0.000000
vn 0.015116 -0.098851 0.000000
vn 0.010734 -0.099422 0.000000
vn 0.010885 -0.099406 0.000000
vn 0.006675 -0.099777 0.000000
vn 0.005618 -0.099842 0.000000
vn 0.002502 -0.099969 0.000000
vn 0.000486 -0.099999 0.000000
vn -0.001630 -0.099987 0.000000
vn -0.004646 -0.099892 0.000000
vn -0.005794 -0.099832 0.000000
vn -0.009767 -0.099522 0.000000
vn -0.009998 -0.099499 0.000000
vn -0.014227 -0.098983 0.000000
vn -0.014861 -0.098890 0.000000
vn -0.018465 -0.098280 0.000000
vn -0.019916 -0.097997 0.000000
vn -0.022697 -0.097390 0.000000
vn -0.024919 -0.096845 0.000000
vn -0.026907 -0.096312 0.000000
vn -0.029857 -0.095439 0.000000
vn -0.031079 -0.095048 0.000000
vn -0.034715 -0.093781 0.000000
vn -0.035201 -0.093600 0.000000
vn -0.039482 -0.091876 0.000000
vn -0.039259 -0.091971 0.000000
vn -0.043240 -0.090168 0.000000
vn -0.044145 -0.089728 0.000000
vn -0.047135 -0.088195 0.000000
vn -0.048692 -0.087345 0.000000
vn -0.050929 -0.086059 0.000000
vn -0.053110 -0.084731 0.000000
vn -0.054613 -0.083770 0.000000
vn -0.057389 -0.081894 0.000000
vn -0.058173 -0.081338 0.000000
vn -0.061516 -0.078841 0.000000
vn -0.061601 -0.078774 0.000000
vn -0.064886 -0.076091 0.000000
vn -0.065481 -0.075580 0.000000
vn -0.068020 -0.073302 0.000000
vn -0.069273 -0.072120 0.000000
vn -0.070997 -0.070423 0.000000
vn -0.072883 -0.068470 0.000000
vn -0.073860 -0.067415 0.000000
vn -0.076301 -0.064639 0.000000
vn -0.076629 -0.064250 0.000000
vn -0.079517 -0.060638 0.000000
vn -0.079289 -0.060936 0.000000
vn -0.081829 -0.057481 0.000000
vn -0.082525 -0.056477 0.000000
vn -0.084234 -0.053895 0.000000
vn -0.085314 -0.052168 0.000000
vn -0.086494 -0.050188 0.000000
vn -0.087879 -0.047721 0.000000
vn -0.088598 -0.046373 0.000000
vn -0.090212 -0.043148 0.000000
vn -0.090538 -0.042460 0.000000
vn -0.092308 -0.038462 0.000000
vn -0.092308 -0.038462 0.000000
vn 0.000000 0.000000 -0.100000
vn 0.000000 0.000000 -0.100000
vn 0.000000 0.000000 -0.100000
vn 0.000000 0.000000 -0.100000
vn 0.000000 0.000000 -0.100000
vn 0.000000 0.000000 -0.100000
vn 0.000000 0.000000 -0.100000
vn 0.000000 0.000000 -0.100000
vn 0.000000 0.000000 -0.100000
vn 0.000000 0.000000 -0.100000
vn 0.000000 0.000000 -0.100000
vn 0.000000 0.000000 -0.100000
vn 0.000000 0.000000 -0.100000
vn 0.000000 0.000000 -0.100000
vn 0.000000 0.000000 -0.100000
vn 0.000000 0.000000 -0.100000
vn 0.000000 0.000000 -0.100000
vn 0.000000 0.000000 -0.100000
vn 0.000000 0.000000 -0.100000
vn 0.000000 0.000000 -0.100000
vn 0.000000 0.000000 -0.100000
vn 0.000000 0.000000 -0.100000
vn 0.000000 0.000000 -0.100000
vn 0.000000 0.000000 -0.100000
vn 0.000000 0.000000 -0.100000
vn 0.000000 0.000000 -0.100000
vn 0.000000 0.000000 -0.100000
vn 0.000000 0.000000 -0.100000
vn 0.000000 0.000000 -0.100000
vn 0.000000 0.000000 -0.100000
vn 0.000000 0.000000 -0.100000
vn 0.000000 0.000000 -0.100000
vn 0.000000 0.000000 -0.100000
vn 0.000000 0.000000 -0.100000
vn 0.000000 0.000000 -0.100000
vn 0.000000 0.000000 -0.100000
vn 0.000000 0.000000 -0.100000
vn 0.000000 0.000000 -0.100000
vn 0.000000 0.000000 -0.100000
vn 0.000000 0.000000 -0.100000
vn 0.000000 0.000000 -0.100000
vn 0.000000 0.000000 -0.100000
vn 0.000000 0.000000 -0.100000
vn 0.000000 0.000000 -0.100000
vn 0.000000 0.000000 -0.100000
vn 0.000000 0.000000 -0.100000
vn 0.000000 0.000000 -0.100000
vn 0.000000 0.000000 -0.100000
vn 0.000000 0.000000 -0.100000
vn 0.000000 0.000000 -0.100000
vn 0.000000 0.000000 -0.100000
vn 0.000000 0.000000 -0.100000
vn 0.000000 0.000000 -0.100000
vn 0.000000 0.000000 -0.100000
vn 0.000000 0.000000 -0.100000
vn 0.000000 0.000000 -0.100000
vn 0.000000 0.000000 -0.100000
vn 0.000000 0.000000 -0.100000
vn 0.000000 0.000000 -0.100000
vn 0.000000 0.000000 -0.100000
vn 0.000000 0.000000 -0.100000
vn 0.000000 0.000000 -0.100000
vn 0.000000 0.000000 -0.100000
vn 0.000000 0.000000 -0.100000
vn 0.000000 0.000000 -0.100000
vn 0.000000 0.000000 -0.100000
vn 0.000000 0.000000 -0.100000
vn 0.000000 0.000000 -0.100000
vn 0.000000 0.000000 -0.100000
vn 0.000000 0.000000 -0.100000
vn 0.000000 0.000000 -0.100000
vn 0.000000 0.000000 -0.100000
vn 0.000000 0.000000 -0.100000
vn 0.000000 0.000000 -0.100000
vn 0.000000 0.000000 -0.100000
vn 0.000000 0.000000 -0.100000
vn 0.000000 0.000000 -0.100000
vn 0.000000 0.000000 -0.100000
vn 0.000000 0.000000 -0.100000
vn 0.000000 0.000000 -0.100000
vn 0.000000 0.000000 -0.100000
vn 0.000000 0.000000 -0.100000
vn 0.000000 0.000000 -0.100000
vn 0.000000 0.000000 -0.100000
vn 0.000000 0.000000 -0.100000
vn 0.000000 0.000000 -0.100000
vn 0.000000 0.000000 -0.100000
vn 0.000000 0.000000 -0.100000
vn 0.000000 0.000000 -0.100000
vn 0.000000 0.000000 -0.100000
vn 0.000000 0.000000 -0.100000
vn 0.000000 0.000000 -0.100000
vn 0.000000 0.000000 -0.100000
vn 0.000000 0.000000 -0.100000
vn 0.000000 0.000000 -0.100000
vn 0.000000 0.000000 -0.100000
vn 0.000000 0.000000 -0.100000
vn 0.000000 0.000000 -0.100000
vn 0.000000 0.000000 -0.100000
vn 0.000000 0.000000 -0.100000
vn 0.000000 0.000000 -0.100000
vn 0.000000 0.000000 -0.100000
vn 0.000000 0.000000 -0.100000
vn 0.000000 0.000000 -0.100000
vn 0.000000 0.000000 -0.100000
vn 0.000000 0.000000 -0.100000
vn 0.000000 0.000000 -0.100000
vn 0.000000 0.000000 -0.100000
vn 0.000000 0.000000 -0.100000
vn 0.000000 0.000000 -0.100000
vn 0.000000 0.000000 -0.100000
vn 0.000000 0.000000 -0.100000
vn 0.000000 0.000000 -0.100000
vn 0.000000 0.000000 -0.100000
vn 0.000000 0.000000 -0.100000
vn 0.000000 0.000000 -0.100000
vn 0.000000 0.000000 -0.100000
vn 0.000000 0.000000 -0.100000
vn 0.000000 0.000000 -0.100000
vn 0.000000 0.000000 -0.100000
vn 0.000000 0.000000 -0.100000
vn 0.000000 0.000000 -0.100000
vn 0.000000 0.000000 -0.100000
vn 0.000000 0.000000 -0.100000
vn 0.000000 0.000000 -0.100000
vn 0.000000 0.000000 -0.100000
vn 0.000000 0.000000 -0.100000
vn 0.000000 0.000000 -0.100000
vn 0.000000 0.000000 -0.100000
vn 0.000000 0.000000 -0.100000
vn 0.000000 0.000000 -0.100000
vn 0.000000 0.000000 -0.100000
vn 0.000000 0.000000 -0.100000
vn 0.000000 0.000000 -0.100000
vn 0.000000 0.000000 -0.100000
vn 0.000000 0.000000 -0.100000
vn 0.000000 0.000000 -0.100000
vn 0.000000 0.000000 -0.100000
vn 0.000000 0.000000 -0.100000
vn 0.000000 0.000000 -0.100000
vn 0.000000 0.000000 -0.100000
vn 0.000000 0.000000 -0.100000
vn 0.000000 0.000000 -0.100000
vn 0.000000 0.000000 -0.100000
vn 0.000000 0.000000 -0.100000
vn 0.000000 0.000000 -0.100000
vn 0.000000 0.000000 -0.100000
vn 0.000000 0.000000 -0.100000
vn 0.000000 0.000000 -0.100000
vn 0.000000 0.000000 -0.100000
vn 0.000000 0.000000 -0.100000
vn 0.000000 0.000000 -0.100000
vn 0.000000 0.000000 -0.100000
vn 0.000000 0.000000 -0.100000
vn 0.000000 0.000000 -0.100000
vn 0.000000 0.000000 -0.100000
vn 0.000000 0.000000 -0.100000
vn 0.000000 0.000000 -0.100000
vn 0.000000 0.000000 -0.100000
vn 0.000000 0.000000 -0.100000
vn 0.000000 0.000000 -0.100000
vn 0.000000 0.000000 -0.100000
vn 0.000000 0.000000 -0.100000
vn 0.000000 0.000000 -0.100000
vn 0.000000 0.000000 -0.100000
vn 0.000000 0.000000 -0.100000
vn 0.000000 0.000000 -0.100000
vn 0.000000 0.000000 -0.100000
vn 0.000000 0.000000 -0.100000
vn 0.000000 0.000000 -0.100000
vn 0.000000 0.000000 -0.100000
vn 0.000000 0.000000 -0.100000
vn 0.000000 0.000000 -0.100000
vn 0.000000 0.000000 -0.100000
vn 0.000000 0.000000 -0.100000
vn 0.000000 0.000000 -0.100000
vn 0.000000 0.000000 -0.100000
vn 0.000000 0.000000 -0.100000
vn 0.000000 0.000000 -0.100000
vn 0.000000 0.000000 -0.100000
vn 0.000000 0.000000 -0.100000
vn 0.000000 0.000000 -0.100000
vn 0.000000 0.000000 -0.100000
vn 0.000000 0.000000 -0.100000
vn 0.000000 0.000000 -0.100000
vn 0.000000 0.000000 -0.100000
vn 0.000000 0.000000 -0.100000
vn 0.000000 0.000000 -0.100000
vn 0.000000 0.000000 -0.100000
vn 0.000000 0.000000 -0.100000
vn 0.000000 0.000000 -0.100000
vn 0.000000 0.000000 -0.100000
vn 0.000000 0.000000 -0.100000
vn 0.000000 0.000000 -0.100000
vn 0.000000 0.000000 -0.100000
vn 0.000000 0.000000 -0.100000
vn 0.000000 0.000000 -0.100000
vn 0.000000 0.000000 -0.100000
vn 0.000000 0.000000 -0.100000
vn 0.000000 0.000000 -0.100000
vn 0.000000 0.000000 -0.100000
vn 0.000000 0.000000 -0.100000
vn 0.000000 0.000000 -0.100000
vn 0.000000 0.000000 -0.100000
vn 0.000000 0.000000 -0.100000
vn 0.000000 0.000000 -0.100000
vn 0.000000 0.000000 -0.100000
vn 0.000000 0.000000 -0.100000
vn 0.000000 0.000000 -0.100000
vn 0.000000 0.000000 -0.100000
vn 0.000000 0.000000 -0.100000
vn 0.000000 0.000000 -0.100000
vn 0.000000 0.000000 -0.100000
vn 0.000000 0.000000 -0.100000
vn 0.000000 0.000000 -0.100000
vn 0.000000 0.000000 -0.100000
vn 0.000000 0.000000 -0.100000
vn 0.000000 0.000000 -0.100000
vn 0.000000 0.000000 -0.100000
vn 0.000000 0.000000 -0.100000
vn 0.000000 0.000000 -0.100000
vn 0.000000 0.000000 -0.100000
vn 0.000000 0.000000 -0.100000
vn 0.000000 0.000000 -0.100000
vn 0.000000 0.000000 -0.100000
vn 0.000000 0.000000 -0.100000
vn 0.000000 0.000000 -0.100000
vn 0.000000 0.000000 -0.100000
vn 0.000000 0.000000 -0.100000
vn 0.000000 0.000000 -0.100000
vn 0.000000 0.000000 -0.100000
vn 0.000000 0.000000 -0.100000
vn 0.000000 0.000000 -0.100000
vn 0.000000 0.000000 -0.100000
vn 0.000000 0.000000 -0.100000
vn 0.000000 0.000000 -0.100000
vn 0.000000 0.000000 -0.100000
vn 0.000000 0.000000 -0.100000
vn 0.000000 0.000000 -0.100000
vn 0.000000 0.000000 -0.100000
vn 0.000000 0.000000 -0.100000
vn 0.000000 0.000000 -0.100000
vn 0.000000 0.000000 -0.100000
vn 0.000000 0.000000 -0.100000
vn 0.000000 0.000000 -0.100000
vn 0.000000 0.000000 -0.100000
vn 0.000000 0.000000 -0.100000
vn 0.000000 0.000000 -0.100000
vn 0.000000 0.000000 -0.100000
vn 0.000000 0.000000 -0.100000
vn 0.000000 0.000000 -0.100000
vn 0.000000 0.000000 -0.100000
vn 0.000000 0.000000 -0.100000
vn 0.000000 0.000000 -0.100000
vn 0.000000 0.000000 -0.100000
vn 0.000000 0.000000 -0.100000
vn 0.000000 0.000000 -0.100000
vn 0.000000 0.000000 -0.100000
vn 0.000000 0.000000 -0.100000
vn 0.000000 0.000000 -0.100000
vn 0.000000 0.000000 -0.100000
vn 0.000000 0.000000 -0.100000
vn 0.000000 0.000000 -0.100000
vn 0.000000 0.000000 -0.100000
vn 0.000000 0.000000 -0.100000
vn 0.000000 0.000000 -0.100000
vn 0.000000 0.000000 -0.100000
vn 0.000000 0.000000 -0.100000
vn 0.000000 0.000000 -0.100000
vn 0.000000 0.000000 -0.100000
vn 0.000000 0.000000 -0.100000
vn 0.000000 0.000000 -0.100000
vn 0.000000 0.000000 -0.100000
vn 0.000000 0.000000 -0.100000
vn 0.000000 0.000000 -0.100000
vn 0.000000 0.000000 -0.100000
vn 0.000000 0.000000 -0.100000
vn 0.000000 0.000000 -0.100000
vn 0.000000 0.000000 -0.100000
vn 0.000000 0.000000 -0.100000
vn 0.000000 0.000000 -0.100000
vn 0.000000 0.000000 -0.100000
vn 0.000000 0.000000 -0.100000
vn 0.000000 0.000000 -0.100000
vn 0.000000 0.000000 -0.100000
vn 0.000000 0.000000 -0.100000
vn 0.000000 0.000000 -0.100000
vn 0.000000 0.000000 -0.100000
vn 0.000000 0.000000 -0.100000
vn 0.000000 0.000000 -0.100000
vn 0.000000 0.000000 -0.100000
vn 0.000000 0.000000 -0.100000
vn 0.000000 0.000000 -0.100000
vn 0.000000 0.000000 -0.100000
vn 0.000000 0.000000 -0.100000
vn 0.000000 0.000000 -0.100000
vn 0.000000 0.000000 -0.100000
vn 0.000000 0.000000 -0.100000
vn 0.000000 0.000000 -0.100000
vn 0.000000 0.000000 -0.100000
vn 0.000000 0.000000 -0.100000
vn 0.000000 0.000000 -0.100000
vn 0.000000 0.000000 -0.100000
vn 0.000000 0.000000 -0.100000
vn 0.000000 0.000000 -0.100000
vn 0.000000 0.000000 -0.100000
vn 0.000000 0.000000 -0.100000
vn 0.000000 0.000000 -0.100000
vn 0.000000 0.000000 -0.100000
vn 0.000000 0.000000 -0.100000
vn 0.000000 0.000000 -0.100000
vn 0.000000 0.000000 -0.100000
vn 0.000000 0.000000 -0.100000
vn 0.000000 0.000000 -0.100000
vn 0.000000 0.000000 -0.100000
vn 0.000000 0.000000 -0.100000
vn 0.000000 0.000000 -0.100000
vn 0.000000 0.000000 -0.100000
vn 0.000000 0.000000 -0.100000
vn 0.000000 0.000000 -0.100000
vn 0.000000 0.000000 -0.100000
vn 0.000000 0.000000 -0.100000
vn 0.000000 0.000000 -0.100000
vn 0.000000 0.000000 -0.100000
vn 0.000000 0.000000 -0.100000
vn 0.000000 0.000000 -0.100000
vn 0.000000 0.000000 -0.100000
vn 0.000000 0.000000 -0.100000
vn 0.000000 0.000000 -0.100000
vn 0.000000 0.000000 -0.100000
vn 0.000000 0.000000 -0.100000
vn 0.000000 0.000000 -0.100000
vn 0.000000 0.000000 -0.100000
vn 0.000000 0.000000 -0.100000
vn 0.000000 0.000000 -0.100000
vn 0.000000 0.000000 -0.100000
vn 0.000000 0.000000 -0.100000
vn 0.000000 0.000000 -0.100000
vn 0.000000 0.000000 -0.100000
vn 0.000000 0.000000 -0.100000
vn 0.000000 0.000000 -0.100000
vn 0.000000 0.000000 -0.100000
vn 0.000000 0.000000 -0.100000
vn 0.000000 0.000000 -0.100000
vn 0.000000 0.000000 -0.100000
vn 0.000000 0.000000 -0.100000
vn 0.000000 0.000000 -0.100000
vn 0.000000 0.000000 -0.100000
vn 0.000000 0.000000 -0.100000
vn 0.000000 0.000000 -0.100000
vn 0.000000 0.000000 -0.100000
vn 0.000000 0.000000 -0.100000
vn 0.000000 0.000000 -0.100000
vn 0.000000 0.000000 -0.100000
vn 0.000000 0.000000 -0.100000
vn 0.000000 0.000000 -0.100000
vn 0.000000 0.000000 -0.100000
vn 0.000000 0.000000 -0.100000
vn 0.000000 0.000000 -0.100000
vn 0.000000 0.000000 -0.100000
vn 0.000000 0.000000 -0.100000
vn 0.000000 0.000000 -0.100000
vn 0.000000 0.000000 -0.100000
vn 0.000000 0.000000 -0.100000
vn 0.000000 0.000000 -0.100000
vn 0.000000 0.000000 -0.100000
vn 0.000000 0.000000 -0.100000
vn 0.000000 0.000000 -0.100000
vn 0.000000 0.000000 -0.100000
vn 0.000000 0.000000 -0.100000
vn 0.000000 0.000000 -0.100000
vn 0.000000 0.000000 -0.100000
vn 0.000000 0.000000 -0.100000
vn 0.000000 0.000000 -0.100000
vn 0.000000 0.000000 -0.100000
vn 0.000000 0.000000 -0.100000
vn 0.000000 0.000000 -0.100000
vn 0.000000 0.000000 -0.100000
vn 0.000000 0.000000 -0.100000
vn 0.000000 0.000000 -0.100000
vn 0.000000 0.000000 -0.100000
vn 0.000000 0.000000 -0.100000
vn 0.000000 0.000000 -0.100000
vn 0.000000 0.000000 -0.100000
vn 0.000000 0.000000 -0.100000
vn 0.000000 0.000000 -0.100000
vn 0.000000 0.000000 -0.100000
vn 0.000000 0.000000 -0.100000
vn 0.000000 0.000000 -0.100000
vn 0.000000 0.000000 -0.100000
vn 0.000000 0.000000 -0.100000
vn 0.000000 0.000000 -0.100000
vn 0.000000 0.000000 -0.100000
vn 0.000000 0.000000 -0.100000
vn 0.000000 0.000000 -0.100000
vn 0.000000 0.000000 -0.100000
vn 0.000000 0.000000 -0.100000
vn 0.000000 0.000000 -0.100000
vn 0.000000 0.000000 -0.100000
vn 0.000000 0.000000 -0.100000
vn 0.000000 0.000000 -0.100000
vn 0.000000 0.000000 -0.100000
vn 0.000000 0.000000 -0.100000
vn 0.000000 0.000000 -0.100000
vn 0.000000 0.000000 -0.100000
vn 0.000000 0.000000 -0.100000
vn 0.000000 0.000000 -0.100000
vn 0.000000 0.000000 -0.100000
vn 0.000000 0.000000 -0.100000
vn 0.000000 0.000000 -0.100000
vn 0.000000 0.000000 -0.100000
vn 0.000000 0.000000 -0.100000
vn 0.000000 0.000000 -0.100000
vn 0.000000 0.000000 -0.100000
vn 0.000000 0.000000 -0.100000
vn 0.000000 0.000000 -0.100000
vn 0.000000 0.000000 -0.100000
vn 0.000000 0.000000 -0.100000
vn 0.000000 0.000000 -0.100000
vn 0.000000 0.000000 -0.100000
vn 0.000000 0.000000 -0.100000
vn 0.000000 0.000000 -0.100000
vn 0.000000 0.000000 -0.100000
vn 0.000000 0.000000 -0.100000
vn 0.000000 0.000000 -0.100000
vn 0.000000 0.000000 -0.100000
vn 0.000000 0.000000 -0.100000
vn 0.000000 0.000000 -0.100000
vn 0.000000 0.000000 -0.100000
vn 0.000000 0.000000 -0.100000
vn 0.000000 0.000000 -0.100000
vn 0.000000 0.000000 -0.100000
vn 0.000000 0.000000 -0.100000
vn 0.000000 0.000000 -0.100000
vn 0.000000 0.000000 -0.100000
vn 0.000000 0.000000 -0.100000
vn 0.000000 0.000000 -0.100000
vn 0.000000 0.000000 -0.100000
vn 0.099843 -0.005607 0.000000
vn 0.099887 -0.004746 0.000000
vn 0.100000 -0.000000 0.000000
vn 0.100000 -0.000000 0.000000
vn 0.099887 0.004746 0.000000
vn 0.099543 -0.009548 0.000000
vn 0.099371 -0.011196 0.000000
vn 0.098960 -0.014385 0.000000
vn 0.098587 -0.016751 0.000000
vn 0.098133 -0.019233 0.000000
vn 0.097493 -0.022252 0.000000
vn 0.097060 -0.024068 0.000000
vn 0.096092 -0.027684 0.000000
vn 0.095743 -0.028868 0.000000
vn 0.094388 -0.033028 0.000000
vn 0.094183 -0.033610 0.000000
vn 0.092388 -0.038268 0.000000
vn 0.092385 -0.038274 0.000000
vn 0.090357 -0.042843 0.000000
vn 0.090097 -0.043388 0.000000
vn 0.088107 -0.047299 0.000000
vn 0.087522 -0.048372 0.000000
vn 0.085645 -0.051623 0.000000
vn 0.084672 -0.053203 0.000000
vn 0.082985 -0.055799 0.000000
vn 0.081556 -0.057867 0.000000
vn 0.080142 -0.059810 0.000000
vn 0.078183 -0.062349 0.000000
vn 0.077136 -0.063640 0.000000
vn 0.074564 -0.066635 0.000000
vn 0.073985 -0.067277 0.000000
vn 0.070711 -0.070711 0.000000
vn 0.070711 -0.070710 0.000000
vn 0.067278 -0.073984 0.000000
vn 0.066635 -0.074564 0.000000
vn 0.063641 -0.077135 0.000000
vn 0.062349 -0.078183 0.000000
vn 0.059811 -0.080141 0.000000
vn 0.057867 -0.081556 0.000000
vn 0.055801 -0.082983 0.000000
vn 0.053203 -0.084672 0.000000
vn 0.051627 -0.085643 0.000000
vn 0.048372 -0.087522 0.000000
vn 0.047304 -0.088104 0.000000
vn 0.043388 -0.090097 0.000000
vn 0.042850 -0.090354 0.000000
vn 0.038268 -0.092388 0.000000
vn 0.038284 -0.092382 0.000000
vn 0.033622 -0.094178 0.000000
vn 0.033028 -0.094388 0.000000
vn 0.028882 -0.095738 0.000000
vn 0.027684 -0.096092 0.000000
vn 0.024085 -0.097056 0.000000
vn 0.022252 -0.097493 0.000000
vn 0.019252 -0.098129 0.000000
vn 0.016751 -0.098587 0.000000
vn 0.014407 -0.098957 0.000000
vn 0.011196 -0.099371 0.000000
vn 0.009573 -0.099541 0.000000
vn 0.005607 -0.099843 0.000000
vn 0.004772 -0.099886 0.000000
vn -0.000000 -0.100000 0.000000
vn 0.000028 -0.100000 0.000000
vn -0.004715 -0.099889 0.000000
vn -0.005607 -0.099843 0.000000
vn -0.009515 -0.099546 0.000000
vn -0.011196 -0.099371 0.000000
vn -0.014351 -0.098965 0.000000
vn -0.016751 -0.098587 0.000000
vn -0.019197 -0.098140 0.000000
vn -0.022252 -0.097493 0.000000
vn -0.024032 -0.097069 0.000000
vn -0.027684 -0.096092 0.000000
vn -0.028831 -0.095754 0.000000
vn -0.033028 -0.094388 0.000000
vn -0.033574 -0.094195 0.000000
vn -0.038268 -0.092388 0.000000
vn -0.038240 -0.092400 0.000000
vn -0.042810 -0.090373 0.000000
vn -0.043388 -0.090097 0.000000
vn -0.047267 -0.088124 0.000000
vn -0.048372 -0.087522 0.000000
vn -0.051593 -0.085663 0.000000
vn -0.053203 -0.084672 0.000000
vn -0.055772 -0.083003 0.000000
vn -0.057867 -0.081556 0.000000
vn -0.059785 -0.080161 0.000000
vn -0.062349 -0.078183 0.000000
vn -0.063619 -0.077153 0.000000
vn -0.066635 -0.074564 0.000000
vn -0.067259 -0.074002 0.000000
vn -0.070711 -0.070711 0.000000
vn -0.070695 -0.070726 0.000000
vn -0.073972 -0.067292 0.000000
vn -0.074564 -0.066635 0.000000
vn -0.077125 -0.063653 0.000000
vn -0.078183 -0.062349 0.000000
vn -0.080134 -0.059821 0.000000
vn -0.081556 -0.057867 0.000000
vn -0.082978 -0.055809 0.000000
vn -0.084672 -0.053203 0.000000
vn -0.085640 -0.051632 0.000000
vn -0.087522 -0.048372 0.000000
vn -0.088103 -0.047306 0.000000
vn -0.090097 -0.043388 0.000000
vn -0.090354 -0.042849 0.000000
vn -0.092388 -0.038268 0.000000
vn -0.092383 -0.038279 0.000000
vn -0.094181 -0.033614 0.000000
vn -0.094388 -0.033028 0.000000
vn -0.095742 -0.028870 0.000000
vn -0.096092 -0.027684 0.000000
vn -0.097060 -0.024070 0.000000
vn -0.097493 -0.022252 0.000000
vn -0.098133 -0.019234 0.000000
vn -0.098587 -0.016751 0.000000
vn -0.098960 -0.014386 0.000000
vn -0.099371 -0.011196 0.000000
vn -0.099543 -0.009549 0.000000
vn -0.099843 -0.005607 0.000000
vn -0.099887 -0.004746 0.000000
vn -0.100000 0.000000 0.000000
vn -0.100000 0.000000 0.000000
vn -0.099887 0.004746 0.000000
vn -0.099843 0.005607 0.000000
vn -0.099543 0.009549 0.000000
vn -0.099371 0.011196 0.000000
vn -0.098960 0.014386 0.000000
vn -0.098587 0.016751 0.000000
vn -0.098133 0.019234 0.000000
vn -0.097493 0.022252 0.000000
vn -0.097060 0.024070 0.000000
vn -0.096092 0.027684 0.000000
vn -0.095742 0.028870 0.000000
vn -0.094388 0.033028 0.000000
vn -0.094181 0.033614 0.000000
vn -0.092388 0.038268 0.000000
vn -0.092383 0.038279 0.000000
vn -0.090354 0.042849 0.000000
vn -0.090097 0.043388 0.000000
vn -0.088103 0.047306 0.000000
vn -0.087522 0.048372 0.000000
vn -0.085640 0.051632 0.000000
vn -0.084672 0.053203 0.000000
vn -0.082978 0.055809 0.000000
vn -0.081556 0.057867 0.000000
vn -0.080134 0.059821 0.000000
vn -0.078183 0.062349 0.000000
vn -0.077125 0.063653 0.000000
vn -0.074564 0.066635 0.000000
vn -0.073972 0.067292 0.000000
vn -0.070711 0.070711 0.000000
vn -0.070695 0.070726 0.000000
vn -0.067259 0.074002 0.000000
vn -0.066635 0.074564 0.000000
vn -0.063619 0.077153 0.000000
vn -0.062349 0.078183 0.000000
vn -0.059785 0.080161 0.000000
vn -0.057867 0.081556 0.000000
vn -0.055772 0.083003 0.000000
vn -0.053203 0.084672 0.000000
vn -0.051593 0.085663 0.000000
vn -0.048372 0.087522 0.000000
vn -0.047267 0.088124 0.000000
vn -0.043388 0.090097 0.000000
vn -0.042810 0.090373 0.000000
vn -0.038268 0.092388 0.000000
vn -0.038240 0.092400 0.000000
vn -0.033574 0.094195 0.000000
vn -0.033028 0.094388 0.000000
vn -0.028831 0.095754 0.000000
vn -0.027684 0.096092 0.000000
vn -0.024032 0.097069 0.000000
vn -0.022252 0.097493 0.000000
vn -0.019197 0.098140 0.000000
vn -0.016751 0.098587 0.000000
vn -0.014351 0.098965 0.000000
vn -0.011196 0.099371 0.000000
vn -0.009515 0.099546 0.000000
vn -0.005607 0.099843 0.000000
vn -0.004715 0.099889 0.000000
vn -0.000000 0.100000 0.000000
vn 0.000028 0.100000 0.000000
vn 0.004772 0.099886 0.000000
vn 0.005607 0.099843 0.000000
vn 0.009573 0.099541 0.000000
vn 0.011196 0.099371 0.000000
vn 0.014407 0.098957 0.000000
vn 0.016751 0.098587 0.000000
vn 0.019252 0.098129 0.000000
vn 0.022252 0.097493 0.000000
vn 0.024085 0.097056 0.000000
vn 0.027684 0.096092 0.000000
vn 0.028882 0.095738 0.000000
vn 0.033028 0.094388 0.000000
vn 0.033622 0.094178 0.000000
vn 0.038268 0.092388 0.000000
vn 0.038284 0.092382 0.000000
vn 0.042850 0.090354 0.000000
vn 0.043388 0.090097 0.000000
vn 0.047304 0.088104 0.000000
vn 0.048372 0.087522 0.000000
vn 0.051627 0.085643 0.000000
vn 0.053203 0.084672 0.000000
vn 0.055801 0.082983 0.000000
vn 0.057867 0.081556 0.000000
vn 0.059811 0.080141 0.000000
vn 0.062349 0.078183 0.000000
vn 0.063641 0.077135 0.000000
vn 0.066635 0.074564 0.000000
vn 0.067278 0.073984 0.000000
vn 0.070711 0.070711 0.000000
vn 0.070711 0.070710 0.000000
vn 0.073985 0.067277 0.000000
vn 0.074564 0.066635 0.000000
vn 0.077136 0.063640 0.000000
vn 0.078183 0.062349 0.000000
vn 0.080142 0.059810 0.000000
vn 0.081556 0.057867 0.000000
vn 0.082985 0.055799 0.000000
vn 0.084672 0.053203 0.000000
vn 0.085645 0.051623 0.000000
vn 0.087522 0.048372 0.000000
vn 0.088107 0.047299 0.000000
vn 0.090097 0.043388 0.000000
vn 0.090357 0.042843 0.000000
vn 0.092388 0.038268 0.000000
vn 0.092385 0.038274 0.000000
vn 0.094183 0.033610 0.000000
vn 0.094388 0.033028 0.000000
vn 0.095743 0.028868 0.000000
vn 0.096092 0.027684 0.000000
vn 0.097060 0.024068 0.000000
vn 0.097493 0.022252 0.000000
vn 0.098133 0.019233 0.000000
vn 0.098587 0.016751 0.000000
vn 0.098960 0.014385 0.000000
vn 0.099371 0.011196 0.000000
vn 0.099543 0.009548 0.000000
vn 0.099843 0.005607 0.000000
vn 0.099843 -0.005607 0.000000
vn 0.099887 -0.004746 0.000000
vn 0.100000 -0.000000 0.000000
vn 0.100000 -0.000000 0.000000
vn 0.099887 0.004746 0.000000
vn 0.099543 -0.009549 0.000000
vn 0.099371 -0.011196 0.000000
vn 0.098960 -0.014386 0.000000
vn 0.098587 -0.016751 0.000000
vn 0.098133 -0.019234 0.000000
vn 0.097493 -0.022252 0.000000
vn 0.097060 -0.024070 0.000000
vn 0.096092 -0.027684 0.000000
vn 0.095742 -0.028870 0.000000
vn 0.094388 -0.033028 0.000000
vn 0.094181 -0.033614 0.000000
vn 0.092388 -0.038268 0.000000
vn 0.092383 -0.038279 0.000000
vn 0.090354 -0.042849 0.000000
vn 0.090097 -0.043388 0.000000
vn 0.088103 -0.047306 0.000000
vn 0.087522 -0.048372 0.000000
vn 0.085640 -0.051632 0.000000
vn 0.084672 -0.053203 0.000000
vn 0.082978 -0.055809 0.000000
vn 0.081556 -0.057867 0.000000
vn 0.080134 -0.059821 0.000000
vn 0.078183 -0.062349 0.000000
vn 0.077125 -0.063653 0.000000
vn 0.074564 -0.066635 0.000000
vn 0.073972 -0.067292 0.000000
vn 0.070711 -0.070711 0.000000
vn 0.070695 -0.070726 0.000000
vn 0.067259 -0.074002 0.000000
vn 0.066635 -0.074564 0.000000
vn 0.063619 -0.077153 0.000000
vn 0.062349 -0.078183 0.000000
vn 0.059785 -0.080161 0.000000
vn 0.057867 -0.081556 0.000000
vn 0.055772 -0.083003 0.000000
vn 0.053203 -0.084672 0.000000
vn 0.051593 -0.085663 0.000000
vn 0.048372 -0.087522 0.000000
vn 0.047267 -0.088124 0.000000
vn 0.043388 -0.090097 0.000000
vn 0.042810 -0.090373 0.000000
vn 0.038268 -0.092388 0.000000
vn 0.038240 -0.092400 0.000000
vn 0.033574 -0.094195 0.000000
vn 0.033028 -0.094388 0.000000
vn 0.028831 -0.095754 0.000000
vn 0.027684 -0.096092 0.000000
vn 0.024032 -0.097069 0.000000
vn 0.022252 -0.097493 0.000000
vn 0.019197 -0.098140 0.000000
vn 0.016751 -0.098587 0.000000
vn 0.014351 -0.098965 0.000000
vn 0.011196 -0.099371 0.000000
vn 0.009515 -0.099546 0.000000
vn 0.005607 -0.099843 0.000000
vn 0.004715 -0.099889 0.000000
vn -0.000000 -0.100000 0.000000
vn -0.000028 -0.100000 0.000000
vn -0.004772 -0.099886 0.000000
vn -0.005607 -0.099843 0.000000
vn -0.009573 -0.099541 0.000000
vn -0.011196 -0.099371 0.000000
vn -0.014407 -0.098957 0.000000
vn -0.016751 -0.098587 0.000000
vn -0.019252 -0.098129 0.000000
vn -0.022252 -0.097493 0.000000
vn -0.024085 -0.097056 0.000000
vn -0.027684 -0.096092 0.000000
vn -0.028882 -0.095738 0.000000
vn -0.033028 -0.094388 0.000000
vn -0.033622 -0.094178 0.000000
vn -0.038268 -0.092388 0.000000
vn -0.038284 -0.092382 0.000000
vn -0.042850 -0.090354 0.000000
vn -0.043388 -0.090097 0.000000
vn -0.047304 -0.088104 0.000000
vn -0.048372 -0.087522 0.000000
vn -0.051627 -0.085643 0.000000
vn -0.053203 -0.084672 0.000000
vn -0.055801 -0.082983 0.000000
vn -0.057867 -0.081556 0.000000
vn -0.059811 -0.080141 0.000000
vn -0.062349 -0.078183 0.000000
vn -0.063641 -0.077135 0.000000
vn -0.066635 -0.074564 0.000000
vn -0.067278 -0.073984 0.000000
vn -0.070711 -0.070711 0.000000
vn -0.070711 -0.070710 0.000000
vn -0.073985 -0.067277 0.000000
vn -0.074564 -0.066635 0.000000
vn -0.077136 -0.063640 0.000000
vn -0.078183 -0.062349 0.000000
vn -0.080142 -0.059810 0.000000
vn -0.081556 -0.057867 0.000000
vn -0.082985 -0.055799 0.000000
vn -0.084672 -0.053203 0.000000
vn -0.085645 -0.051623 0.000000
vn -0.087522 -0.048372 0.000000
vn -0.088107 -0.047299 0.000000
vn -0.090097 -0.043388 0.000000
vn -0.090357 -0.042843 0.000000
vn -0.092388 -0.038268 0.000000
vn -0.092385 -0.038274 0.000000
vn -0.094183 -0.033610 0.000000
vn -0.094388 -0.033028 0.000000
vn -0.095743 -0.028868 0.000000
vn -0.096092 -0.027684 0.000000
vn -0.097060 -0.024068 0.000000
vn -0.097493 -0.022252 0.000000
vn -0.098133 -0.019233 0.000000
vn -0.098587 -0.016751 0.000000
vn -0.098960 -0.014385 0.000000
vn -0.099371 -0.011196 0.000000
vn -0.099543 -0.009548 0.000000
vn -0.099843 -0.005607 0.000000
vn -0.099887 -0.004746 0.000000
vn -0.100000 0.000000 0.000000
vn -0.100000 0.000000 0.000000
vn -0.099887 0.004746 0.000000
vn -0.099843 0.005607 0.000000
vn -0.099543 0.009548 0.000000
vn -0.099371 0.011196 0.000000
vn -0.098960 0.014385 0.000000
vn -0.098587 0.016751 0.000000
vn -0.098133 0.019233 0.000000
vn -0.097493 0.022252 0.000000
vn -0.097060 0.024068 0.000000
vn -0.096092 0.027684 0.000000
vn -0.095743 0.028868 0.000000
vn -0.094388 0.033028 0.000000
vn -0.094183 0.033610 0.000000
vn -0.092388 0.038268 0.000000
vn -0.092385 0.038274 0.000000
vn -0.090357 0.042843 0.000000
vn -0.090097 0.043388 0.000000
vn -0.088107 0.047299 0.000000
vn -0.087522 0.048372 0.000000
vn -0.085645 0.051623 0.000000
vn -0.084672 0.053203 0.000000
vn -0.082985 0.055799 0.000000
vn -0.081556 0.057867 0.000000
vn -0.080142 0.059810 0.000000
vn -0.078183 0.062349 0.000000
vn -0.077136 0.063640 0.000000
vn -0.074564 0.066635 0.000000
vn -0.073985 0.067277 0.000000
vn -0.070711 0.070711 0.000000
vn -0.070711 0.070710 0.000000
vn -0.067278 0.073984 0.000000
vn -0.066635 0.074564 0.000000
vn -0.063641 0.077135 0.000000
vn -0.062349 0.078183 0.000000
vn -0.059811 0.080141 0.000000
vn -0.057867 0.081556 0.000000
vn -0.055801 0.082983 0.000000
vn -0.053203 0.084672 0.000000
vn -0.051627 0.085643 0.000000
vn -0.048372 0.087522 0.000000
vn -0.047304 0.088104 0.000000
vn -0.043388 0.090097 0.000000
vn -0.042850 0.090354 0.000000
vn -0.038268 0.092388 0.000000
vn -0.038284 0.092382 0.000000
vn -0.033622 0.094178 0.000000
vn -0.033028 0.094388 0.000000
vn -0.028882 0.095738 0.000000
vn -0.027684 0.096092 0.000000
vn -0.024085 0.097056 0.000000
vn -0.022252 0.097493 0.000000
vn -0.019252 0.098129 0.000000
vn -0.016751 0.098587 0.000000
vn -0.014407 0.098957 0.000000
vn -0.011196 0.099371 0.000000
vn -0.009573 0.099541 0.000000
vn -0.005607 0.099843 0.000000
vn -0.004772 0.099886 0.000000
vn -0.000000 0.100000 0.000000
vn -0.000028 0.100000 0.000000
vn 0.004715 0.099889 0.000000
vn 0.005607 0.099843 0.000000
vn 0.009515 0.099546 0.000000
vn 0.011196 0.099371 0.000000
vn 0.014351 0.098965 0.000000
vn 0.016751 0.098587 0.000000
vn 0.019197 0.098140 0.000000
vn 0.022252 0.097493 0.000000
vn 0.024032 0.097069 0.000000
vn 0.027684 0.096092 0.000000
vn 0.028831 0.095754 0.000000
vn 0.033028 0.094388 0.000000
vn 0.033574 0.094195 0.000000
vn 0.038268 0.092388 0.000000
vn 0.038240 0.092400 0.000000
vn 0.042810 0.090373 0.000000
vn 0.043388 0.090097 0.000000
vn 0.047267 0.088124 0.000000
vn 0.048372 0.087522 0.000000
vn 0.051593 0.085663 0.000000
vn 0.053203 0.084672 0.000000
vn 0.055772 0.083003 0.000000
vn 0.057867 0.081556 0.000000
vn 0.059785 0.080161 0.000000
vn 0.062349 0.078183 0.000000
vn 0.063619 0.077153 0.000000
vn 0.066635 0.074564 0.000000
vn 0.067259 0.074002 0.000000
vn 0.070711 0.070711 0.000000
vn 0.070695 0.070726 0.000000
vn 0.073972 0.067292 0.000000
vn 0.074564 0.066635 0.000000
vn 0.077125 0.063653 0.000000
vn 0.078183 0.062349 0.000000
vn 0.080134 0.059821 0.000000
vn 0.081556 0.057867 0.000000
vn 0.082978 0.055809 0.000000
vn 0.084672 0.053203 0.000000
vn 0.085640 0.051632 0.000000
vn 0.087522 0.048372 0.000000
vn 0.088103 0.047306 0.000000
vn 0.090097 0.043388 0.000000
vn 0.090354 0.042849 0.000000
vn 0.092388 0.038268 0.000000
vn 0.092383 0.038279 0.000000
vn 0.094181 0.033614 0.000000
vn 0.094388 0.033028 0.000000
vn 0.095742 0.028870 0.000000
vn 0.096092 0.027684 0.000000
vn 0.097060 0.024070 0.000000
vn 0.097493 0.022252 0.000000
vn 0.098133 0.019234 0.000000
vn 0.098587 0.016751 0.000000
vn 0.098960 0.014386 0.000000
vn 0.099371 0.011196 0.000000
vn 0.099543 0.009549 0.000000
vn 0.099843 0.005607 0.000000
vn -0.098441 0.000000 -0.017586
vn -0.098441 0.000000 -0.017586
vn -0.099859 0.000000 -0.005305
vn -0.098441 0.000000 -0.017586
vn -0.098441 0.000000 -0.017586
vn -0.095519 0.000000 -0.029598
vn -0.095519 0.000000 -0.029598
vn -0.091137 0.000000 -0.041158
vn -0.091137 0.000000 -0.041158
vn -0.085362 0.000000 -0.052089
vn -0.085362 0.000000 -0.052089
vn -0.078282 0.000000 -0.062224
vn -0.078282 0.000000 -0.062224
vn -0.070006 0.000000 -0.071408
vn -0.070006 0.000000 -0.071408
vn -0.060660 0.000000 -0.079500
vn -0.060660 0.000000 -0.079500
vn -0.050387 0.000000 -0.086378
vn -0.050387 0.000000 -0.086378
vn -0.039344 0.000000 -0.091935
vn -0.039344 0.000000 -0.091935
vn -0.027699 0.000000 -0.096087
vn -0.027699 0.000000 -0.096087
vn -0.015631 0.000000 -0.098771
vn -0.015631 0.000000 -0.098771
vn -0.003325 0.000000 -0.099945
vn -0.003325 0.000000 -0.099945
vn -0.003325 0.000000 -0.099945
vn -0.003325 0.000000 -0.099945
vn -0.015631 0.000000 -0.098771
vn -0.015631 0.000000 -0.098771
vn -0.027699 0.000000 -0.096087
vn -0.027699 0.000000 -0.096087
vn -0.039344 0.000000 -0.091935
vn -0.039344 0.000000 -0.091935
vn -0.050387 0.000000 -0.086378
vn -0.050387 0.000000 -0.086378
vn -0.060660 0.000000 -0.079500
vn -0.060660 0.000000 -0.079500
vn -0.070006 0.000000 -0.071408
vn -0.070006 0.000000 -0.071408
vn -0.078282 0.000000 -0.062224
vn -0.078282 0.000000 -0.062224
vn -0.085362 0.000000 -0.052089
vn -0.085362 0.000000 -0.052089
vn -0.091137 0.000000 -0.041158
vn -0.091137 0.000000 -0.041158
vn -0.095519 0.000000 -0.029598
vn -0.095519 0.000000 -0.029598
vn -0.060660 0.000000 -0.079500
vn -0.050387 0.000000 -0.086378
vn -0.039344 0.000000 -0.091935
vn -0.027699 0.000000 -0.096087
vn -0.015631 0.000000 -0.098771
vn -0.003325 0.000000 -0.099945
vn -0.050387 0.000000 -0.086378
vn -0.039344 0.000000 -0.091935
vn -0.027699 0.000000 -0.096087
vn -0.015631 0.000000 -0.098771
vn -0.003325 0.000000 -0.099945
vn -0.039344 0.000000 -0.091935
vn -0.027699 0.000000 -0.096087
vn -0.015631 0.000000 -0.098771
vn -0.003325 0.000000 -0.099945
vn -0.027699 0.000000 -0.096087
vn -0.015631 0.000000 -0.098771
vn -0.003325 0.000000 -0.099945
vn -0.015631 0.000000 -0.098771
vn -0.003325 0.000000 -0.099945
vn -0.003325 0.000000 -0.099945
vn -0.070006 0.000000 -0.071408
vn -0.078282 0.000000 -0.062224
vn -0.085362 0.000000 -0.052089
vn -0.091137 0.000000 -0.041158
vn -0.095519 0.000000 -0.029598
vn -0.098441 0.000000 -0.017586
vn -0.078282 0.000000 -0.062224
vn -0.085362 0.000000 -0.052089
vn -0.091137 0.000000 -0.041158
vn -0.095519 0.000000 -0.029598
vn -0.098441 0.000000 -0.017586
vn -0.085362 0.000000 -0.052089
vn -0.091137 0.000000 -0.041158
vn -0.095519 0.000000 -0.029598
vn -0.098441 0.000000 -0.017586
vn -0.099859 0.000000 -0.005305
vn -0.091137 0.000000 -0.041158
vn -0.095519 0.000000 -0.029598
vn -0.098441 0.000000 -0.017586
vn -0.095519 0.000000 -0.029598
vn -0.098441 0.000000 -0.017586
vn -0.098441 0.000000 -0.017586
vn -0.095519 0.000000 -0.029598
vn -0.091137 0.000000 -0.041158
vn -0.085362 0.000000 -0.052089
vn -0.078282 0.000000 -0.062224
vn -0.070006 0.000000 -0.071408
vn -0.091137 0.000000 -0.041158
vn -0.085362 0.000000 -0.052089
vn -0.078282 0.000000 -0.062224
vn -0.070006 0.000000 -0.071408
vn -0.060660 0.000000 -0.079500
vn -0.085362 0.000000 -0.052089
vn -0.078282 0.000000 -0.062224
vn -0.070006 0.000000 -0.071408
vn -0.060660 0.000000 -0.079500
vn -0.078282 0.000000 -0.062224
vn -0.070006 0.000000 -0.071408
vn -0.060660 0.000000 -0.079500
vn -0.050387 0.000000 -0.086378
vn -0.070006 0.000000 -0.071408
vn -0.060660 0.000000 -0.079500
vn -0.050387 0.000000 -0.086378
vn -0.060660 0.000000 -0.079500
vn -0.050387 0.000000 -0.086378
vn -0.039344 0.000000 -0.091935
vn -0.050387 0.000000 -0.086378
vn -0.039344 0.000000 -0.091935
vn -0.039344 0.000000 -0.091935
vn -0.027699 0.000000 -0.096087
vn -0.027699 0.000000 -0.096087
vn -0.015631 0.000000 -0.098771
vn -0.008132 0.000000 0.099669
vn -0.008132 0.000000 0.099669
vn -0.007230 0.000000 0.099738
vn -0.007230 0.000000 0.099738
vn -0.006328 0.000000 0.099800
vn -0.006328 0.000000 0.099800
vn -0.005953 0.000000 0.099823
vn -0.005950 0.000000 0.099823
vn -0.005425 0.000000 0.099853
vn -0.005869 0.000000 0.099828
vn -0.005899 0.000000 0.099826
vn -0.005923 0.000000 0.099824
vn -0.004521 0.000000 0.099898
vn -0.005021 0.000000 0.099874
vn -0.005119 0.000000 0.099869
vn -0.005212 0.000000 0.099864
vn -0.003617 0.000000 0.099935
vn -0.004063 0.000000 0.099917
vn -0.004196 0.000000 0.099912
vn -0.004326 0.000000 0.099906
vn -0.002713 0.000000 0.099963
vn -0.003107 0.000000 0.099952
vn -0.003242 0.000000 0.099947
vn -0.003378 0.000000 0.099943
vn -0.001809 0.000000 0.099984
vn -0.002285 0.000000 0.099974
vn -0.002422 0.000000 0.099971
vn -0.002560 0.000000 0.099967
vn -0.000905 0.000000 0.099996
vn -0.001404 0.000000 0.099990
vn -0.001518 0.000000 0.099988
vn -0.001637 0.000000 0.099987
vn -0.000000 0.000000 0.100000
vn -0.000534 0.000000 0.099999
vn -0.000598 0.000000 0.099998
vn -0.000668 0.000000 0.099998
vn 0.000905 0.000000 0.099996
vn 0.000476 0.000000 0.099999
vn 0.000425 0.000000 0.099999
vn 0.000380 0.000000 0.099999
vn 0.001809 0.000000 0.099984
vn 0.001404 0.000000 0.099990
vn 0.001295 0.000000 0.099992
vn 0.001191 0.000000 0.099993
vn 0.002713 0.000000 0.099963
vn 0.002285 0.000000 0.099974
vn 0.002150 0.000000 0.099977
vn 0.002017 0.000000 0.099980
vn 0.003617 0.000000 0.099935
vn 0.003107 0.000000 0.099952
vn 0.002972 0.000000 0.099956
vn 0.002835 0.000000 0.099960
vn 0.004521 0.000000 0.099898
vn 0.004063 0.000000 0.099917
vn 0.003928 0.000000 0.099923
vn 0.003792 0.000000 0.099928
vn 0.005425 0.000000 0.099853
vn 0.004918 0.000000 0.099879
vn 0.004808 0.000000 0.099884
vn 0.004694 0.000000 0.099890
vn 0.006328 0.000000 0.099800
vn 0.005787 0.000000 0.099832
vn 0.005736 0.000000 0.099835
vn 0.005678 0.000000 0.099839
vn 0.007230 0.000000 0.099738
vn 0.006328 0.000000 0.099800
vn 0.005953 0.000000 0.099823
vn 0.005950 0.000000 0.099823
vn 0.007230 0.000000 0.099738
vn 0.008132 0.000000 0.099669
vn 0.008132 0.000000 0.099669
vn 0.005425 0.000000 0.099853
vn 0.005869 0.000000 0.099828
vn 0.005899 0.000000 0.099826
vn 0.005923 0.000000 0.099824
vn 0.004521 0.000000 0.099898
vn 0.005021 0.000000 0.099874
vn 0.005119 0.000000 0.099869
vn 0.005212 0.000000 0.099864
vn 0.003617 0.000000 0.099935
vn 0.004063 0.000000 0.099917
vn 0.004196 0.000000 0.099912
vn 0.004326 0.000000 0.099906
vn 0.002713 0.000000 0.099963
vn 0.003107 0.000000 0.099952
vn 0.003242 0.000000 0.099947
vn 0.003378 0.000000 0.099943
vn 0.001809 0.000000 0.099984
vn 0.002285 0.000000 0.099974
vn 0.002422 0.000000 0.099971
vn 0.002560 0.000000 0.099967
vn 0.000905 0.000000 0.099996
vn 0.001404 0.000000 0.099990
vn 0.001518 0.000000 0.099988
vn 0.001637 0.000000 0.099987
vn -0.000000 0.000000 0.100000
vn 0.000534 0.000000 0.099999
vn 0.000598 0.000000 0.099998
vn 0.000668 0.000000 0.099998
vn -0.000905 0.000000 0.099996
vn -0.000476 0.000000 0.099999
vn -0.000425 0.000000 0.099999
vn -0.000380 0.000000 0.099999
vn -0.001809 0.000000 0.099984
vn -0.001404 0.000000 0.099990
vn -0.001295 0.000000 0.099992
vn -0.001191 0.000000 0.099993
vn -0.002713 0.000000 0.099963
vn -0.002285 0.000000 0.099974
vn -0.002150 0.000000 0.099977
vn -0.002017 0.000000 0.099980
vn -0.003617 0.000000 0.099935
vn -0.003107 0.000000 0.099952
vn -0.002972 0.000000 0.099956
vn -0.002835 0.000000 0.099960
vn -0.004521 0.000000 0.099898
vn -0.004063 0.000000 0.099917
vn -0.003928 0.000000 0.099923
vn -0.003792 0.000000 0.099928
vn -0.005425 0.000000 0.099853
vn -0.005021 0.000000 0.099874
vn -0.004918 0.000000 0.099879
vn -0.004808 0.000000 0.099884
vn -0.005869 0.000000 0.099828
vn -0.005831 0.000000 0.099830
vn -0.005787 0.000000 0.099832
vn 0.005940 0.000000 0.099823
vn 0.005923 0.000000 0.099824
vn 0.005899 0.000000 0.099826
vn 0.005869 0.000000 0.099828
vn 0.005831 0.000000 0.099830
vn 0.005614 0.000000 0.099842
vn 0.005544 0.000000 0.099846
vn 0.005468 0.000000 0.099850
vn 0.005387 0.000000 0.099855
vn 0.005302 0.000000 0.099859
vn 0.005212 0.000000 0.099864
vn 0.005119 0.000000 0.099869
vn 0.005021 0.000000 0.099874
vn 0.004576 0.000000 0.099895
vn 0.004453 0.000000 0.099901
vn 0.004326 0.000000 0.099906
vn 0.004196 0.000000 0.099912
vn 0.003654 0.000000 0.099933
vn 0.003516 0.000000 0.099938
vn 0.003378 0.000000 0.099943
vn 0.003242 0.000000 0.099947
vn 0.002697 0.000000 0.099964
vn 0.002560 0.000000 0.099967
vn 0.002422 0.000000 0.099971
vn 0.001887 0.000000 0.099982
vn 0.001760 0.000000 0.099985
vn 0.001637 0.000000 0.099987
vn 0.001518 0.000000 0.099988
vn 0.001093 0.000000 0.099994
vn 0.001000 0.000000 0.099995
vn 0.000910 0.000000 0.099996
vn 0.000825 0.000000 0.099997
vn 0.000744 0.000000 0.099997
vn 0.000668 0.000000 0.099998
vn 0.000598 0.000000 0.099998
vn 0.000534 0.000000 0.099999
vn 0.000343 0.000000 0.099999
vn 0.000313 0.000000 0.100000
vn 0.000289 0.000000 0.100000
vn 0.000272 0.000000 0.100000
vn 0.000262 0.000000 0.100000
vn 0.000259 0.000000 0.100000
vn 0.000262 0.000000 0.100000
vn 0.000272 0.000000 0.100000
vn 0.000289 0.000000 0.100000
vn 0.000313 0.000000 0.100000
vn 0.000343 0.000000 0.099999
vn 0.000380 0.000000 0.099999
vn 0.000425 0.000000 0.099999
vn 0.000476 0.000000 0.099999
vn 0.000744 0.000000 0.099997
vn 0.000825 0.000000 0.099997
vn 0.000910 0.000000 0.099996
vn 0.001000 0.000000 0.099995
vn 0.001093 0.000000 0.099994
vn 0.001191 0.000000 0.099993
vn 0.001295 0.000000 0.099992
vn 0.001760 0.000000 0.099985
vn 0.001887 0.000000 0.099982
vn 0.002017 0.000000 0.099980
vn 0.002150 0.000000 0.099977
vn 0.002697 0.000000 0.099964
vn 0.002835 0.000000 0.099960
vn 0.002972 0.000000 0.099956
vn 0.003516 0.000000 0.099938
vn 0.003654 0.000000 0.099933
vn 0.003792 0.000000 0.099928
vn 0.003928 0.000000 0.099923
vn 0.004453 0.000000 0.099901
vn 0.004576 0.000000 0.099895
vn 0.004694 0.000000 0.099890
vn 0.004808 0.000000 0.099884
vn 0.004918 0.000000 0.099879
vn 0.005302 0.000000 0.099859
vn 0.005387 0.000000 0.099855
vn 0.005468 0.000000 0.099850
vn 0.005544 0.000000 0.099846
vn 0.005614 0.000000 0.099842
vn 0.005678 0.000000 0.099839
vn 0.005736 0.000000 0.099835
vn 0.005787 0.000000 0.099832
vn 0.005831 0.000000 0.099830
vn 0.005940 0.000000 0.099823
vn 0.005950 0.000000 0.099823
vn -0.000262 0.000000 0.100000
vn -0.000259 0.000000 0.100000
vn -0.000262 0.000000 0.100000
vn -0.000272 0.000000 0.100000
vn -0.000289 0.000000 0.100000
vn -0.000313 0.000000 0.100000
vn -0.000343 0.000000 0.099999
vn -0.000272 0.000000 0.100000
vn -0.000289 0.000000 0.100000
vn -0.000313 0.000000 0.100000
vn -0.000343 0.000000 0.099999
vn -0.000380 0.000000 0.099999
vn -0.000425 0.000000 0.099999
vn -0.000476 0.000000 0.099999
vn -0.000744 0.000000 0.099997
vn -0.000825 0.000000 0.099997
vn -0.000910 0.000000 0.099996
vn -0.001000 0.000000 0.099995
vn -0.001093 0.000000 0.099994
vn -0.001191 0.000000 0.099993
vn -0.001295 0.000000 0.099992
vn -0.001760 0.000000 0.099985
vn -0.001887 0.000000 0.099982
vn -0.002017 0.000000 0.099980
vn -0.002150 0.000000 0.099977
vn -0.002697 0.000000 0.099964
vn -0.002835 0.000000 0.099960
vn -0.002972 0.000000 0.099956
vn -0.003516 0.000000 0.099938
vn -0.003654 0.000000 0.099933
vn -0.003792 0.000000 0.099928
vn -0.003928 0.000000 0.099923
vn -0.004453 0.000000 0.099901
vn -0.004576 0.000000 0.099895
vn -0.004694 0.000000 0.099890
vn -0.004808 0.000000 0.099884
vn -0.004918 0.000000 0.099879
vn -0.005302 0.000000 0.099859
vn -0.005387 0.000000 0.099855
vn -0.005468 0.000000 0.099850
vn -0.005544 0.000000 0.099846
vn -0.005614 0.000000 0.099842
vn -0.005678 0.000000 0.099839
vn -0.005736 0.000000 0.099835
vn -0.005787 0.000000 0.099832
vn -0.005831 0.000000 0.099830
vn -0.005940 0.000000 0.099823
vn -0.005950 0.000000 0.099823
vn -0.005940 0.000000 0.099823
vn -0.005923 0.000000 0.099824
vn -0.005899 0.000000 0.099826
vn -0.005736 0.000000 0.099835
vn -0.005678 0.000000 0.099839
vn -0.005614 0.000000 0.099842
vn -0.005544 0.000000 0.099846
vn -0.005468 0.000000 0.099850
vn -0.005387 0.000000 0.099855
vn -0.005302 0.000000 0.099859
vn -0.005212 0.000000 0.099864
vn -0.005119 0.000000 0.099869
vn -0.004694 0.000000 0.099890
vn -0.004576 0.000000 0.099895
vn -0.004453 0.000000 0.099901
vn -0.004326 0.000000 0.099906
vn -0.004196 0.000000 0.099912
vn -0.003654 0.000000 0.099933
vn -0.003516 0.000000 0.099938
vn -0.003378 0.000000 0.099943
vn -0.003242 0.000000 0.099947
vn -0.002697 0.000000 0.099964
vn -0.002560 0.000000 0.099967
vn -0.002422 0.000000 0.099971
vn -0.001887 0.000000 0.099982
vn -0.001760 0.000000 0.099985
vn -0.001637 0.000000 0.099987
vn -0.001518 0.000000 0.099988
vn -0.001093 0.000000 0.099994
vn -0.001000 0.000000 0.099995
vn -0.000910 0.000000 0.099996
vn -0.000825 0.000000 0.099997
vn -0.000744 0.000000 0.099997
vn -0.000668 0.000000 0.099998
vn -0.000598 0.000000 0.099998
vn -0.000534 0.000000 0.099999
usemtl Titan_-_poliert
f 2/1/1 5/2/2 1/3/3
f 1/3/3 5/2/2 6/4/4
f 1/3/3 6/4/4 8/5/5
f 8/5/5 6/4/4 7/6/6
f 2/1/1 3/7/7 5/2/2
f 5/2/2 3/7/7 4/8/8
f 10/9/9 31/10/10 9/11/11
f 9/11/11 31/10/10 32/12/12
f 9/11/11 32/12/12 33/13/13
f 11/14/14 23/15/15 10/9/9
f 10/9/9 23/15/15 28/16/16
f 10/9/9 28/16/16 29/17/17
f 11/14/14 12/18/18 23/15/15
f 23/15/15 12/18/18 13/19/19
f 23/15/15 13/19/19 14/20/20
f 14/20/20 15/21/21 23/15/15
f 23/15/15 15/21/21 16/22/22
f 23/15/15 16/22/22 17/23/23
f 17/23/23 18/24/24 23/15/15
f 23/15/15 18/24/24 19/25/25
f 23/15/15 19/25/25 20/26/26
f 20/26/26 21/27/27 23/15/15
f 23/15/15 21/27/27 22/28/28
f 23/15/15 24/29/29 28/16/16
f 28/16/16 24/29/29 27/30/30
f 27/30/30 24/29/29 26/31/31
f 26/31/31 24/29/29 25/32/32
f 29/17/17 30/33/33 10/9/9
f 10/9/9 30/33/33 31/10/10
f 9/11/11 33/13/13 82/34/34
f 82/34/34 33/13/13 34/35/35
f 82/34/34 34/35/35 81/36/36
f 81/36/36 34/35/35 80/37/37
f 80/37/37 34/35/35 35/38/38
f 80/37/37 35/38/38 79/39/39
f 79/39/39 35/38/38 36/40/40
f 79/39/39 36/40/40 78/41/41
f 78/41/41 36/40/40 77/42/42
f 77/42/42 36/40/40 37/43/43
f 77/42/42 37/43/43 76/44/44
f 76/44/44 37/43/43 75/45/45
f 75/45/45 37/43/43 74/46/46
f 74/46/46 37/43/43 73/47/47
f 73/47/47 37/43/43 72/48/48
f 72/48/48 37/43/43 71/49/49
f 71/49/49 37/43/43 70/50/50
f 70/50/50 37/43/43 69/51/51
f 69/51/51 37/43/43 38/52/52
f 69/51/51 38/52/52 68/53/53
f 68/53/53 38/52/52 67/54/54
f 67/54/54 38/52/52 39/55/55
f 67/54/54 39/55/55 66/56/56
f 66/56/56 39/55/55 40/57/57
f 66/56/56 40/57/57 65/58/58
f 65/58/58 40/57/57 64/59/59
f 64/59/59 40/57/57 41/60/60
f 64/59/59 41/60/60 63/61/61
f 63/61/61 41/60/60 42/62/62
f 63/61/61 42/62/62 43/63/63
f 63/61/61 43/63/63 62/64/64
f 62/64/64 43/63/63 44/65/65
f 62/64/64 44/65/65 45/66/66
f 45/66/66 46/67/67 62/64/64
f 62/64/64 46/67/67 3/68/68
f 62/64/64 3/68/68 61/69/69
f 61/69/69 3/68/68 60/70/70
f 60/70/70 3/68/68 59/71/71
f 59/71/71 3/68/68 58/72/72
f 58/72/72 3/68/68 57/73/73
f 57/73/73 3/68/68 56/74/74
f 56/74/74 3/68/68 55/75/75
f 55/75/75 3/68/68 54/76/76
f 54/76/76 3/68/68 53/77/77
f 53/77/77 3/68/68 52/78/78
f 52/78/78 3/68/68 51/79/79
f 51/79/79 3/68/68 2/80/80
f 3/68/68 46/67/67 50/81/81
f 50/81/81 46/67/67 47/82/82
f 50/81/81 47/82/82 48/83/83
f 48/83/83 49/84/84 50/81/81
f 83/85/85 84/86/86 156/87/87
f 156/87/87 84/86/86 85/88/88
f 156/87/87 85/88/88 86/89/89
f 86/89/89 87/90/90 156/87/87
f 156/87/87 87/90/90 88/91/91
f 156/87/87 88/91/91 89/92/92
f 89/92/92 90/93/93 156/87/87
f 156/87/87 90/93/93 91/94/94
f 156/87/87 91/94/94 92/95/95
f 92/95/95 93/96/96 156/87/87
f 156/87/87 93/96/96 94/97/97
f 156/87/87 94/97/97 95/98/98
f 96/99/99 148/100/100 95/98/98
f 95/98/98 148/100/100 149/101/101
f 95/98/98 149/101/101 150/102/102
f 97/103/103 146/104/104 96/99/99
f 96/99/99 146/104/104 147/105/105
f 96/99/99 147/105/105 148/100/100
f 146/104/104 97/103/103 145/106/106
f 145/106/106 97/103/103 98/107/107
f 145/106/106 98/107/107 99/108/108
f 145/106/106 99/108/108 144/109/109
f 144/109/109 99/108/108 100/110/110
f 144/109/109 100/110/110 143/111/111
f 143/111/111 100/110/110 101/112/112
f 143/111/111 101/112/112 102/113/113
f 143/111/111 102/113/113 142/114/114
f 142/114/114 102/113/113 103/115/115
f 142/114/114 103/115/115 104/116/116
f 104/116/116 105/117/117 142/114/114
f 142/114/114 105/117/117 106/118/118
f 142/114/114 106/118/118 107/119/119
f 107/119/119 108/120/120 142/114/114
f 142/114/114 108/120/120 109/121/121
f 142/114/114 109/121/121 110/122/122
f 142/114/114 110/122/122 141/123/123
f 141/123/123 110/122/122 111/124/124
f 141/123/123 111/124/124 112/125/125
f 141/123/123 112/125/125 140/126/126
f 140/126/126 112/125/125 113/127/127
f 140/126/126 113/127/127 139/128/128
f 139/128/128 113/127/127 114/129/129
f 139/128/128 114/129/129 115/130/130
f 139/128/128 115/130/130 138/131/131
f 138/131/131 115/130/130 116/132/132
f 138/131/131 116/132/132 137/133/133
f 137/133/133 116/132/132 136/134/134
f 136/134/134 116/132/132 117/135/135
f 136/134/134 117/135/135 135/136/136
f 135/136/136 117/135/135 134/137/137
f 134/137/137 117/135/135 133/138/138
f 133/138/138 117/135/135 8/139/139
f 133/138/138 8/139/139 129/140/140
f 117/135/135 118/141/141 8/139/139
f 8/139/139 118/141/141 119/142/142
f 8/139/139 119/142/142 120/143/143
f 120/143/143 121/144/144 8/139/139
f 8/139/139 121/144/144 122/145/145
f 8/139/139 122/145/145 123/146/146
f 123/146/146 124/147/147 8/139/139
f 8/139/139 124/147/147 125/148/148
f 8/139/139 125/148/148 126/149/149
f 126/149/149 127/150/150 8/139/139
f 8/139/139 127/150/150 128/151/151
f 8/139/139 128/151/151 1/152/152
f 130/153/153 131/154/154 129/140/140
f 129/140/140 131/154/154 132/155/155
f 129/140/140 132/155/155 133/138/138
f 150/102/102 151/156/156 95/98/98
f 95/98/98 151/156/156 156/87/87
f 156/87/87 151/156/156 155/157/157
f 155/157/157 151/156/156 152/158/158
f 155/157/157 152/158/158 153/159/159
f 153/159/159 154/160/160 155/157/157
f 23/161/161 22/162/162 159/163/163
f 159/163/163 22/162/162 83/164/164
f 159/163/163 83/164/164 158/165/165
f 158/165/165 83/164/164 156/166/166
f 158/165/165 156/166/166 157/167/167
f 159/163/163 160/168/168 23/161/161
f 416/169/169 161/170/170 106/171/171
f 106/171/171 161/170/170 162/172/172
f 106/171/171 162/172/172 163/173/173
f 163/173/173 164/174/174 106/171/171
f 106/171/171 164/174/174 165/175/175
f 106/171/171 165/175/175 166/176/176
f 166/176/176 167/177/177 106/171/171
f 106/171/171 167/177/177 107/178/178
f 107/178/178 167/177/177 168/179/179
f 107/178/178 168/179/179 169/180/180
f 169/180/180 170/181/181 107/178/178
f 107/178/178 170/181/181 171/182/182
f 107/178/178 171/182/182 172/183/183
f 172/183/183 173/184/184 107/178/178
f 107/178/178 173/184/184 174/185/185
f 107/178/178 174/185/185 175/186/186
f 175/186/186 176/187/187 107/178/178
f 107/178/178 176/187/187 108/188/188
f 108/188/188 176/187/187 177/189/189
f 108/188/188 177/189/189 178/190/190
f 178/190/190 179/191/191 108/188/188
f 108/188/188 179/191/191 180/192/192
f 108/188/188 180/192/192 181/193/193
f 181/193/193 182/194/194 108/188/188
f 108/188/188 182/194/194 183/195/195
f 108/188/188 183/195/195 109/196/196
f 109/196/196 183/195/195 184/197/197
f 109/196/196 184/197/197 185/198/198
f 185/198/198 186/199/199 109/196/196
f 109/196/196 186/199/199 187/200/200
f 109/196/196 187/200/200 188/201/201
f 188/201/201 189/202/202 109/196/196
f 109/196/196 189/202/202 110/203/203
f 110/203/203 189/202/202 190/204/204
f 110/203/203 190/204/204 191/205/205
f 191/205/205 192/206/206 110/203/203
f 110/203/203 192/206/206 193/207/207
f 110/203/203 193/207/207 194/208/208
f 194/208/208 195/209/209 110/203/203
f 110/203/203 195/209/209 111/210/210
f 111/210/210 195/209/209 196/211/211
f 111/210/210 196/211/211 197/212/212
f 197/212/212 198/213/213 111/210/210
f 111/210/210 198/213/213 199/214/214
f 111/210/210 199/214/214 200/215/215
f 200/215/215 201/216/216 111/210/210
f 111/210/210 201/216/216 202/217/217
f 111/210/210 202/217/217 112/218/218
f 112/218/218 202/217/217 203/219/219
f 112/218/218 203/219/219 204/220/220
f 204/220/220 205/221/221 112/218/218
f 112/218/218 205/221/221 206/222/222
f 112/218/218 206/222/222 207/223/223
f 207/223/223 208/224/224 112/218/218
f 112/218/218 208/224/224 209/225/225
f 112/218/218 209/225/225 210/226/226
f 210/226/226 211/227/227 112/218/218
f 112/218/218 211/227/227 113/228/228
f 113/228/228 211/227/227 212/229/229
f 113/228/228 212/229/229 213/230/230
f 213/230/230 214/231/231 113/228/228
f 113/228/228 214/231/231 215/232/232
f 113/228/228 215/232/232 216/233/233
f 216/233/233 217/234/234 113/228/228
f 113/228/228 217/234/234 218/235/235
f 113/228/228 218/235/235 219/236/236
f 219/236/236 220/237/237 113/228/228
f 113/228/228 220/237/237 221/238/238
f 113/228/228 221/238/238 222/239/239
f 222/239/239 223/240/240 113/228/228
f 113/228/228 223/240/240 114/241/241
f 114/241/241 223/240/240 224/242/242
f 114/241/241 224/242/242 225/243/243
f 114/241/241 225/243/243 65/244/244
f 65/244/244 225/243/243 226/245/245
f 65/244/244 226/245/245 227/246/246
f 65/244/244 227/246/246 66/247/247
f 66/247/247 227/246/246 228/248/248
f 66/247/247 228/248/248 229/249/249
f 229/249/249 230/250/250 66/247/247
f 66/247/247 230/250/250 231/251/251
f 66/247/247 231/251/251 232/252/252
f 232/252/252 233/253/253 66/247/247
f 66/247/247 233/253/253 234/254/254
f 66/247/247 234/254/254 235/255/255
f 235/255/255 236/256/256 66/247/247
f 66/247/247 236/256/256 237/257/257
f 66/247/247 237/257/257 238/258/258
f 238/258/258 239/259/259 66/247/247
f 66/247/247 239/259/259 67/260/260
f 67/260/260 239/259/259 240/261/261
f 67/260/260 240/261/261 241/262/262
f 241/262/262 242/263/263 67/260/260
f 67/260/260 242/263/263 243/264/264
f 67/260/260 243/264/264 244/265/265
f 244/265/265 245/266/266 67/260/260
f 67/260/260 245/266/266 246/267/267
f 67/260/260 246/267/267 247/268/268
f 247/268/268 248/269/269 67/260/260
f 67/260/260 248/269/269 68/270/270
f 68/270/270 248/269/269 249/271/271
f 68/270/270 249/271/271 250/272/272
f 250/272/272 251/273/273 68/270/270
f 68/270/270 251/273/273 252/274/274
f 68/270/270 252/274/274 253/275/275
f 253/275/275 254/276/276 68/270/270
f 68/270/270 254/276/276 255/277/277
f 68/270/270 255/277/277 69/278/278
f 69/278/278 255/277/277 256/279/279
f 69/278/278 256/279/279 257/280/280
f 257/280/280 258/281/281 69/278/278
f 69/278/278 258/281/281 259/282/282
f 69/278/278 259/282/282 260/283/283
f 260/283/283 261/284/284 69/278/278
f 69/278/278 261/284/284 70/285/285
f 70/285/285 261/284/284 262/286/286
f 70/285/285 262/286/286 263/287/287
f 263/287/287 264/288/288 70/285/285
f 70/285/285 264/288/288 265/289/289
f 70/285/285 265/289/289 266/290/290
f 266/290/290 267/291/291 70/285/285
f 70/285/285 267/291/291 71/292/292
f 71/292/292 267/291/291 268/293/293
f 71/292/292 268/293/293 269/294/294
f 269/294/294 270/295/295 71/292/292
f 71/292/292 270/295/295 271/296/296
f 71/292/292 271/296/296 272/297/297
f 272/297/297 273/298/298 71/292/292
f 71/292/292 273/298/298 274/299/299
f 71/292/292 274/299/299 72/300/300
f 72/300/300 274/299/299 275/301/301
f 72/300/300 275/301/301 276/302/302
f 276/302/302 277/303/303 72/300/300
f 72/300/300 277/303/303 278/304/304
f 72/300/300 278/304/304 279/305/305
f 279/305/305 280/306/306 72/300/300
f 72/300/300 280/306/306 281/307/307
f 72/300/300 281/307/307 282/308/308
f 282/308/308 283/309/309 72/300/300
f 72/300/300 283/309/309 73/310/310
f 73/310/310 283/309/309 284/311/311
f 73/310/310 284/311/311 285/312/312
f 285/312/312 286/313/313 73/310/310
f 73/310/310 286/313/313 287/314/314
f 73/310/310 287/314/314 288/315/315
f 288/315/315 289/316/316 73/310/310
f 73/310/310 289/316/316 290/317/317
f 73/310/310 290/317/317 291/318/318
f 291/318/318 292/319/319 73/310/310
f 73/310/310 292/319/319 293/320/320
f 73/310/310 293/320/320 294/321/321
f 294/321/321 295/322/322 73/310/310
f 73/310/310 295/322/322 296/323/323
f 73/310/310 296/323/323 74/324/324
f 74/324/324 296/323/323 297/325/325
f 74/324/324 297/325/325 298/326/326
f 298/326/326 299/327/327 74/324/324
f 74/324/324 299/327/327 300/328/328
f 74/324/324 300/328/328 301/329/329
f 301/329/329 302/330/330 74/324/324
f 74/324/324 302/330/330 303/331/331
f 74/324/324 303/331/331 304/332/332
f 74/324/324 304/332/332 75/333/333
f 75/333/333 304/332/332 305/334/334
f 75/333/333 305/334/334 306/335/335
f 306/335/335 307/336/336 75/333/333
f 75/333/333 307/336/336 308/337/337
f 75/333/333 308/337/337 309/338/338
f 309/338/338 310/339/339 75/333/333
f 75/333/333 310/339/339 311/340/340
f 75/333/333 311/340/340 76/341/341
f 76/341/341 311/340/340 312/342/342
f 76/341/341 312/342/342 313/343/343
f 313/343/343 314/344/344 76/341/341
f 76/341/341 314/344/344 315/345/345
f 76/341/341 315/345/345 316/346/346
f 316/346/346 317/347/347 76/341/341
f 76/341/341 317/347/347 77/348/348
f 77/348/348 317/347/347 318/349/349
f 77/348/348 318/349/349 319/350/350
f 319/350/350 320/351/351 77/348/348
f 77/348/348 320/351/351 321/352/352
f 77/348/348 321/352/352 322/353/353
f 322/353/353 323/354/354 77/348/348
f 77/348/348 323/354/354 78/355/355
f 78/355/355 323/354/354 324/356/356
f 78/355/355 324/356/356 325/357/357
f 325/357/357 326/358/358 78/355/355
f 78/355/355 326/358/358 327/359/359
f 78/355/355 327/359/359 328/360/360
f 328/360/360 329/361/361 78/355/355
f 78/355/355 329/361/361 330/362/362
f 78/355/355 330/362/362 79/363/363
f 79/363/363 330/362/362 331/364/364
f 79/363/363 331/364/364 332/365/365
f 332/365/365 333/366/366 79/363/363
f 79/363/363 333/366/366 334/367/367
f 79/363/363 334/367/367 335/368/368
f 335/368/368 336/369/369 79/363/363
f 79/363/363 336/369/369 337/370/370
f 79/363/363 337/370/370 338/371/371
f 338/371/371 339/372/372 79/363/363
f 79/363/363 339/372/372 80/373/373
f 80/373/373 339/372/372 340/374/374
f 80/373/373 340/374/374 341/375/375
f 341/375/375 342/376/376 80/373/373
f 80/373/373 342/376/376 343/377/377
f 80/373/373 343/377/377 344/378/378
f 344/378/378 345/379/379 80/373/373
f 80/373/373 345/379/379 346/380/380
f 80/373/373 346/380/380 347/381/381
f 347/381/381 348/382/382 80/373/373
f 80/373/373 348/382/382 349/383/383
f 80/373/373 349/383/383 350/384/384
f 350/384/384 351/385/385 80/373/373
f 80/373/373 351/385/385 352/386/386
f 80/373/373 352/386/386 353/387/387
f 354/388/388 99/389/389 353/387/387
f 353/387/387 99/389/389 98/390/390
f 353/387/387 98/390/390 81/391/391
f 81/391/391 98/390/390 82/392/392
f 82/392/392 98/390/390 97/393/393
f 82/392/392 97/393/393 9/394/394
f 9/394/394 97/393/393 96/395/395
f 354/388/388 355/396/396 99/389/389
f 99/389/389 355/396/396 356/397/397
f 99/389/389 356/397/397 357/398/398
f 357/398/398 358/399/399 99/389/389
f 99/389/389 358/399/399 359/400/400
f 99/389/389 359/400/400 360/401/401
f 360/401/401 361/402/402 99/389/389
f 99/389/389 361/402/402 362/403/403
f 99/389/389 362/403/403 363/404/404
f 363/404/404 364/405/405 99/389/389
f 99/389/389 364/405/405 365/406/406
f 99/389/389 365/406/406 366/407/407
f 366/407/407 367/408/408 99/389/389
f 99/389/389 367/408/408 100/409/409
f 100/409/409 367/408/408 368/410/410
f 100/409/409 368/410/410 369/411/411
f 369/411/411 370/412/412 100/409/409
f 100/409/409 370/412/412 371/413/413
f 100/409/409 371/413/413 372/414/414
f 372/414/414 373/415/415 100/409/409
f 100/409/409 373/415/415 374/416/416
f 100/409/409 374/416/416 375/417/417
f 375/417/417 376/418/418 100/409/409
f 100/409/409 376/418/418 101/419/419
f 101/419/419 376/418/418 377/420/420
f 101/419/419 377/420/420 378/421/421
f 378/421/421 379/422/422 101/419/419
f 101/419/419 379/422/422 380/423/423
f 101/419/419 380/423/423 381/424/424
f 381/424/424 382/425/425 101/419/419
f 101/419/419 382/425/425 383/426/426
f 101/419/419 383/426/426 102/427/427
f 102/427/427 383/426/426 384/428/428
f 102/427/427 384/428/428 385/429/429
f 385/429/429 386/430/430 102/427/427
f 102/427/427 386/430/430 387/431/431
f 102/427/427 387/431/431 388/432/432
f 388/432/432 389/433/433 102/427/427
f 102/427/427 389/433/433 103/434/434
f 103/434/434 389/433/433 390/435/435
f 103/434/434 390/435/435 391/436/436
f 391/436/436 392/437/437 103/434/434
f 103/434/434 392/437/437 393/438/438
f 103/434/434 393/438/438 394/439/439
f 394/439/439 395/440/440 103/434/434
f 103/434/434 395/440/440 104/441/441
f 104/441/441 395/440/440 396/442/442
f 104/441/441 396/442/442 397/443/443
f 397/443/443 398/444/444 104/441/441
f 104/441/441 398/444/444 399/445/445
f 104/441/441 399/445/445 400/446/446
f 400/446/446 401/447/447 104/441/441
f 104/441/441 401/447/447 402/448/448
f 104/441/441 402/448/448 105/449/449
f 105/449/449 402/448/448 403/450/450
f 105/449/449 403/450/450 404/451/451
f 404/451/451 405/452/452 105/449/449
f 105/449/449 405/452/452 406/453/453
f 105/449/449 406/453/453 407/454/454
f 407/454/454 408/455/455 105/449/449
f 105/449/449 408/455/455 409/456/456
f 105/449/449 409/456/456 410/457/457
f 105/449/449 410/457/457 106/171/171
f 106/171/171 410/457/457 411/458/458
f 106/171/171 411/458/458 412/459/459
f 412/459/459 413/460/460 106/171/171
f 106/171/171 413/460/460 414/461/461
f 106/171/171 414/461/461 415/462/462
f 415/462/462 416/169/169 106/171/171
f 81/391/391 80/373/373 353/387/387
f 114/241/241 65/244/244 115/463/463
f 115/463/463 65/244/244 64/464/464
f 115/463/463 64/464/464 116/465/465
f 116/465/465 64/464/464 63/466/466
f 62/467/467 417/468/468 63/469/469
f 63/469/469 417/468/468 418/470/470
f 63/469/469 418/470/470 419/471/471
f 419/471/471 418/470/470 427/472/472
f 419/471/471 427/472/472 428/473/473
f 428/473/473 427/472/472 436/474/474
f 428/473/473 436/474/474 437/475/475
f 437/475/475 436/474/474 445/476/476
f 437/475/475 445/476/476 446/477/477
f 446/477/477 445/476/476 454/478/478
f 446/477/477 454/478/478 455/479/479
f 455/479/479 454/478/478 463/480/480
f 455/479/479 463/480/480 464/481/481
f 464/481/481 463/480/480 472/482/482
f 464/481/481 472/482/482 123/483/483
f 123/483/483 472/482/482 124/484/484
f 124/484/484 472/482/482 480/485/485
f 124/484/484 480/485/485 125/486/486
f 125/486/486 480/485/485 488/487/487
f 125/486/486 488/487/487 126/488/488
f 126/488/488 488/487/487 496/489/489
f 126/488/488 496/489/489 127/490/490
f 127/490/490 496/489/489 504/491/491
f 127/490/490 504/491/491 128/492/492
f 128/492/492 504/491/491 512/493/493
f 128/492/492 512/493/493 1/494/494
f 1/494/494 512/493/493 511/495/495
f 1/494/494 511/495/495 510/496/496
f 510/496/496 511/495/495 502/497/497
f 510/496/496 502/497/497 501/498/498
f 501/498/498 502/497/497 493/499/499
f 501/498/498 493/499/499 492/500/500
f 492/500/500 493/499/499 484/501/501
f 492/500/500 484/501/501 483/502/502
f 483/502/502 484/501/501 475/503/503
f 483/502/502 475/503/503 474/504/504
f 474/504/504 475/503/503 466/505/505
f 474/504/504 466/505/505 465/506/506
f 465/506/506 466/505/505 457/507/507
f 465/506/506 457/507/507 57/508/508
f 57/508/508 457/507/507 58/509/509
f 58/509/509 457/507/507 449/510/510
f 58/509/509 449/510/510 59/511/511
f 59/511/511 449/510/510 441/512/512
f 59/511/511 441/512/512 60/513/513
f 60/513/513 441/512/512 433/514/514
f 60/513/513 433/514/514 61/515/515
f 61/515/515 433/514/514 425/516/516
f 61/515/515 425/516/516 62/467/467
f 62/467/467 425/516/516 417/468/468
f 57/508/508 56/517/517 465/506/506
f 465/506/506 56/517/517 473/518/518
f 465/506/506 473/518/518 474/504/504
f 474/504/504 473/518/518 482/519/519
f 474/504/504 482/519/519 483/502/502
f 483/502/502 482/519/519 491/520/520
f 483/502/502 491/520/520 492/500/500
f 492/500/500 491/520/520 500/521/521
f 492/500/500 500/521/521 501/498/498
f 501/498/498 500/521/521 509/522/522
f 501/498/498 509/522/522 510/496/496
f 510/496/496 509/522/522 1/494/494
f 56/517/517 55/523/523 473/518/518
f 473/518/518 55/523/523 481/524/524
f 473/518/518 481/524/524 482/519/519
f 482/519/519 481/524/524 490/525/525
f 482/519/519 490/525/525 491/520/520
f 491/520/520 490/525/525 499/526/526
f 491/520/520 499/526/526 500/521/521
f 500/521/521 499/526/526 508/527/527
f 500/521/521 508/527/527 509/522/522
f 509/522/522 508/527/527 1/494/494
f 55/523/523 54/528/528 481/524/524
f 481/524/524 54/528/528 489/529/529
f 481/524/524 489/529/529 490/525/525
f 490/525/525 489/529/529 498/530/530
f 490/525/525 498/530/530 499/526/526
f 499/526/526 498/530/530 507/531/531
f 499/526/526 507/531/531 508/527/527
f 508/527/527 507/531/531 2/532/532
f 508/527/527 2/532/532 1/494/494
f 54/528/528 53/533/533 489/529/529
f 489/529/529 53/533/533 497/534/534
f 489/529/529 497/534/534 498/530/530
f 498/530/530 497/534/534 506/535/535
f 498/530/530 506/535/535 507/531/531
f 507/531/531 506/535/535 2/532/532
f 53/533/533 52/536/536 497/534/534
f 497/534/534 52/536/536 505/537/537
f 497/534/534 505/537/537 506/535/535
f 506/535/535 505/537/537 2/532/532
f 52/536/536 51/538/538 505/537/537
f 505/537/537 51/538/538 2/532/532
f 123/483/483 122/539/539 464/481/481
f 464/481/481 122/539/539 456/540/540
f 464/481/481 456/540/540 455/479/479
f 455/479/479 456/540/540 447/541/541
f 455/479/479 447/541/541 446/477/477
f 446/477/477 447/541/541 438/542/542
f 446/477/477 438/542/542 437/475/475
f 437/475/475 438/542/542 429/543/543
f 437/475/475 429/543/543 428/473/473
f 428/473/473 429/543/543 420/544/544
f 428/473/473 420/544/544 419/471/471
f 419/471/471 420/544/544 63/469/469
f 122/539/539 121/545/545 456/540/540
f 456/540/540 121/545/545 448/546/546
f 456/540/540 448/546/546 447/541/541
f 447/541/541 448/546/546 439/547/547
f 447/541/541 439/547/547 438/542/542
f 438/542/542 439/547/547 430/548/548
f 438/542/542 430/548/548 429/543/543
f 429/543/543 430/548/548 421/549/549
f 429/543/543 421/549/549 420/544/544
f 420/544/544 421/549/549 63/469/469
f 121/545/545 120/550/550 448/546/546
f 448/546/546 120/550/550 440/551/551
f 448/546/546 440/551/551 439/547/547
f 439/547/547 440/551/551 431/552/552
f 439/547/547 431/552/552 430/548/548
f 430/548/548 431/552/552 422/553/553
f 430/548/548 422/553/553 421/549/549
f 421/549/549 422/553/553 116/554/554
f 421/549/549 116/554/554 63/469/469
f 120/550/550 119/555/555 440/551/551
f 440/551/551 119/555/555 432/556/556
f 440/551/551 432/556/556 431/552/552
f 431/552/552 432/556/556 423/557/557
f 431/552/552 423/557/557 422/553/553
f 422/553/553 423/557/557 116/554/554
f 119/555/555 118/558/558 432/556/556
f 432/556/556 118/558/558 424/559/559
f 432/556/556 424/559/559 423/557/557
f 423/557/557 424/559/559 116/554/554
f 118/558/558 117/560/560 424/559/559
f 424/559/559 117/560/560 116/554/554
f 418/470/470 417/468/468 426/561/561
f 426/561/561 417/468/468 425/516/516
f 426/561/561 425/516/516 434/562/562
f 434/562/562 425/516/516 433/514/514
f 434/562/562 433/514/514 442/563/563
f 442/563/563 433/514/514 441/512/512
f 442/563/563 441/512/512 450/564/564
f 450/564/564 441/512/512 449/510/510
f 450/564/564 449/510/510 458/565/565
f 458/565/565 449/510/510 457/507/507
f 458/565/565 457/507/507 466/505/505
f 418/470/470 426/561/561 427/472/472
f 427/472/472 426/561/561 435/566/566
f 427/472/472 435/566/566 436/474/474
f 436/474/474 435/566/566 444/567/567
f 436/474/474 444/567/567 445/476/476
f 445/476/476 444/567/567 453/568/568
f 445/476/476 453/568/568 454/478/478
f 454/478/478 453/568/568 462/569/569
f 454/478/478 462/569/569 463/480/480
f 463/480/480 462/569/569 471/570/570
f 463/480/480 471/570/570 472/482/482
f 472/482/482 471/570/570 480/485/485
f 435/566/566 426/561/561 434/562/562
f 435/566/566 434/562/562 443/571/571
f 443/571/571 434/562/562 442/563/563
f 443/571/571 442/563/563 451/572/572
f 451/572/572 442/563/563 450/564/564
f 451/572/572 450/564/564 459/573/573
f 459/573/573 450/564/564 458/565/565
f 459/573/573 458/565/565 467/574/574
f 467/574/574 458/565/565 466/505/505
f 467/574/574 466/505/505 475/503/503
f 435/566/566 443/571/571 444/567/567
f 444/567/567 443/571/571 452/575/575
f 444/567/567 452/575/575 453/568/568
f 453/568/568 452/575/575 461/576/576
f 453/568/568 461/576/576 462/569/569
f 462/569/569 461/576/576 470/577/577
f 462/569/569 470/577/577 471/570/570
f 471/570/570 470/577/577 479/578/578
f 471/570/570 479/578/578 480/485/485
f 480/485/485 479/578/578 488/487/487
f 452/575/575 443/571/571 451/572/572
f 452/575/575 451/572/572 460/579/579
f 460/579/579 451/572/572 459/573/573
f 460/579/579 459/573/573 468/580/580
f 468/580/580 459/573/573 467/574/574
f 468/580/580 467/574/574 476/581/581
f 476/581/581 467/574/574 475/503/503
f 476/581/581 475/503/503 484/501/501
f 452/575/575 460/579/579 461/576/576
f 461/576/576 460/579/579 469/582/582
f 461/576/576 469/582/582 470/577/577
f 470/577/577 469/582/582 478/583/583
f 470/577/577 478/583/583 479/578/578
f 479/578/578 478/583/583 487/584/584
f 479/578/578 487/584/584 488/487/487
f 488/487/487 487/584/584 496/489/489
f 469/582/582 460/579/579 468/580/580
f 469/582/582 468/580/580 477/585/585
f 477/585/585 468/580/580 476/581/581
f 477/585/585 476/581/581 485/586/586
f 485/586/586 476/581/581 484/501/501
f 485/586/586 484/501/501 493/499/499
f 469/582/582 477/585/585 478/583/583
f 478/583/583 477/585/585 486/587/587
f 478/583/583 486/587/587 487/584/584
f 487/584/584 486/587/587 495/588/588
f 487/584/584 495/588/588 496/489/489
f 496/489/489 495/588/588 504/491/491
f 486/587/587 477/585/585 485/586/586
f 486/587/587 485/586/586 494/589/589
f 494/589/589 485/586/586 493/499/499
f 494/589/589 493/499/499 502/497/497
f 486/587/587 494/589/589 495/588/588
f 495/588/588 494/589/589 503/590/590
f 495/588/588 503/590/590 504/491/491
f 504/491/491 503/590/590 512/493/493
f 503/590/590 494/589/589 502/497/497
f 512/493/493 503/590/590 511/495/495
f 511/495/495 503/590/590 502/497/497
f 129/591/591 8/592/592 513/593/593
f 513/593/593 8/592/592 7/594/594
f 6/595/595 514/596/596 7/597/597
f 7/597/597 514/596/596 515/598/598
f 7/597/597 515/598/598 516/599/599
f 516/599/599 517/600/600 7/597/597
f 7/597/597 517/600/600 518/601/601
f 7/597/597 518/601/601 513/602/602
f 5/603/603 4/604/604 524/605/605
f 524/605/605 4/604/604 523/606/606
f 523/606/606 4/604/604 522/607/607
f 522/607/607 4/604/604 521/608/608
f 521/608/608 4/604/604 520/609/609
f 520/609/609 4/604/604 519/610/610
f 3/611/611 50/612/612 4/613/613
f 4/613/613 50/612/612 519/614/614
f 156/615/615 155/616/616 157/617/617
f 157/617/617 155/616/616 525/618/618
f 158/619/619 157/620/620 530/621/621
f 530/621/621 157/620/620 529/622/622
f 529/622/622 157/620/620 528/623/623
f 528/623/623 157/620/620 527/624/624
f 527/624/624 157/620/620 526/625/625
f 526/625/625 157/620/620 525/626/626
f 132/627/627 131/628/628 47/629/629
f 47/629/629 131/628/628 48/630/630
f 48/630/630 131/628/628 49/631/631
f 49/631/631 131/628/628 534/632/632
f 49/631/631 534/632/632 535/633/633
f 535/633/633 534/632/632 540/634/634
f 535/633/633 540/634/634 519/635/635
f 519/635/635 540/634/634 520/636/636
f 520/636/636 540/634/634 521/637/637
f 521/637/637 540/634/634 545/638/638
f 521/637/637 545/638/638 522/639/639
f 522/639/639 545/638/638 550/640/640
f 522/639/639 550/640/640 523/641/641
f 523/641/641 550/640/640 555/642/642
f 523/641/641 555/642/642 524/643/643
f 524/643/643 555/642/642 560/644/644
f 524/643/643 560/644/644 5/645/645
f 5/645/645 560/644/644 559/646/646
f 5/645/645 559/646/646 558/647/647
f 558/647/647 559/646/646 553/648/648
f 558/647/647 553/648/648 552/649/649
f 552/649/649 553/648/648 547/650/650
f 552/649/649 547/650/650 546/651/651
f 546/651/651 547/650/650 541/652/652
f 546/651/651 541/652/652 517/653/653
f 517/653/653 541/652/652 518/654/654
f 518/654/654 541/652/652 536/655/655
f 518/654/654 536/655/655 513/656/656
f 513/656/656 536/655/655 531/657/657
f 513/656/656 531/657/657 129/658/658
f 129/658/658 531/657/657 130/659/659
f 130/659/659 531/657/657 131/628/628
f 131/628/628 531/657/657 532/660/660
f 131/628/628 532/660/660 533/661/661
f 533/661/661 532/660/660 538/662/662
f 533/661/661 538/662/662 539/663/663
f 539/663/663 538/662/662 544/664/664
f 539/663/663 544/664/664 545/638/638
f 545/638/638 544/664/664 550/640/640
f 517/653/653 516/665/665 546/651/651
f 546/651/651 516/665/665 551/666/666
f 546/651/651 551/666/666 552/649/649
f 552/649/649 551/666/666 557/667/667
f 552/649/649 557/667/667 558/647/647
f 558/647/647 557/667/667 6/668/668
f 558/647/647 6/668/668 5/645/645
f 516/665/665 515/669/669 551/666/666
f 551/666/666 515/669/669 556/670/670
f 551/666/666 556/670/670 557/667/667
f 557/667/667 556/670/670 6/668/668
f 515/669/669 514/671/671 556/670/670
f 556/670/670 514/671/671 6/668/668
f 519/635/635 50/672/672 535/633/633
f 535/633/633 50/672/672 49/631/631
f 534/632/632 131/628/628 533/661/661
f 532/660/660 531/657/657 537/673/673
f 537/673/673 531/657/657 536/655/655
f 537/673/673 536/655/655 542/674/674
f 542/674/674 536/655/655 541/652/652
f 542/674/674 541/652/652 547/650/650
f 540/634/634 534/632/632 539/663/663
f 539/663/663 534/632/632 533/661/661
f 532/660/660 537/673/673 538/662/662
f 538/662/662 537/673/673 543/675/675
f 538/662/662 543/675/675 544/664/664
f 544/664/664 543/675/675 549/676/676
f 544/664/664 549/676/676 550/640/640
f 550/640/640 549/676/676 555/642/642
f 543/675/675 537/673/673 542/674/674
f 545/638/638 540/634/634 539/663/663
f 543/675/675 542/674/674 548/677/677
f 548/677/677 542/674/674 547/650/650
f 548/677/677 547/650/650 553/648/648
f 543/675/675 548/677/677 549/676/676
f 549/676/676 548/677/677 554/678/678
f 549/676/676 554/678/678 555/642/642
f 555/642/642 554/678/678 560/644/644
f 554/678/678 548/677/677 553/648/648
f 560/644/644 554/678/678 559/646/646
f 559/646/646 554/678/678 553/648/648
f 160/679/679 561/680/680 23/681/681
f 23/681/681 561/680/680 24/682/682
f 159/683/683 562/684/684 160/685/685
f 160/685/685 562/684/684 563/686/686
f 160/685/685 563/686/686 564/687/687
f 564/687/687 565/688/688 160/685/685
f 160/685/685 565/688/688 566/689/689
f 160/685/685 566/689/689 561/690/690
f 525/691/691 155/692/692 567/693/693
f 567/693/693 155/692/692 154/694/694
f 567/693/693 154/694/694 153/695/695
f 152/696/696 27/697/697 153/695/695
f 153/695/695 27/697/697 569/698/698
f 153/695/695 569/698/698 568/699/699
f 568/699/699 569/698/698 575/700/700
f 568/699/699 575/700/700 576/701/701
f 576/701/701 575/700/700 581/702/702
f 576/701/701 581/702/702 527/703/703
f 527/703/703 581/702/702 528/704/704
f 528/704/704 581/702/702 586/705/705
f 528/704/704 586/705/705 529/706/706
f 529/706/706 586/705/705 591/707/707
f 529/706/706 591/707/707 530/708/708
f 530/708/708 591/707/707 596/709/709
f 530/708/708 596/709/709 158/710/710
f 158/710/710 596/709/709 595/711/711
f 158/710/710 595/711/711 594/712/712
f 594/712/712 595/711/711 589/713/713
f 594/712/712 589/713/713 588/714/714
f 588/714/714 589/713/713 583/715/715
f 588/714/714 583/715/715 582/716/716
f 582/716/716 583/715/715 577/717/717
f 582/716/716 577/717/717 565/718/718
f 565/718/718 577/717/717 566/719/719
f 566/719/719 577/717/717 572/720/720
f 566/719/719 572/720/720 561/721/721
f 561/721/721 572/720/720 571/722/722
f 561/721/721 571/722/722 24/723/723
f 24/723/723 571/722/722 25/724/724
f 25/724/724 571/722/722 26/725/725
f 26/725/725 571/722/722 27/697/697
f 27/697/697 571/722/722 570/726/726
f 27/697/697 570/726/726 569/698/698
f 569/698/698 570/726/726 574/727/727
f 569/698/698 574/727/727 575/700/700
f 575/700/700 574/727/727 580/728/728
f 575/700/700 580/728/728 581/702/702
f 581/702/702 580/728/728 586/705/705
f 565/718/718 564/729/729 582/716/716
f 582/716/716 564/729/729 587/730/730
f 582/716/716 587/730/730 588/714/714
f 588/714/714 587/730/730 593/731/731
f 588/714/714 593/731/731 594/712/712
f 594/712/712 593/731/731 159/732/732
f 594/712/712 159/732/732 158/710/710
f 564/729/729 563/733/733 587/730/730
f 587/730/730 563/733/733 592/734/734
f 587/730/730 592/734/734 593/731/731
f 593/731/731 592/734/734 159/732/732
f 563/733/733 562/735/735 592/734/734
f 592/734/734 562/735/735 159/732/732
f 527/703/703 526/736/736 576/701/701
f 576/701/701 526/736/736 525/691/691
f 576/701/701 525/691/691 567/693/693
f 153/695/695 568/699/699 567/693/693
f 567/693/693 568/699/699 576/701/701
f 570/726/726 571/722/722 573/737/737
f 573/737/737 571/722/722 572/720/720
f 573/737/737 572/720/720 578/738/738
f 578/738/738 572/720/720 577/717/717
f 578/738/738 577/717/717 583/715/715
f 570/726/726 573/737/737 574/727/727
f 574/727/727 573/737/737 579/739/739
f 574/727/727 579/739/739 580/728/728
f 580/728/728 579/739/739 585/740/740
f 580/728/728 585/740/740 586/705/705
f 586/705/705 585/740/740 591/707/707
f 579/739/739 573/737/737 578/738/738
f 579/739/739 578/738/738 584/741/741
f 584/741/741 578/738/738 583/715/715
f 584/741/741 583/715/715 589/713/713
f 579/739/739 584/741/741 585/740/740
f 585/740/740 584/741/741 590/742/742
f 585/740/740 590/742/742 591/707/707
f 591/707/707 590/742/742 596/709/709
f 590/742/742 584/741/741 589/713/713
f 596/709/709 590/742/742 595/711/711
f 595/711/711 590/742/742 589/713/713
f 289/743/743 288/744/744 704/745/745
f 704/745/745 288/744/744 703/746/746
f 703/746/746 288/744/744 287/747/747
f 703/746/746 287/747/747 702/748/748
f 702/748/748 287/747/747 286/749/749
f 702/748/748 286/749/749 701/750/750
f 701/750/750 286/749/749 285/751/751
f 701/750/750 285/751/751 700/752/752
f 700/752/752 285/751/751 284/753/753
f 700/752/752 284/753/753 699/754/754
f 699/754/754 284/753/753 283/755/755
f 699/754/754 283/755/755 282/756/756
f 699/754/754 282/756/756 698/757/757
f 698/757/757 282/756/756 281/758/758
f 698/757/757 281/758/758 697/759/759
f 697/759/759 281/758/758 280/760/760
f 697/759/759 280/760/760 696/761/761
f 696/761/761 280/760/760 279/762/762
f 696/761/761 279/762/762 695/763/763
f 695/763/763 279/762/762 278/764/764
f 695/763/763 278/764/764 694/765/765
f 694/765/765 278/764/764 277/766/766
f 694/765/765 277/766/766 276/767/767
f 694/765/765 276/767/767 693/768/768
f 693/768/768 276/767/767 275/769/769
f 693/768/768 275/769/769 692/770/770
f 692/770/770 275/769/769 274/771/771
f 692/770/770 274/771/771 691/772/772
f 691/772/772 274/771/771 273/773/773
f 691/772/772 273/773/773 690/774/774
f 690/774/774 273/773/773 272/775/775
f 690/774/774 272/775/775 689/776/776
f 689/776/776 272/775/775 271/777/777
f 689/776/776 271/777/777 270/778/778
f 689/776/776 270/778/778 688/779/779
f 688/779/779 270/778/778 269/780/780
f 688/779/779 269/780/780 687/781/781
f 687/781/781 269/780/780 268/782/782
f 687/781/781 268/782/782 686/783/783
f 686/783/783 268/782/782 267/784/784
f 686/783/783 267/784/784 685/785/785
f 685/785/785 267/784/784 266/786/786
f 685/785/785 266/786/786 684/787/787
f 684/787/787 266/786/786 265/788/788
f 684/787/787 265/788/788 683/789/789
f 683/789/789 265/788/788 264/790/790
f 683/789/789 264/790/790 263/791/791
f 683/789/789 263/791/791 682/792/792
f 682/792/792 263/791/791 262/793/793
f 682/792/792 262/793/793 681/794/794
f 681/794/794 262/793/793 261/795/795
f 681/794/794 261/795/795 680/796/796
f 680/796/796 261/795/795 260/797/797
f 680/796/796 260/797/797 679/798/798
f 679/798/798 260/797/797 259/799/799
f 679/798/798 259/799/799 258/800/800
f 679/798/798 258/800/800 678/801/801
f 678/801/801 258/800/800 257/802/802
f 678/801/801 257/802/802 677/803/803
f 677/803/803 257/802/802 256/804/804
f 677/803/803 256/804/804 676/805/805
f 676/805/805 256/804/804 255/806/806
f 676/805/805 255/806/806 675/807/807
f 675/807/807 255/806/806 254/808/808
f 675/807/807 254/808/808 674/809/809
f 674/809/809 254/808/808 253/810/810
f 674/809/809 253/810/810 673/811/811
f 673/811/811 253/810/810 252/812/812
f 673/811/811 252/812/812 251/813/813
f 673/811/811 251/813/813 672/814/814
f 672/814/814 251/813/813 250/815/815
f 672/814/814 250/815/815 671/816/816
f 671/816/816 250/815/815 249/817/817
f 671/816/816 249/817/817 670/818/818
f 670/818/818 249/817/817 248/819/819
f 670/818/818 248/819/819 669/820/820
f 669/820/820 248/819/819 247/821/821
f 669/820/820 247/821/821 668/822/822
f 668/822/822 247/821/821 246/823/823
f 668/822/822 246/823/823 245/824/824
f 668/822/822 245/824/824 667/825/825
f 667/825/825 245/824/824 244/826/826
f 667/825/825 244/826/826 666/827/827
f 666/827/827 244/826/826 243/828/828
f 666/827/827 243/828/828 665/829/829
f 665/829/829 243/828/828 242/830/830
f 665/829/829 242/830/830 664/831/831
f 664/831/831 242/830/830 241/832/832
f 664/831/831 241/832/832 240/833/833
f 664/831/831 240/833/833 663/834/834
f 663/834/834 240/833/833 239/835/835
f 663/834/834 239/835/835 662/836/836
f 662/836/836 239/835/835 238/837/837
f 662/836/836 238/837/837 661/838/838
f 661/838/838 238/837/837 237/839/839
f 661/838/838 237/839/839 660/840/840
f 660/840/840 237/839/839 236/841/841
f 660/840/840 236/841/841 659/842/842
f 659/842/842 236/841/841 235/843/843
f 659/842/842 235/843/843 658/844/844
f 658/844/844 235/843/843 234/845/845
f 658/844/844 234/845/845 233/846/846
f 658/844/844 233/846/846 657/847/847
f 657/847/847 233/846/846 232/848/848
f 657/847/847 232/848/848 656/849/849
f 656/849/849 232/848/848 231/850/850
f 656/849/849 231/850/850 655/851/851
f 655/851/851 231/850/850 230/852/852
f 655/851/851 230/852/852 654/853/853
f 654/853/853 230/852/852 229/854/854
f 654/853/853 229/854/854 653/855/855
f 653/855/855 229/854/854 228/856/856
f 653/855/855 228/856/856 227/857/857
f 653/855/855 227/857/857 652/858/858
f 652/858/858 227/857/857 226/859/859
f 652/858/858 226/859/859 651/860/860
f 651/860/860 226/859/859 225/861/861
f 651/860/860 225/861/861 650/862/862
f 650/862/862 225/861/861 224/863/863
f 650/862/862 224/863/863 649/864/864
f 649/864/864 224/863/863 223/865/865
f 649/864/864 223/865/865 648/866/866
f 648/866/866 223/865/865 222/867/867
f 648/866/866 222/867/867 221/868/868
f 648/866/866 221/868/868 647/869/869
f 647/869/869 221/868/868 220/870/870
f 647/869/869 220/870/870 646/871/871
f 646/871/871 220/870/870 219/872/872
f 646/871/871 219/872/872 645/873/873
f 645/873/873 219/872/872 218/874/874
f 645/873/873 218/874/874 644/875/875
f 644/875/875 218/874/874 217/876/876
f 644/875/875 217/876/876 643/877/877
f 643/877/877 217/876/876 216/878/878
f 643/877/877 216/878/878 215/879/879
f 643/877/877 215/879/879 642/880/880
f 642/880/880 215/879/879 214/881/881
f 642/880/880 214/881/881 641/882/882
f 641/882/882 214/881/881 213/883/883
f 641/882/882 213/883/883 640/884/884
f 640/884/884 213/883/883 212/885/885
f 640/884/884 212/885/885 639/886/886
f 639/886/886 212/885/885 211/887/887
f 639/886/886 211/887/887 638/888/888
f 638/888/888 211/887/887 210/889/889
f 638/888/888 210/889/889 209/890/890
f 638/888/888 209/890/890 637/891/891
f 637/891/891 209/890/890 208/892/892
f 637/891/891 208/892/892 636/893/893
f 636/893/893 208/892/892 207/894/894
f 636/893/893 207/894/894 635/895/895
f 635/895/895 207/894/894 206/896/896
f 635/895/895 206/896/896 634/897/897
f 634/897/897 206/896/896 205/898/898
f 634/897/897 205/898/898 633/899/899
f 633/899/899 205/898/898 204/900/900
f 633/899/899 204/900/900 203/901/901
f 633/899/899 203/901/901 632/902/902
f 632/902/902 203/901/901 202/903/903
f 632/902/902 202/903/903 631/904/904
f 631/904/904 202/903/903 201/905/905
f 631/904/904 201/905/905 630/906/906
f 630/906/906 201/905/905 200/907/907
f 630/906/906 200/907/907 629/908/908
f 629/908/908 200/907/907 199/909/909
f 629/908/908 199/909/909 628/910/910
f 628/910/910 199/909/909 198/911/911
f 628/910/910 198/911/911 197/912/912
f 628/910/910 197/912/912 627/913/913
f 627/913/913 197/912/912 196/914/914
f 627/913/913 196/914/914 626/915/915
f 626/915/915 196/914/914 195/916/916
f 626/915/915 195/916/916 625/917/917
f 625/917/917 195/916/916 194/918/918
f 625/917/917 194/918/918 624/919/919
f 624/919/919 194/918/918 193/920/920
f 624/919/919 193/920/920 623/921/921
f 623/921/921 193/920/920 192/922/922
f 623/921/921 192/922/922 622/923/923
f 622/923/923 192/922/922 191/924/924
f 622/923/923 191/924/924 190/925/925
f 622/923/923 190/925/925 621/926/926
f 621/926/926 190/925/925 189/927/927
f 621/926/926 189/927/927 620/928/928
f 620/928/928 189/927/927 188/929/929
f 620/928/928 188/929/929 619/930/930
f 619/930/930 188/929/929 187/931/931
f 619/930/930 187/931/931 618/932/932
f 618/932/932 187/931/931 186/933/933
f 618/932/932 186/933/933 185/934/934
f 618/932/932 185/934/934 617/935/935
f 617/935/935 185/934/934 184/936/936
f 617/935/935 184/936/936 616/937/937
f 616/937/937 184/936/936 183/938/938
f 616/937/937 183/938/938 615/939/939
f 615/939/939 183/938/938 182/940/940
f 615/939/939 182/940/940 614/941/941
f 614/941/941 182/940/940 181/942/942
f 614/941/941 181/942/942 613/943/943
f 613/943/943 181/942/942 180/944/944
f 613/943/943 180/944/944 612/945/945
f 612/945/945 180/944/944 179/946/946
f 612/945/945 179/946/946 178/947/947
f 612/945/945 178/947/947 611/948/948
f 611/948/948 178/947/947 177/949/949
f 611/948/948 177/949/949 610/950/950
f 610/950/950 177/949/949 176/951/951
f 610/950/950 176/951/951 609/952/952
f 609/952/952 176/951/951 175/953/953
f 609/952/952 175/953/953 608/954/954
f 608/954/954 175/953/953 174/955/955
f 608/954/954 174/955/955 607/956/956
f 607/956/956 174/955/955 173/957/957
f 607/956/956 173/957/957 172/958/958
f 607/956/956 172/958/958 606/959/959
f 606/959/959 172/958/958 171/960/960
f 606/959/959 171/960/960 605/961/961
f 605/961/961 171/960/960 170/962/962
f 605/961/961 170/962/962 604/963/963
f 604/963/963 170/962/962 169/964/964
f 604/963/963 169/964/964 603/965/965
f 603/965/965 169/964/964 168/966/966
f 603/965/965 168/966/966 602/967/967
f 602/967/967 168/966/966 167/968/968
f 602/967/967 167/968/968 166/969/969
f 602/967/967 166/969/969 601/970/970
f 601/970/970 166/969/969 165/971/971
f 601/970/970 165/971/971 600/972/972
f 600/972/972 165/971/971 164/973/973
f 600/972/972 164/973/973 599/974/974
f 599/974/974 164/973/973 163/975/975
f 599/974/974 163/975/975 598/976/976
f 598/976/976 163/975/975 162/977/977
f 598/976/976 162/977/977 597/978/978
f 597/978/978 162/977/977 161/979/979
f 161/980/980 416/981/981 597/982/982
f 597/982/982 416/981/981 810/983/983
f 810/983/983 416/981/981 415/984/984
f 810/983/983 415/984/984 809/985/985
f 809/985/985 415/984/984 414/986/986
f 809/985/985 414/986/986 808/987/987
f 808/987/987 414/986/986 413/988/988
f 808/987/987 413/988/988 807/989/989
f 807/989/989 413/988/988 412/990/990
f 807/989/989 412/990/990 806/991/991
f 806/991/991 412/990/990 411/992/992
f 806/991/991 411/992/992 410/993/993
f 806/991/991 410/993/993 805/994/994
f 805/994/994 410/993/993 409/995/995
f 805/994/994 409/995/995 804/996/996
f 804/996/996 409/995/995 408/997/997
f 804/996/996 408/997/997 803/998/998
f 803/998/998 408/997/997 407/999/999
f 803/998/998 407/999/999 802/1000/1000
f 802/1000/1000 407/999/999 406/1001/1001
f 802/1000/1000 406/1001/1001 801/1002/1002
f 801/1002/1002 406/1001/1001 405/1003/1003
f 801/1002/1002 405/1003/1003 404/1004/1004
f 801/1002/1002 404/1004/1004 800/1005/1005
f 800/1005/1005 404/1004/1004 403/1006/1006
f 800/1005/1005 403/1006/1006 799/1007/1007
f 799/1007/1007 403/1006/1006 402/1008/1008
f 799/1007/1007 402/1008/1008 798/1009/1009
f 798/1009/1009 402/1008/1008 401/1010/1010
f 798/1009/1009 401/1010/1010 797/1011/1011
f 797/1011/1011 401/1010/1010 400/1012/1012
f 797/1011/1011 400/1012/1012 796/1013/1013
f 796/1013/1013 400/1012/1012 399/1014/1014
f 796/1013/1013 399/1014/1014 398/1015/1015
f 796/1013/1013 398/1015/1015 795/1016/1016
f 795/1016/1016 398/1015/1015 397/1017/1017
f 795/1016/1016 397/1017/1017 794/1018/1018
f 794/1018/1018 397/1017/1017 396/1019/1019
f 794/1018/1018 396/1019/1019 793/1020/1020
f 793/1020/1020 396/1019/1019 395/1021/1021
f 793/1020/1020 395/1021/1021 792/1022/1022
f 792/1022/1022 395/1021/1021 394/1023/1023
f 792/1022/1022 394/1023/1023 791/1024/1024
f 791/1024/1024 394/1023/1023 393/1025/1025
f 791/1024/1024 393/1025/1025 790/1026/1026
f 790/1026/1026 393/1025/1025 392/1027/1027
f 790/1026/1026 392/1027/1027 391/1028/1028
f 790/1026/1026 391/1028/1028 789/1029/1029
f 789/1029/1029 391/1028/1028 390/1030/1030
f 789/1029/1029 390/1030/1030 788/1031/1031
f 788/1031/1031 390/1030/1030 389/1032/1032
f 788/1031/1031 389/1032/1032 787/1033/1033
f 787/1033/1033 389/1032/1032 388/1034/1034
f 787/1033/1033 388/1034/1034 786/1035/1035
f 786/1035/1035 388/1034/1034 387/1036/1036
f 786/1035/1035 387/1036/1036 386/1037/1037
f 786/1035/1035 386/1037/1037 785/1038/1038
f 785/1038/1038 386/1037/1037 385/1039/1039
f 785/1038/1038 385/1039/1039 784/1040/1040
f 784/1040/1040 385/1039/1039 384/1041/1041
f 784/1040/1040 384/1041/1041 783/1042/1042
f 783/1042/1042 384/1041/1041 383/1043/1043
f 783/1042/1042 383/1043/1043 782/1044/1044
f 782/1044/1044 383/1043/1043 382/1045/1045
f 782/1044/1044 382/1045/1045 781/1046/1046
f 781/1046/1046 382/1045/1045 381/1047/1047
f 781/1046/1046 381/1047/1047 780/1048/1048
f 780/1048/1048 381/1047/1047 380/1049/1049
f 780/1048/1048 380/1049/1049 379/1050/1050
f 780/1048/1048 379/1050/1050 779/1051/1051
f 779/1051/1051 379/1050/1050 378/1052/1052
f 779/1051/1051 378/1052/1052 778/1053/1053
f 778/1053/1053 378/1052/1052 377/1054/1054
f 778/1053/1053 377/1054/1054 777/1055/1055
f 777/1055/1055 377/1054/1054 376/1056/1056
f 777/1055/1055 376/1056/1056 776/1057/1057
f 776/1057/1057 376/1056/1056 375/1058/1058
f 776/1057/1057 375/1058/1058 775/1059/1059
f 775/1059/1059 375/1058/1058 374/1060/1060
f 775/1059/1059 374/1060/1060 373/1061/1061
f 775/1059/1059 373/1061/1061 774/1062/1062
f 774/1062/1062 373/1061/1061 372/1063/1063
f 774/1062/1062 372/1063/1063 773/1064/1064
f 773/1064/1064 372/1063/1063 371/1065/1065
f 773/1064/1064 371/1065/1065 772/1066/1066
f 772/1066/1066 371/1065/1065 370/1067/1067
f 772/1066/1066 370/1067/1067 771/1068/1068
f 771/1068/1068 370/1067/1067 369/1069/1069
f 771/1068/1068 369/1069/1069 368/1070/1070
f 771/1068/1068 368/1070/1070 770/1071/1071
f 770/1071/1071 368/1070/1070 367/1072/1072
f 770/1071/1071 367/1072/1072 769/1073/1073
f 769/1073/1073 367/1072/1072 366/1074/1074
f 769/1073/1073 366/1074/1074 768/1075/1075
f 768/1075/1075 366/1074/1074 365/1076/1076
f 768/1075/1075 365/1076/1076 767/1077/1077
f 767/1077/1077 365/1076/1076 364/1078/1078
f 767/1077/1077 364/1078/1078 766/1079/1079
f 766/1079/1079 364/1078/1078 363/1080/1080
f 766/1079/1079 363/1080/1080 765/1081/1081
f 765/1081/1081 363/1080/1080 362/1082/1082
f 765/1081/1081 362/1082/1082 361/1083/1083
f 765/1081/1081 361/1083/1083 764/1084/1084
f 764/1084/1084 361/1083/1083 360/1085/1085
f 764/1084/1084 360/1085/1085 763/1086/1086
f 763/1086/1086 360/1085/1085 359/1087/1087
f 763/1086/1086 359/1087/1087 762/1088/1088
f 762/1088/1088 359/1087/1087 358/1089/1089
f 762/1088/1088 358/1089/1089 761/1090/1090
f 761/1090/1090 358/1089/1089 357/1091/1091
f 761/1090/1090 357/1091/1091 760/1092/1092
f 760/1092/1092 357/1091/1091 356/1093/1093
f 760/1092/1092 356/1093/1093 355/1094/1094
f 760/1092/1092 355/1094/1094 759/1095/1095
f 759/1095/1095 355/1094/1094 354/1096/1096
f 759/1095/1095 354/1096/1096 758/1097/1097
f 758/1097/1097 354/1096/1096 353/1098/1098
f 758/1097/1097 353/1098/1098 757/1099/1099
f 757/1099/1099 353/1098/1098 352/1100/1100
f 757/1099/1099 352/1100/1100 756/1101/1101
f 756/1101/1101 352/1100/1100 351/1102/1102
f 756/1101/1101 351/1102/1102 755/1103/1103
f 755/1103/1103 351/1102/1102 350/1104/1104
f 755/1103/1103 350/1104/1104 349/1105/1105
f 755/1103/1103 349/1105/1105 754/1106/1106
f 754/1106/1106 349/1105/1105 348/1107/1107
f 754/1106/1106 348/1107/1107 753/1108/1108
f 753/1108/1108 348/1107/1107 347/1109/1109
f 753/1108/1108 347/1109/1109 752/1110/1110
f 752/1110/1110 347/1109/1109 346/1111/1111
f 752/1110/1110 346/1111/1111 751/1112/1112
f 751/1112/1112 346/1111/1111 345/1113/1113
f 751/1112/1112 345/1113/1113 750/1114/1114
f 750/1114/1114 345/1113/1113 344/1115/1115
f 750/1114/1114 344/1115/1115 343/1116/1116
f 750/1114/1114 343/1116/1116 749/1117/1117
f 749/1117/1117 343/1116/1116 342/1118/1118
f 749/1117/1117 342/1118/1118 748/1119/1119
f 748/1119/1119 342/1118/1118 341/1120/1120
f 748/1119/1119 341/1120/1120 747/1121/1121
f 747/1121/1121 341/1120/1120 340/1122/1122
f 747/1121/1121 340/1122/1122 746/1123/1123
f 746/1123/1123 340/1122/1122 339/1124/1124
f 746/1123/1123 339/1124/1124 745/1125/1125
f 745/1125/1125 339/1124/1124 338/1126/1126
f 745/1125/1125 338/1126/1126 337/1127/1127
f 745/1125/1125 337/1127/1127 744/1128/1128
f 744/1128/1128 337/1127/1127 336/1129/1129
f 744/1128/1128 336/1129/1129 743/1130/1130
f 743/1130/1130 336/1129/1129 335/1131/1131
f 743/1130/1130 335/1131/1131 742/1132/1132
f 742/1132/1132 335/1131/1131 334/1133/1133
f 742/1132/1132 334/1133/1133 741/1134/1134
f 741/1134/1134 334/1133/1133 333/1135/1135
f 741/1134/1134 333/1135/1135 740/1136/1136
f 740/1136/1136 333/1135/1135 332/1137/1137
f 740/1136/1136 332/1137/1137 331/1138/1138
f 740/1136/1136 331/1138/1138 739/1139/1139
f 739/1139/1139 331/1138/1138 330/1140/1140
f 739/1139/1139 330/1140/1140 738/1141/1141
f 738/1141/1141 330/1140/1140 329/1142/1142
f 738/1141/1141 329/1142/1142 737/1143/1143
f 737/1143/1143 329/1142/1142 328/1144/1144
f 737/1143/1143 328/1144/1144 736/1145/1145
f 736/1145/1145 328/1144/1144 327/1146/1146
f 736/1145/1145 327/1146/1146 735/1147/1147
f 735/1147/1147 327/1146/1146 326/1148/1148
f 735/1147/1147 326/1148/1148 325/1149/1149
f 735/1147/1147 325/1149/1149 734/1150/1150
f 734/1150/1150 325/1149/1149 324/1151/1151
f 734/1150/1150 324/1151/1151 733/1152/1152
f 733/1152/1152 324/1151/1151 323/1153/1153
f 733/1152/1152 323/1153/1153 732/1154/1154
f 732/1154/1154 323/1153/1153 322/1155/1155
f 732/1154/1154 322/1155/1155 731/1156/1156
f 731/1156/1156 322/1155/1155 321/1157/1157
f 731/1156/1156 321/1157/1157 730/1158/1158
f 730/1158/1158 321/1157/1157 320/1159/1159
f 730/1158/1158 320/1159/1159 729/1160/1160
f 729/1160/1160 320/1159/1159 319/1161/1161
f 729/1160/1160 319/1161/1161 318/1162/1162
f 729/1160/1160 318/1162/1162 728/1163/1163
f 728/1163/1163 318/1162/1162 317/1164/1164
f 728/1163/1163 317/1164/1164 727/1165/1165
f 727/1165/1165 317/1164/1164 316/1166/1166
f 727/1165/1165 316/1166/1166 726/1167/1167
f 726/1167/1167 316/1166/1166 315/1168/1168
f 726/1167/1167 315/1168/1168 725/1169/1169
f 725/1169/1169 315/1168/1168 314/1170/1170
f 725/1169/1169 314/1170/1170 313/1171/1171
f 725/1169/1169 313/1171/1171 724/1172/1172
f 724/1172/1172 313/1171/1171 312/1173/1173
f 724/1172/1172 312/1173/1173 723/1174/1174
f 723/1174/1174 312/1173/1173 311/1175/1175
f 723/1174/1174 311/1175/1175 722/1176/1176
f 722/1176/1176 311/1175/1175 310/1177/1177
f 722/1176/1176 310/1177/1177 721/1178/1178
f 721/1178/1178 310/1177/1177 309/1179/1179
f 721/1178/1178 309/1179/1179 720/1180/1180
f 720/1180/1180 309/1179/1179 308/1181/1181
f 720/1180/1180 308/1181/1181 719/1182/1182
f 719/1182/1182 308/1181/1181 307/1183/1183
f 719/1182/1182 307/1183/1183 306/1184/1184
f 719/1182/1182 306/1184/1184 718/1185/1185
f 718/1185/1185 306/1184/1184 305/1186/1186
f 718/1185/1185 305/1186/1186 717/1187/1187
f 717/1187/1187 305/1186/1186 304/1188/1188
f 717/1187/1187 304/1188/1188 716/1189/1189
f 716/1189/1189 304/1188/1188 303/1190/1190
f 716/1189/1189 303/1190/1190 715/1191/1191
f 715/1191/1191 303/1190/1190 302/1192/1192
f 715/1191/1191 302/1192/1192 714/1193/1193
f 714/1193/1193 302/1192/1192 301/1194/1194
f 714/1193/1193 301/1194/1194 300/1195/1195
f 714/1193/1193 300/1195/1195 713/1196/1196
f 713/1196/1196 300/1195/1195 299/1197/1197
f 713/1196/1196 299/1197/1197 712/1198/1198
f 712/1198/1198 299/1197/1197 298/1199/1199
f 712/1198/1198 298/1199/1199 711/1200/1200
f 711/1200/1200 298/1199/1199 297/1201/1201
f 711/1200/1200 297/1201/1201 710/1202/1202
f 710/1202/1202 297/1201/1201 296/1203/1203
f 710/1202/1202 296/1203/1203 709/1204/1204
f 709/1204/1204 296/1203/1203 295/1205/1205
f 709/1204/1204 295/1205/1205 294/1206/1206
f 709/1204/1204 294/1206/1206 708/1207/1207
f 708/1207/1207 294/1206/1206 293/1208/1208
f 708/1207/1207 293/1208/1208 707/1209/1209
f 707/1209/1209 293/1208/1208 292/1210/1210
f 707/1209/1209 292/1210/1210 706/1211/1211
f 706/1211/1211 292/1210/1210 291/1212/1212
f 706/1211/1211 291/1212/1212 705/1213/1213
f 705/1213/1213 291/1212/1212 290/1214/1214
f 705/1213/1213 290/1214/1214 704/1215/1215
f 704/1215/1215 290/1214/1214 289/1216/1216
f 812/1217/1217 651/1218/1218 811/1219/1219
f 811/1219/1219 651/1218/1218 650/1220/1220
f 811/1219/1219 650/1220/1220 922/1221/1221
f 922/1221/1221 650/1220/1220 649/1222/1222
f 922/1221/1221 649/1222/1222 921/1223/1223
f 921/1223/1223 649/1222/1222 648/1224/1224
f 921/1223/1223 648/1224/1224 920/1225/1225
f 920/1225/1225 648/1224/1224 647/1226/1226
f 920/1225/1225 647/1226/1226 919/1227/1227
f 919/1227/1227 647/1226/1226 646/1228/1228
f 919/1227/1227 646/1228/1228 918/1229/1229
f 918/1229/1229 646/1228/1228 645/1230/1230
f 918/1229/1229 645/1230/1230 917/1231/1231
f 917/1231/1231 645/1230/1230 644/1232/1232
f 917/1231/1231 644/1232/1232 916/1233/1233
f 916/1233/1233 644/1232/1232 643/1234/1234
f 916/1233/1233 643/1234/1234 915/1235/1235
f 915/1235/1235 643/1234/1234 642/1236/1236
f 915/1235/1235 642/1236/1236 914/1237/1237
f 914/1237/1237 642/1236/1236 641/1238/1238
f 914/1237/1237 641/1238/1238 913/1239/1239
f 913/1239/1239 641/1238/1238 640/1240/1240
f 913/1239/1239 640/1240/1240 912/1241/1241
f 912/1241/1241 640/1240/1240 639/1242/1242
f 912/1241/1241 639/1242/1242 911/1243/1243
f 911/1243/1243 639/1242/1242 638/1244/1244
f 911/1243/1243 638/1244/1244 910/1245/1245
f 910/1245/1245 638/1244/1244 637/1246/1246
f 910/1245/1245 637/1246/1246 909/1247/1247
f 909/1247/1247 637/1246/1246 636/1248/1248
f 909/1247/1247 636/1248/1248 908/1249/1249
f 908/1249/1249 636/1248/1248 635/1250/1250
f 908/1249/1249 635/1250/1250 907/1251/1251
f 907/1251/1251 635/1250/1250 634/1252/1252
f 907/1251/1251 634/1252/1252 906/1253/1253
f 906/1253/1253 634/1252/1252 633/1254/1254
f 906/1253/1253 633/1254/1254 905/1255/1255
f 905/1255/1255 633/1254/1254 632/1256/1256
f 905/1255/1255 632/1256/1256 904/1257/1257
f 904/1257/1257 632/1256/1256 631/1258/1258
f 904/1257/1257 631/1258/1258 903/1259/1259
f 903/1259/1259 631/1258/1258 630/1260/1260
f 903/1259/1259 630/1260/1260 902/1261/1261
f 902/1261/1261 630/1260/1260 629/1262/1262
f 902/1261/1261 629/1262/1262 901/1263/1263
f 901/1263/1263 629/1262/1262 628/1264/1264
f 901/1263/1263 628/1264/1264 900/1265/1265
f 900/1265/1265 628/1264/1264 627/1266/1266
f 900/1265/1265 627/1266/1266 899/1267/1267
f 899/1267/1267 627/1266/1266 626/1268/1268
f 899/1267/1267 626/1268/1268 625/1269/1269
f 651/1218/1218 812/1217/1217 652/1270/1270
f 652/1270/1270 812/1217/1217 813/1271/1271
f 652/1270/1270 813/1271/1271 653/1272/1272
f 653/1272/1272 813/1271/1271 814/1273/1273
f 653/1272/1272 814/1273/1273 654/1274/1274
f 654/1274/1274 814/1273/1273 815/1275/1275
f 654/1274/1274 815/1275/1275 655/1276/1276
f 655/1276/1276 815/1275/1275 816/1277/1277
f 655/1276/1276 816/1277/1277 656/1278/1278
f 656/1278/1278 816/1277/1277 817/1279/1279
f 656/1278/1278 817/1279/1279 657/1280/1280
f 657/1280/1280 817/1279/1279 818/1281/1281
f 657/1280/1280 818/1281/1281 658/1282/1282
f 658/1282/1282 818/1281/1281 819/1283/1283
f 658/1282/1282 819/1283/1283 659/1284/1284
f 659/1284/1284 819/1283/1283 820/1285/1285
f 659/1284/1284 820/1285/1285 660/1286/1286
f 660/1286/1286 820/1285/1285 821/1287/1287
f 660/1286/1286 821/1287/1287 661/1288/1288
f 661/1288/1288 821/1287/1287 822/1289/1289
f 661/1288/1288 822/1289/1289 662/1290/1290
f 662/1290/1290 822/1289/1289 823/1291/1291
f 662/1290/1290 823/1291/1291 663/1292/1292
f 663/1292/1292 823/1291/1291 824/1293/1293
f 663/1292/1292 824/1293/1293 664/1294/1294
f 664/1294/1294 824/1293/1293 825/1295/1295
f 664/1294/1294 825/1295/1295 665/1296/1296
f 665/1296/1296 825/1295/1295 826/1297/1297
f 665/1296/1296 826/1297/1297 666/1298/1298
f 666/1298/1298 826/1297/1297 827/1299/1299
f 666/1298/1298 827/1299/1299 667/1300/1300
f 667/1300/1300 827/1299/1299 828/1301/1301
f 667/1300/1300 828/1301/1301 668/1302/1302
f 668/1302/1302 828/1301/1301 829/1303/1303
f 668/1302/1302 829/1303/1303 669/1304/1304
f 669/1304/1304 829/1303/1303 830/1305/1305
f 669/1304/1304 830/1305/1305 670/1306/1306
f 670/1306/1306 830/1305/1305 831/1307/1307
f 670/1306/1306 831/1307/1307 671/1308/1308
f 671/1308/1308 831/1307/1307 832/1309/1309
f 671/1308/1308 832/1309/1309 672/1310/1310
f 672/1310/1310 832/1309/1309 833/1311/1311
f 672/1310/1310 833/1311/1311 673/1312/1312
f 673/1312/1312 833/1311/1311 834/1313/1313
f 673/1312/1312 834/1313/1313 674/1314/1314
f 674/1314/1314 834/1313/1313 835/1315/1315
f 674/1314/1314 835/1315/1315 675/1316/1316
f 675/1316/1316 835/1315/1315 676/1317/1317
f 676/1317/1317 835/1315/1315 836/1318/1318
f 676/1317/1317 836/1318/1318 677/1319/1319
f 677/1319/1319 836/1318/1318 837/1320/1320
f 677/1319/1319 837/1320/1320 678/1321/1321
f 678/1321/1321 837/1320/1320 679/1322/1322
f 679/1322/1322 837/1320/1320 838/1323/1323
f 679/1322/1322 838/1323/1323 680/1324/1324
f 680/1324/1324 838/1323/1323 839/1325/1325
f 680/1324/1324 839/1325/1325 681/1326/1326
f 681/1326/1326 839/1325/1325 682/1327/1327
f 682/1327/1327 839/1325/1325 840/1328/1328
f 682/1327/1327 840/1328/1328 683/1329/1329
f 683/1329/1329 840/1328/1328 684/1330/1330
f 684/1330/1330 840/1328/1328 841/1331/1331
f 684/1330/1330 841/1331/1331 685/1332/1332
f 685/1332/1332 841/1331/1331 842/1333/1333
f 685/1332/1332 842/1333/1333 686/1334/1334
f 686/1334/1334 842/1333/1333 687/1335/1335
f 687/1335/1335 842/1333/1333 843/1336/1336
f 687/1335/1335 843/1336/1336 688/1337/1337
f 688/1337/1337 843/1336/1336 844/1338/1338
f 688/1337/1337 844/1338/1338 689/1339/1339
f 689/1339/1339 844/1338/1338 845/1340/1340
f 689/1339/1339 845/1340/1340 690/1341/1341
f 690/1341/1341 845/1340/1340 846/1342/1342
f 690/1341/1341 846/1342/1342 691/1343/1343
f 691/1343/1343 846/1342/1342 692/1344/1344
f 692/1344/1344 846/1342/1342 847/1345/1345
f 692/1344/1344 847/1345/1345 693/1346/1346
f 693/1346/1346 847/1345/1345 848/1347/1347
f 693/1346/1346 848/1347/1347 694/1348/1348
f 694/1348/1348 848/1347/1347 849/1349/1349
f 694/1348/1348 849/1349/1349 695/1350/1350
f 695/1350/1350 849/1349/1349 850/1351/1351
f 695/1350/1350 850/1351/1351 696/1352/1352
f 696/1352/1352 850/1351/1351 851/1353/1353
f 696/1352/1352 851/1353/1353 697/1354/1354
f 697/1354/1354 851/1353/1353 852/1355/1355
f 697/1354/1354 852/1355/1355 698/1356/1356
f 698/1356/1356 852/1355/1355 853/1357/1357
f 698/1356/1356 853/1357/1357 699/1358/1358
f 699/1358/1358 853/1357/1357 854/1359/1359
f 699/1358/1358 854/1359/1359 700/1360/1360
f 700/1360/1360 854/1359/1359 855/1361/1361
f 700/1360/1360 855/1361/1361 701/1362/1362
f 701/1362/1362 855/1361/1361 856/1363/1363
f 701/1362/1362 856/1363/1363 702/1364/1364
f 702/1364/1364 856/1363/1363 857/1365/1365
f 702/1364/1364 857/1365/1365 703/1366/1366
f 703/1366/1366 857/1365/1365 858/1367/1367
f 703/1366/1366 858/1367/1367 859/1368/1368
f 703/1366/1366 859/1368/1368 704/1369/1369
f 704/1369/1369 859/1368/1368 860/1370/1370
f 704/1369/1369 860/1370/1370 930/1371/1371
f 930/1371/1371 860/1370/1370 929/1372/1372
f 929/1372/1372 860/1370/1370 861/1373/1373
f 929/1372/1372 861/1373/1373 928/1374/1374
f 928/1374/1374 861/1373/1373 862/1375/1375
f 928/1374/1374 862/1375/1375 927/1376/1376
f 927/1376/1376 862/1375/1375 863/1377/1377
f 927/1376/1376 863/1377/1377 926/1378/1378
f 926/1378/1378 863/1377/1377 864/1379/1379
f 926/1378/1378 864/1379/1379 925/1380/1380
f 925/1380/1380 864/1379/1379 865/1381/1381
f 925/1380/1380 865/1381/1381 924/1382/1382
f 924/1382/1382 865/1381/1381 866/1383/1383
f 924/1382/1382 866/1383/1383 923/1384/1384
f 923/1384/1384 866/1383/1383 867/1385/1385
f 923/1384/1384 867/1385/1385 1034/1386/1386
f 1034/1386/1386 867/1385/1385 868/1387/1387
f 1034/1386/1386 868/1387/1387 1033/1388/1388
f 1033/1388/1388 868/1387/1387 869/1389/1389
f 1033/1388/1388 869/1389/1389 1032/1390/1390
f 1032/1390/1390 869/1389/1389 870/1391/1391
f 1032/1390/1390 870/1391/1391 1031/1392/1392
f 1031/1392/1392 870/1391/1391 871/1393/1393
f 1031/1392/1392 871/1393/1393 1030/1394/1394
f 1030/1394/1394 871/1393/1393 872/1395/1395
f 1030/1394/1394 872/1395/1395 1029/1396/1396
f 1029/1396/1396 872/1395/1395 873/1397/1397
f 1029/1396/1396 873/1397/1397 1028/1398/1398
f 1028/1398/1398 873/1397/1397 874/1399/1399
f 1028/1398/1398 874/1399/1399 597/1400/1400
f 597/1400/1400 874/1399/1399 875/1401/1401
f 597/1400/1400 875/1401/1401 598/1402/1402
f 598/1402/1402 875/1401/1401 876/1403/1403
f 598/1402/1402 876/1403/1403 877/1404/1404
f 598/1402/1402 877/1404/1404 599/1405/1405
f 599/1405/1405 877/1404/1404 878/1406/1406
f 599/1405/1405 878/1406/1406 600/1407/1407
f 600/1407/1407 878/1406/1406 879/1408/1408
f 600/1407/1407 879/1408/1408 601/1409/1409
f 601/1409/1409 879/1408/1408 880/1410/1410
f 601/1409/1409 880/1410/1410 602/1411/1411
f 602/1411/1411 880/1410/1410 881/1412/1412
f 602/1411/1411 881/1412/1412 603/1413/1413
f 603/1413/1413 881/1412/1412 882/1414/1414
f 603/1413/1413 882/1414/1414 604/1415/1415
f 604/1415/1415 882/1414/1414 883/1416/1416
f 604/1415/1415 883/1416/1416 605/1417/1417
f 605/1417/1417 883/1416/1416 884/1418/1418
f 605/1417/1417 884/1418/1418 606/1419/1419
f 606/1419/1419 884/1418/1418 885/1420/1420
f 606/1419/1419 885/1420/1420 607/1421/1421
f 607/1421/1421 885/1420/1420 886/1422/1422
f 607/1421/1421 886/1422/1422 608/1423/1423
f 608/1423/1423 886/1422/1422 887/1424/1424
f 608/1423/1423 887/1424/1424 609/1425/1425
f 609/1425/1425 887/1424/1424 888/1426/1426
f 609/1425/1425 888/1426/1426 610/1427/1427
f 610/1427/1427 888/1426/1426 611/1428/1428
f 611/1428/1428 888/1426/1426 889/1429/1429
f 611/1428/1428 889/1429/1429 612/1430/1430
f 612/1430/1430 889/1429/1429 890/1431/1431
f 612/1430/1430 890/1431/1431 613/1432/1432
f 613/1432/1432 890/1431/1431 891/1433/1433
f 613/1432/1432 891/1433/1433 614/1434/1434
f 614/1434/1434 891/1433/1433 892/1435/1435
f 614/1434/1434 892/1435/1435 615/1436/1436
f 615/1436/1436 892/1435/1435 616/1437/1437
f 616/1437/1437 892/1435/1435 893/1438/1438
f 616/1437/1437 893/1438/1438 617/1439/1439
f 617/1439/1439 893/1438/1438 894/1440/1440
f 617/1439/1439 894/1440/1440 618/1441/1441
f 618/1441/1441 894/1440/1440 619/1442/1442
f 619/1442/1442 894/1440/1440 895/1443/1443
f 619/1442/1442 895/1443/1443 620/1444/1444
f 620/1444/1444 895/1443/1443 621/1445/1445
f 621/1445/1445 895/1443/1443 896/1446/1446
f 621/1445/1445 896/1446/1446 622/1447/1447
f 622/1447/1447 896/1446/1446 897/1448/1448
f 622/1447/1447 897/1448/1448 623/1449/1449
f 623/1449/1449 897/1448/1448 624/1450/1450
f 624/1450/1450 897/1448/1448 898/1451/1451
f 624/1450/1450 898/1451/1451 625/1269/1269
f 625/1269/1269 898/1451/1451 899/1267/1267
f 930/1371/1371 931/1452/1452 704/1369/1369
f 704/1369/1369 931/1452/1452 705/1453/1453
f 705/1453/1453 931/1452/1452 932/1454/1454
f 705/1453/1453 932/1454/1454 933/1455/1455
f 705/1453/1453 933/1455/1455 706/1456/1456
f 706/1456/1456 933/1455/1455 934/1457/1457
f 706/1456/1456 934/1457/1457 707/1458/1458
f 707/1458/1458 934/1457/1457 935/1459/1459
f 707/1458/1458 935/1459/1459 708/1460/1460
f 708/1460/1460 935/1459/1459 936/1461/1461
f 708/1460/1460 936/1461/1461 709/1462/1462
f 709/1462/1462 936/1461/1461 937/1463/1463
f 709/1462/1462 937/1463/1463 710/1464/1464
f 710/1464/1464 937/1463/1463 938/1465/1465
f 710/1464/1464 938/1465/1465 711/1466/1466
f 711/1466/1466 938/1465/1465 939/1467/1467
f 711/1466/1466 939/1467/1467 712/1468/1468
f 712/1468/1468 939/1467/1467 940/1469/1469
f 712/1468/1468 940/1469/1469 713/1470/1470
f 713/1470/1470 940/1469/1469 941/1471/1471
f 713/1470/1470 941/1471/1471 714/1472/1472
f 714/1472/1472 941/1471/1471 942/1473/1473
f 714/1472/1472 942/1473/1473 715/1474/1474
f 715/1474/1474 942/1473/1473 943/1475/1475
f 715/1474/1474 943/1475/1475 716/1476/1476
f 716/1476/1476 943/1475/1475 944/1477/1477
f 716/1476/1476 944/1477/1477 717/1478/1478
f 717/1478/1478 944/1477/1477 718/1479/1479
f 718/1479/1479 944/1477/1477 945/1480/1480
f 718/1479/1479 945/1480/1480 719/1481/1481
f 719/1481/1481 945/1480/1480 946/1482/1482
f 719/1481/1481 946/1482/1482 720/1483/1483
f 720/1483/1483 946/1482/1482 947/1484/1484
f 720/1483/1483 947/1484/1484 721/1485/1485
f 721/1485/1485 947/1484/1484 948/1486/1486
f 721/1485/1485 948/1486/1486 722/1487/1487
f 722/1487/1487 948/1486/1486 723/1488/1488
f 723/1488/1488 948/1486/1486 949/1489/1489
f 723/1488/1488 949/1489/1489 724/1490/1490
f 724/1490/1490 949/1489/1489 950/1491/1491
f 724/1490/1490 950/1491/1491 725/1492/1492
f 725/1492/1492 950/1491/1491 726/1493/1493
f 726/1493/1493 950/1491/1491 951/1494/1494
f 726/1493/1493 951/1494/1494 727/1495/1495
f 727/1495/1495 951/1494/1494 728/1496/1496
f 728/1496/1496 951/1494/1494 952/1497/1497
f 728/1496/1496 952/1497/1497 729/1498/1498
f 729/1498/1498 952/1497/1497 953/1499/1499
f 729/1498/1498 953/1499/1499 730/1500/1500
f 730/1500/1500 953/1499/1499 731/1501/1501
f 731/1501/1501 953/1499/1499 954/1502/1502
f 731/1501/1501 954/1502/1502 732/1503/1503
f 732/1503/1503 954/1502/1502 955/1504/1504
f 732/1503/1503 955/1504/1504 733/1505/1505
f 733/1505/1505 955/1504/1504 734/1506/1506
f 734/1506/1506 955/1504/1504 956/1507/1507
f 734/1506/1506 956/1507/1507 735/1508/1508
f 735/1508/1508 956/1507/1507 957/1509/1509
f 735/1508/1508 957/1509/1509 736/1510/1510
f 736/1510/1510 957/1509/1509 958/1511/1511
f 736/1510/1510 958/1511/1511 737/1512/1512
f 737/1512/1512 958/1511/1511 959/1513/1513
f 737/1512/1512 959/1513/1513 738/1514/1514
f 738/1514/1514 959/1513/1513 960/1515/1515
f 738/1514/1514 960/1515/1515 739/1516/1516
f 739/1516/1516 960/1515/1515 961/1517/1517
f 739/1516/1516 961/1517/1517 740/1518/1518
f 740/1518/1518 961/1517/1517 962/1519/1519
f 740/1518/1518 962/1519/1519 741/1520/1520
f 741/1520/1520 962/1519/1519 963/1521/1521
f 741/1520/1520 963/1521/1521 742/1522/1522
f 742/1522/1522 963/1521/1521 964/1523/1523
f 742/1522/1522 964/1523/1523 743/1524/1524
f 743/1524/1524 964/1523/1523 965/1525/1525
f 743/1524/1524 965/1525/1525 744/1526/1526
f 744/1526/1526 965/1525/1525 966/1527/1527
f 744/1526/1526 966/1527/1527 745/1528/1528
f 745/1528/1528 966/1527/1527 967/1529/1529
f 745/1528/1528 967/1529/1529 746/1530/1530
f 746/1530/1530 967/1529/1529 968/1531/1531
f 746/1530/1530 968/1531/1531 747/1532/1532
f 747/1532/1532 968/1531/1531 969/1533/1533
f 747/1532/1532 969/1533/1533 748/1534/1534
f 748/1534/1534 969/1533/1533 970/1535/1535
f 748/1534/1534 970/1535/1535 749/1536/1536
f 749/1536/1536 970/1535/1535 971/1537/1537
f 749/1536/1536 971/1537/1537 750/1538/1538
f 750/1538/1538 971/1537/1537 972/1539/1539
f 750/1538/1538 972/1539/1539 751/1540/1540
f 751/1540/1540 972/1539/1539 973/1541/1541
f 751/1540/1540 973/1541/1541 752/1542/1542
f 752/1542/1542 973/1541/1541 974/1543/1543
f 752/1542/1542 974/1543/1543 753/1544/1544
f 753/1544/1544 974/1543/1543 975/1545/1545
f 753/1544/1544 975/1545/1545 754/1546/1546
f 754/1546/1546 975/1545/1545 976/1547/1547
f 754/1546/1546 976/1547/1547 755/1548/1548
f 755/1548/1548 976/1547/1547 977/1549/1549
f 755/1548/1548 977/1549/1549 756/1550/1550
f 756/1550/1550 977/1549/1549 978/1551/1551
f 756/1550/1550 978/1551/1551 757/1552/1552
f 757/1552/1552 978/1551/1551 979/1553/1553
f 757/1552/1552 979/1553/1553 758/1554/1554
f 758/1554/1554 979/1553/1553 980/1555/1555
f 758/1554/1554 980/1555/1555 759/1556/1556
f 759/1556/1556 980/1555/1555 981/1557/1557
f 759/1556/1556 981/1557/1557 760/1558/1558
f 760/1558/1558 981/1557/1557 982/1559/1559
f 760/1558/1558 982/1559/1559 761/1560/1560
f 761/1560/1560 982/1559/1559 983/1561/1561
f 761/1560/1560 983/1561/1561 762/1562/1562
f 762/1562/1562 983/1561/1561 984/1563/1563
f 762/1562/1562 984/1563/1563 763/1564/1564
f 763/1564/1564 984/1563/1563 985/1565/1565
f 763/1564/1564 985/1565/1565 764/1566/1566
f 764/1566/1566 985/1565/1565 986/1567/1567
f 764/1566/1566 986/1567/1567 765/1568/1568
f 765/1568/1568 986/1567/1567 987/1569/1569
f 765/1568/1568 987/1569/1569 766/1570/1570
f 766/1570/1570 987/1569/1569 988/1571/1571
f 766/1570/1570 988/1571/1571 767/1572/1572
f 767/1572/1572 988/1571/1571 989/1573/1573
f 767/1572/1572 989/1573/1573 768/1574/1574
f 768/1574/1574 989/1573/1573 990/1575/1575
f 768/1574/1574 990/1575/1575 769/1576/1576
f 769/1576/1576 990/1575/1575 991/1577/1577
f 769/1576/1576 991/1577/1577 770/1578/1578
f 770/1578/1578 991/1577/1577 992/1579/1579
f 770/1578/1578 992/1579/1579 771/1580/1580
f 771/1580/1580 992/1579/1579 993/1581/1581
f 771/1580/1580 993/1581/1581 772/1582/1582
f 772/1582/1582 993/1581/1581 994/1583/1583
f 772/1582/1582 994/1583/1583 773/1584/1584
f 773/1584/1584 994/1583/1583 995/1585/1585
f 773/1584/1584 995/1585/1585 774/1586/1586
f 774/1586/1586 995/1585/1585 996/1587/1587
f 774/1586/1586 996/1587/1587 775/1588/1588
f 775/1588/1588 996/1587/1587 997/1589/1589
f 775/1588/1588 997/1589/1589 776/1590/1590
f 776/1590/1590 997/1589/1589 998/1591/1591
f 776/1590/1590 998/1591/1591 777/1592/1592
f 777/1592/1592 998/1591/1591 999/1593/1593
f 777/1592/1592 999/1593/1593 778/1594/1594
f 778/1594/1594 999/1593/1593 1000/1595/1595
f 778/1594/1594 1000/1595/1595 779/1596/1596
f 779/1596/1596 1000/1595/1595 1001/1597/1597
f 779/1596/1596 1001/1597/1597 780/1598/1598
f 780/1598/1598 1001/1597/1597 1002/1599/1599
f 780/1598/1598 1002/1599/1599 781/1600/1600
f 781/1600/1600 1002/1599/1599 1003/1601/1601
f 781/1600/1600 1003/1601/1601 782/1602/1602
f 782/1602/1602 1003/1601/1601 783/1603/1603
f 783/1603/1603 1003/1601/1601 1004/1604/1604
f 783/1603/1603 1004/1604/1604 784/1605/1605
f 784/1605/1605 1004/1604/1604 1005/1606/1606
f 784/1605/1605 1005/1606/1606 785/1607/1607
f 785/1607/1607 1005/1606/1606 786/1608/1608
f 786/1608/1608 1005/1606/1606 1006/1609/1609
f 786/1608/1608 1006/1609/1609 787/1610/1610
f 787/1610/1610 1006/1609/1609 1007/1611/1611
f 787/1610/1610 1007/1611/1611 788/1612/1612
f 788/1612/1612 1007/1611/1611 789/1613/1613
f 789/1613/1613 1007/1611/1611 1008/1614/1614
f 789/1613/1613 1008/1614/1614 790/1615/1615
f 790/1615/1615 1008/1614/1614 791/1616/1616
f 791/1616/1616 1008/1614/1614 1009/1617/1617
f 791/1616/1616 1009/1617/1617 792/1618/1618
f 792/1618/1618 1009/1617/1617 1010/1619/1619
f 792/1618/1618 1010/1619/1619 793/1620/1620
f 793/1620/1620 1010/1619/1619 794/1621/1621
f 794/1621/1621 1010/1619/1619 1011/1622/1622
f 794/1621/1621 1011/1622/1622 795/1623/1623
f 795/1623/1623 1011/1622/1622 1012/1624/1624
f 795/1623/1623 1012/1624/1624 796/1625/1625
f 796/1625/1625 1012/1624/1624 1013/1626/1626
f 796/1625/1625 1013/1626/1626 797/1627/1627
f 797/1627/1627 1013/1626/1626 1014/1628/1628
f 797/1627/1627 1014/1628/1628 798/1629/1629
f 798/1629/1629 1014/1628/1628 799/1630/1630
f 799/1630/1630 1014/1628/1628 1015/1631/1631
f 799/1630/1630 1015/1631/1631 800/1632/1632
f 800/1632/1632 1015/1631/1631 1016/1633/1633
f 800/1632/1632 1016/1633/1633 801/1634/1634
f 801/1634/1634 1016/1633/1633 1017/1635/1635
f 801/1634/1634 1017/1635/1635 802/1636/1636
f 802/1636/1636 1017/1635/1635 1018/1637/1637
f 802/1636/1636 1018/1637/1637 803/1638/1638
f 803/1638/1638 1018/1637/1637 1019/1639/1639
f 803/1638/1638 1019/1639/1639 804/1640/1640
f 804/1640/1640 1019/1639/1639 1020/1641/1641
f 804/1640/1640 1020/1641/1641 805/1642/1642
f 805/1642/1642 1020/1641/1641 1021/1643/1643
f 805/1642/1642 1021/1643/1643 806/1644/1644
f 806/1644/1644 1021/1643/1643 1022/1645/1645
f 806/1644/1644 1022/1645/1645 807/1646/1646
f 807/1646/1646 1022/1645/1645 1023/1647/1647
f 807/1646/1646 1023/1647/1647 808/1648/1648
f 808/1648/1648 1023/1647/1647 1024/1649/1649
f 808/1648/1648 1024/1649/1649 809/1650/1650
f 809/1650/1650 1024/1649/1649 1025/1651/1651
f 809/1650/1650 1025/1651/1651 810/1652/1652
f 810/1652/1652 1025/1651/1651 1026/1653/1653
f 810/1652/1652 1026/1653/1653 1027/1654/1654
f 810/1652/1652 1027/1654/1654 597/1400/1400
f 597/1400/1400 1027/1654/1654 1028/1398/1398
f 922/1655/1655 1162/1656/1656 811/1657/1657
f 811/1657/1657 1162/1656/1656 1035/1658/1658
f 811/1659/1657 1035/1660/1658 1036/1661/1659
f 1162/1656/1656 922/1655/1655 1161/1662/1660
f 1161/1662/1660 922/1655/1655 921/1663/1661
f 1161/1662/1660 921/1663/1661 1160/1664/1662
f 1160/1664/1662 921/1663/1661 920/1665/1663
f 1160/1664/1662 920/1665/1663 1159/1666/1664
f 1159/1666/1664 920/1665/1663 919/1667/1665
f 1159/1666/1664 919/1667/1665 1158/1668/1666
f 1158/1668/1666 919/1667/1665 918/1669/1667
f 1158/1668/1666 918/1669/1667 1157/1670/1668
f 1157/1670/1668 918/1669/1667 917/1671/1669
f 1157/1670/1668 917/1671/1669 1156/1672/1670
f 1156/1672/1670 917/1671/1669 916/1673/1671
f 1156/1672/1670 916/1673/1671 1155/1674/1672
f 1155/1674/1672 916/1673/1671 1154/1675/1673
f 1154/1675/1673 916/1673/1671 915/1676/1674
f 1154/1675/1673 915/1676/1674 1153/1677/1675
f 1153/1677/1675 915/1676/1674 914/1678/1676
f 1153/1677/1675 914/1678/1676 1152/1679/1677
f 1152/1679/1677 914/1678/1676 913/1680/1678
f 1152/1679/1677 913/1680/1678 1151/1681/1679
f 1151/1681/1679 913/1680/1678 912/1682/1680
f 1151/1681/1679 912/1682/1680 1150/1683/1681
f 1150/1683/1681 912/1682/1680 911/1684/1682
f 1150/1683/1681 911/1684/1682 1149/1685/1683
f 1149/1685/1683 911/1684/1682 910/1686/1684
f 1149/1685/1683 910/1686/1684 1148/1687/1685
f 1148/1687/1685 910/1686/1684 909/1688/1686
f 1148/1687/1685 909/1688/1686 1147/1689/1687
f 1147/1689/1687 909/1688/1686 1146/1690/1688
f 1146/1690/1688 909/1688/1686 908/1691/1689
f 1146/1690/1688 908/1691/1689 1145/1692/1690
f 1145/1692/1690 908/1691/1689 907/1693/1691
f 1145/1692/1690 907/1693/1691 1144/1694/1692
f 1144/1694/1692 907/1693/1691 906/1695/1693
f 1144/1694/1692 906/1695/1693 1143/1696/1694
f 1143/1696/1694 906/1695/1693 905/1697/1695
f 1143/1696/1694 905/1697/1695 1142/1698/1696
f 1142/1698/1696 905/1697/1695 904/1699/1697
f 1142/1698/1696 904/1699/1697 1141/1700/1698
f 1141/1700/1698 904/1699/1697 903/1701/1699
f 1141/1700/1698 903/1701/1699 1140/1702/1700
f 1140/1702/1700 903/1701/1699 902/1703/1701
f 1140/1702/1700 902/1703/1701 1139/1704/1702
f 1139/1704/1702 902/1703/1701 1138/1705/1703
f 1138/1705/1703 902/1703/1701 901/1706/1704
f 1138/1705/1703 901/1706/1704 1137/1707/1705
f 1137/1707/1705 901/1706/1704 900/1708/1706
f 1137/1707/1705 900/1708/1706 1136/1709/1707
f 1136/1709/1707 900/1708/1706 899/1710/1708
f 1136/1709/1707 899/1710/1708 1135/1711/1709
f 1135/1711/1709 899/1710/1708 898/1712/1710
f 1135/1711/1709 898/1712/1710 1134/1713/1711
f 1134/1713/1711 898/1712/1710 897/1714/1712
f 1134/1713/1711 897/1714/1712 1133/1715/1713
f 1133/1715/1713 897/1714/1712 896/1716/1714
f 1133/1715/1713 896/1716/1714 1132/1717/1715
f 1132/1717/1715 896/1716/1714 895/1718/1716
f 1132/1717/1715 895/1718/1716 1131/1719/1717
f 1131/1719/1717 895/1718/1716 1130/1720/1718
f 1130/1720/1718 895/1718/1716 894/1721/1719
f 1130/1720/1718 894/1721/1719 1129/1722/1720
f 1129/1722/1720 894/1721/1719 893/1723/1721
f 1129/1722/1720 893/1723/1721 1128/1724/1722
f 1128/1724/1722 893/1723/1721 892/1725/1723
f 1128/1724/1722 892/1725/1723 1127/1726/1724
f 1127/1726/1724 892/1725/1723 891/1727/1725
f 1127/1726/1724 891/1727/1725 1126/1728/1726
f 1126/1728/1726 891/1727/1725 890/1729/1727
f 1126/1728/1726 890/1729/1727 1125/1730/1728
f 1125/1730/1728 890/1729/1727 889/1731/1729
f 1125/1730/1728 889/1731/1729 1124/1732/1730
f 1124/1732/1730 889/1731/1729 888/1733/1731
f 1124/1732/1730 888/1733/1731 1123/1734/1732
f 1123/1734/1732 888/1733/1731 1122/1735/1733
f 1122/1735/1733 888/1733/1731 887/1736/1734
f 1122/1735/1733 887/1736/1734 1121/1737/1735
f 1121/1737/1735 887/1736/1734 886/1738/1736
f 1121/1737/1735 886/1738/1736 1120/1739/1737
f 1120/1739/1737 886/1738/1736 885/1740/1738
f 1120/1739/1737 885/1740/1738 1119/1741/1739
f 1119/1741/1739 885/1740/1738 884/1742/1740
f 1119/1741/1739 884/1742/1740 1118/1743/1741
f 1118/1743/1741 884/1742/1740 883/1744/1742
f 1118/1743/1741 883/1744/1742 1117/1745/1743
f 1117/1745/1743 883/1744/1742 882/1746/1744
f 1117/1745/1743 882/1746/1744 1116/1747/1745
f 1116/1747/1745 882/1746/1744 881/1748/1746
f 1116/1747/1745 881/1748/1746 1115/1749/1747
f 1115/1749/1747 881/1748/1746 1114/1750/1748
f 1114/1750/1748 881/1748/1746 880/1751/1749
f 1114/1750/1748 880/1751/1749 1113/1752/1750
f 1113/1752/1750 880/1751/1749 879/1753/1751
f 1113/1752/1750 879/1753/1751 1112/1754/1752
f 1112/1754/1752 879/1753/1751 878/1755/1753
f 1112/1754/1752 878/1755/1753 1111/1756/1754
f 1111/1756/1754 878/1755/1753 877/1757/1755
f 1111/1756/1754 877/1757/1755 1110/1758/1756
f 1110/1758/1756 877/1757/1755 876/1759/1757
f 1110/1758/1756 876/1759/1757 1109/1760/1758
f 1109/1760/1758 876/1759/1757 875/1761/1759
f 1109/1760/1758 875/1761/1759 1108/1762/1760
f 1108/1762/1760 875/1761/1759 874/1763/1761
f 1108/1762/1760 874/1763/1761 1107/1764/1762
f 1107/1764/1762 874/1763/1761 1106/1765/1763
f 1106/1765/1763 874/1763/1761 873/1766/1764
f 1106/1765/1763 873/1766/1764 1105/1767/1765
f 1105/1767/1765 873/1766/1764 872/1768/1766
f 1105/1767/1765 872/1768/1766 1104/1769/1767
f 1104/1769/1767 872/1768/1766 871/1770/1768
f 1104/1769/1767 871/1770/1768 1103/1771/1769
f 1103/1771/1769 871/1770/1768 870/1772/1770
f 1103/1771/1769 870/1772/1770 1102/1773/1771
f 1102/1773/1771 870/1772/1770 869/1774/1772
f 1102/1773/1771 869/1774/1772 1101/1775/1773
f 1101/1775/1773 869/1774/1772 868/1776/1774
f 1101/1775/1773 868/1776/1774 1100/1777/1775
f 1100/1777/1775 868/1776/1774 867/1778/1776
f 1100/1777/1775 867/1778/1776 1099/1779/1777
f 1099/1779/1777 867/1778/1776 1098/1780/1778
f 1098/1780/1778 867/1778/1776 866/1781/1779
f 1098/1780/1778 866/1781/1779 1097/1782/1780
f 1097/1782/1780 866/1781/1779 865/1783/1781
f 1097/1782/1780 865/1783/1781 1096/1784/1782
f 1096/1784/1782 865/1783/1781 864/1785/1783
f 1096/1784/1782 864/1785/1783 1095/1786/1784
f 1095/1786/1784 864/1785/1783 863/1787/1785
f 1095/1786/1784 863/1787/1785 1094/1788/1786
f 1094/1788/1786 863/1787/1785 862/1789/1787
f 1094/1788/1786 862/1789/1787 1093/1790/1788
f 1093/1790/1788 862/1789/1787 861/1791/1789
f 1093/1790/1788 861/1791/1789 1092/1792/1790
f 1092/1792/1790 861/1791/1789 860/1793/1791
f 1092/1792/1790 860/1793/1791 1091/1794/1792
f 1091/1794/1792 860/1793/1791 1090/1795/1793
f 1090/1795/1793 860/1793/1791 859/1796/1794
f 1090/1795/1793 859/1796/1794 1089/1797/1795
f 1089/1797/1795 859/1796/1794 858/1798/1796
f 1089/1797/1795 858/1798/1796 1088/1799/1797
f 1088/1799/1797 858/1798/1796 857/1800/1798
f 1088/1799/1797 857/1800/1798 1087/1801/1799
f 1087/1801/1799 857/1800/1798 856/1802/1800
f 1087/1801/1799 856/1802/1800 1086/1803/1801
f 1086/1803/1801 856/1802/1800 855/1804/1802
f 1086/1803/1801 855/1804/1802 1085/1805/1803
f 1085/1805/1803 855/1804/1802 854/1806/1804
f 1085/1805/1803 854/1806/1804 1084/1807/1805
f 1084/1807/1805 854/1806/1804 853/1808/1806
f 1084/1807/1805 853/1808/1806 1083/1809/1807
f 1083/1809/1807 853/1808/1806 1082/1810/1808
f 1082/1810/1808 853/1808/1806 852/1811/1809
f 1082/1810/1808 852/1811/1809 1081/1812/1810
f 1081/1812/1810 852/1811/1809 851/1813/1811
f 1081/1812/1810 851/1813/1811 1080/1814/1812
f 1080/1814/1812 851/1813/1811 850/1815/1813
f 1080/1814/1812 850/1815/1813 1079/1816/1814
f 1079/1816/1814 850/1815/1813 849/1817/1815
f 1079/1816/1814 849/1817/1815 1078/1818/1816
f 1078/1818/1816 849/1817/1815 848/1819/1817
f 1078/1818/1816 848/1819/1817 1077/1820/1818
f 1077/1820/1818 848/1819/1817 847/1821/1819
f 1077/1820/1818 847/1821/1819 1076/1822/1820
f 1076/1822/1820 847/1821/1819 846/1823/1821
f 1076/1822/1820 846/1823/1821 1075/1824/1822
f 1075/1824/1822 846/1823/1821 1074/1825/1823
f 1074/1825/1823 846/1823/1821 845/1826/1824
f 1074/1825/1823 845/1826/1824 1073/1827/1825
f 1073/1827/1825 845/1826/1824 844/1828/1826
f 1073/1827/1825 844/1828/1826 1072/1829/1827
f 1072/1829/1827 844/1828/1826 843/1830/1828
f 1072/1829/1827 843/1830/1828 1071/1831/1829
f 1071/1831/1829 843/1830/1828 842/1832/1830
f 1071/1831/1829 842/1832/1830 1070/1833/1831
f 1070/1833/1831 842/1832/1830 841/1834/1832
f 1070/1833/1831 841/1834/1832 1069/1835/1833
f 1069/1835/1833 841/1834/1832 840/1836/1834
f 1069/1835/1833 840/1836/1834 1068/1837/1835
f 1068/1837/1835 840/1836/1834 839/1838/1836
f 1068/1837/1835 839/1838/1836 1067/1839/1837
f 1067/1839/1837 839/1838/1836 1066/1840/1838
f 1066/1840/1838 839/1838/1836 838/1841/1839
f 1066/1840/1838 838/1841/1839 1065/1842/1840
f 1065/1842/1840 838/1841/1839 837/1843/1841
f 1065/1842/1840 837/1843/1841 1064/1844/1842
f 1064/1844/1842 837/1843/1841 836/1845/1843
f 1064/1844/1842 836/1845/1843 1063/1846/1844
f 1063/1846/1844 836/1845/1843 835/1847/1845
f 1063/1846/1844 835/1847/1845 1062/1848/1846
f 1062/1848/1846 835/1847/1845 834/1849/1847
f 1062/1848/1846 834/1849/1847 1061/1850/1848
f 1061/1850/1848 834/1849/1847 833/1851/1849
f 1061/1850/1848 833/1851/1849 1060/1852/1850
f 1060/1852/1850 833/1851/1849 832/1853/1851
f 1060/1852/1850 832/1853/1851 1059/1854/1852
f 1059/1854/1852 832/1853/1851 1058/1855/1853
f 1058/1855/1853 832/1853/1851 831/1856/1854
f 1058/1855/1853 831/1856/1854 1057/1857/1855
f 1057/1857/1855 831/1856/1854 830/1858/1856
f 1057/1857/1855 830/1858/1856 1056/1859/1857
f 1056/1859/1857 830/1858/1856 829/1860/1858
f 1056/1859/1857 829/1860/1858 1055/1861/1859
f 1055/1861/1859 829/1860/1858 828/1862/1860
f 1055/1861/1859 828/1862/1860 1054/1863/1861
f 1054/1863/1861 828/1862/1860 827/1864/1862
f 1054/1863/1861 827/1864/1862 1053/1865/1863
f 1053/1865/1863 827/1864/1862 826/1866/1864
f 1053/1865/1863 826/1866/1864 1052/1867/1865
f 1052/1867/1865 826/1866/1864 825/1868/1866
f 1052/1867/1865 825/1868/1866 1051/1869/1867
f 1051/1869/1867 825/1868/1866 1050/1870/1868
f 1050/1870/1868 825/1868/1866 824/1871/1869
f 1050/1870/1868 824/1871/1869 1049/1872/1870
f 1049/1872/1870 824/1871/1869 823/1873/1871
f 1049/1872/1870 823/1873/1871 1048/1874/1872
f 1048/1874/1872 823/1873/1871 822/1875/1873
f 1048/1874/1872 822/1875/1873 1047/1876/1874
f 1047/1876/1874 822/1875/1873 821/1877/1875
f 1047/1876/1874 821/1877/1875 1046/1878/1876
f 1046/1878/1876 821/1877/1875 820/1879/1877
f 1046/1878/1876 820/1879/1877 1045/1880/1878
f 1045/1880/1878 820/1879/1877 819/1881/1879
f 1045/1880/1878 819/1881/1879 1044/1882/1880
f 1044/1882/1880 819/1881/1879 818/1883/1881
f 1044/1882/1880 818/1883/1881 1043/1884/1882
f 1043/1884/1882 818/1883/1881 1042/1885/1883
f 1042/1885/1883 818/1883/1881 817/1886/1884
f 1042/1885/1883 817/1886/1884 1041/1887/1885
f 1041/1887/1885 817/1886/1884 816/1888/1886
f 1041/1887/1885 816/1888/1886 1040/1889/1887
f 1040/1889/1887 816/1888/1886 815/1890/1888
f 1040/1889/1887 815/1890/1888 1039/1891/1889
f 1039/1891/1889 815/1890/1888 814/1892/1890
f 1039/1891/1889 814/1892/1890 1038/1893/1891
f 1038/1893/1891 814/1892/1890 813/1894/1892
f 1038/1893/1891 813/1894/1892 1037/1895/1893
f 1037/1895/1893 813/1894/1892 812/1896/1894
f 1037/1895/1893 812/1896/1894 1036/1661/1659
f 1036/1661/1659 812/1896/1894 811/1659/1657
f 1034/1897/1895 1290/1898/1896 923/1899/1897
f 923/1899/1897 1290/1898/1896 1163/1900/1898
f 923/1901/1897 1163/1902/1898 1164/1903/1899
f 1290/1898/1896 1034/1897/1895 1289/1904/1900
f 1289/1904/1900 1034/1897/1895 1033/1905/1901
f 1289/1904/1900 1033/1905/1901 1288/1906/1902
f 1288/1906/1902 1033/1905/1901 1032/1907/1903
f 1288/1906/1902 1032/1907/1903 1287/1908/1904
f 1287/1908/1904 1032/1907/1903 1031/1909/1905
f 1287/1908/1904 1031/1909/1905 1286/1910/1906
f 1286/1910/1906 1031/1909/1905 1030/1911/1907
f 1286/1910/1906 1030/1911/1907 1285/1912/1908
f 1285/1912/1908 1030/1911/1907 1029/1913/1909
f 1285/1912/1908 1029/1913/1909 1284/1914/1910
f 1284/1914/1910 1029/1913/1909 1028/1915/1911
f 1284/1914/1910 1028/1915/1911 1283/1916/1912
f 1283/1916/1912 1028/1915/1911 1282/1917/1913
f 1282/1917/1913 1028/1915/1911 1027/1918/1914
f 1282/1917/1913 1027/1918/1914 1281/1919/1915
f 1281/1919/1915 1027/1918/1914 1026/1920/1916
f 1281/1919/1915 1026/1920/1916 1280/1921/1917
f 1280/1921/1917 1026/1920/1916 1025/1922/1918
f 1280/1921/1917 1025/1922/1918 1279/1923/1919
f 1279/1923/1919 1025/1922/1918 1024/1924/1920
f 1279/1923/1919 1024/1924/1920 1278/1925/1921
f 1278/1925/1921 1024/1924/1920 1023/1926/1922
f 1278/1925/1921 1023/1926/1922 1277/1927/1923
f 1277/1927/1923 1023/1926/1922 1022/1928/1924
f 1277/1927/1923 1022/1928/1924 1276/1929/1925
f 1276/1929/1925 1022/1928/1924 1021/1930/1926
f 1276/1929/1925 1021/1930/1926 1275/1931/1927
f 1275/1931/1927 1021/1930/1926 1274/1932/1928
f 1274/1932/1928 1021/1930/1926 1020/1933/1929
f 1274/1932/1928 1020/1933/1929 1273/1934/1930
f 1273/1934/1930 1020/1933/1929 1019/1935/1931
f 1273/1934/1930 1019/1935/1931 1272/1936/1932
f 1272/1936/1932 1019/1935/1931 1018/1937/1933
f 1272/1936/1932 1018/1937/1933 1271/1938/1934
f 1271/1938/1934 1018/1937/1933 1017/1939/1935
f 1271/1938/1934 1017/1939/1935 1270/1940/1936
f 1270/1940/1936 1017/1939/1935 1016/1941/1937
f 1270/1940/1936 1016/1941/1937 1269/1942/1938
f 1269/1942/1938 1016/1941/1937 1015/1943/1939
f 1269/1942/1938 1015/1943/1939 1268/1944/1940
f 1268/1944/1940 1015/1943/1939 1014/1945/1941
f 1268/1944/1940 1014/1945/1941 1267/1946/1942
f 1267/1946/1942 1014/1945/1941 1266/1947/1943
f 1266/1947/1943 1014/1945/1941 1013/1948/1944
f 1266/1947/1943 1013/1948/1944 1265/1949/1945
f 1265/1949/1945 1013/1948/1944 1012/1950/1946
f 1265/1949/1945 1012/1950/1946 1264/1951/1947
f 1264/1951/1947 1012/1950/1946 1011/1952/1948
f 1264/1951/1947 1011/1952/1948 1263/1953/1949
f 1263/1953/1949 1011/1952/1948 1010/1954/1950
f 1263/1953/1949 1010/1954/1950 1262/1955/1951
f 1262/1955/1951 1010/1954/1950 1009/1956/1952
f 1262/1955/1951 1009/1956/1952 1261/1957/1953
f 1261/1957/1953 1009/1956/1952 1008/1958/1954
f 1261/1957/1953 1008/1958/1954 1260/1959/1955
f 1260/1959/1955 1008/1958/1954 1007/1960/1956
f 1260/1959/1955 1007/1960/1956 1259/1961/1957
f 1259/1961/1957 1007/1960/1956 1258/1962/1958
f 1258/1962/1958 1007/1960/1956 1006/1963/1959
f 1258/1962/1958 1006/1963/1959 1257/1964/1960
f 1257/1964/1960 1006/1963/1959 1005/1965/1961
f 1257/1964/1960 1005/1965/1961 1256/1966/1962
f 1256/1966/1962 1005/1965/1961 1004/1967/1963
f 1256/1966/1962 1004/1967/1963 1255/1968/1964
f 1255/1968/1964 1004/1967/1963 1003/1969/1965
f 1255/1968/1964 1003/1969/1965 1254/1970/1966
f 1254/1970/1966 1003/1969/1965 1002/1971/1967
f 1254/1970/1966 1002/1971/1967 1253/1972/1968
f 1253/1972/1968 1002/1971/1967 1001/1973/1969
f 1253/1972/1968 1001/1973/1969 1252/1974/1970
f 1252/1974/1970 1001/1973/1969 1000/1975/1971
f 1252/1974/1970 1000/1975/1971 1251/1976/1972
f 1251/1976/1972 1000/1975/1971 1250/1977/1973
f 1250/1977/1973 1000/1975/1971 999/1978/1974
f 1250/1977/1973 999/1978/1974 1249/1979/1975
f 1249/1979/1975 999/1978/1974 998/1980/1976
f 1249/1979/1975 998/1980/1976 1248/1981/1977
f 1248/1981/1977 998/1980/1976 997/1982/1978
f 1248/1981/1977 997/1982/1978 1247/1983/1979
f 1247/1983/1979 997/1982/1978 996/1984/1980
f 1247/1983/1979 996/1984/1980 1246/1985/1981
f 1246/1985/1981 996/1984/1980 995/1986/1982
f 1246/1985/1981 995/1986/1982 1245/1987/1983
f 1245/1987/1983 995/1986/1982 994/1988/1984
f 1245/1987/1983 994/1988/1984 1244/1989/1985
f 1244/1989/1985 994/1988/1984 993/1990/1986
f 1244/1989/1985 993/1990/1986 1243/1991/1987
f 1243/1991/1987 993/1990/1986 1242/1992/1988
f 1242/1992/1988 993/1990/1986 992/1993/1989
f 1242/1992/1988 992/1993/1989 1241/1994/1990
f 1241/1994/1990 992/1993/1989 991/1995/1991
f 1241/1994/1990 991/1995/1991 1240/1996/1992
f 1240/1996/1992 991/1995/1991 990/1997/1993
f 1240/1996/1992 990/1997/1993 1239/1998/1994
f 1239/1998/1994 990/1997/1993 989/1999/1995
f 1239/1998/1994 989/1999/1995 1238/2000/1996
f 1238/2000/1996 989/1999/1995 988/2001/1997
f 1238/2000/1996 988/2001/1997 1237/2002/1998
f 1237/2002/1998 988/2001/1997 987/2003/1999
f 1237/2002/1998 987/2003/1999 1236/2004/2000
f 1236/2004/2000 987/2003/1999 986/2005/2001
f 1236/2004/2000 986/2005/2001 1235/2006/2002
f 1235/2006/2002 986/2005/2001 1234/2007/2003
f 1234/2007/2003 986/2005/2001 985/2008/2004
f 1234/2007/2003 985/2008/2004 1233/2009/2005
f 1233/2009/2005 985/2008/2004 984/2010/2006
f 1233/2009/2005 984/2010/2006 1232/2011/2007
f 1232/2011/2007 984/2010/2006 983/2012/2008
f 1232/2011/2007 983/2012/2008 1231/2013/2009
f 1231/2013/2009 983/2012/2008 982/2014/2010
f 1231/2013/2009 982/2014/2010 1230/2015/2011
f 1230/2015/2011 982/2014/2010 981/2016/2012
f 1230/2015/2011 981/2016/2012 1229/2017/2013
f 1229/2017/2013 981/2016/2012 980/2018/2014
f 1229/2017/2013 980/2018/2014 1228/2019/2015
f 1228/2019/2015 980/2018/2014 979/2020/2016
f 1228/2019/2015 979/2020/2016 1227/2021/2017
f 1227/2021/2017 979/2020/2016 1226/2022/2018
f 1226/2022/2018 979/2020/2016 978/2023/2019
f 1226/2022/2018 978/2023/2019 1225/2024/2020
f 1225/2024/2020 978/2023/2019 977/2025/2021
f 1225/2024/2020 977/2025/2021 1224/2026/2022
f 1224/2026/2022 977/2025/2021 976/2027/2023
f 1224/2026/2022 976/2027/2023 1223/2028/2024
f 1223/2028/2024 976/2027/2023 975/2029/2025
f 1223/2028/2024 975/2029/2025 1222/2030/2026
f 1222/2030/2026 975/2029/2025 974/2031/2027
f 1222/2030/2026 974/2031/2027 1221/2032/2028
f 1221/2032/2028 974/2031/2027 973/2033/2029
f 1221/2032/2028 973/2033/2029 1220/2034/2030
f 1220/2034/2030 973/2033/2029 972/2035/2031
f 1220/2034/2030 972/2035/2031 1219/2036/2032
f 1219/2036/2032 972/2035/2031 1218/2037/2033
f 1218/2037/2033 972/2035/2031 971/2038/2034
f 1218/2037/2033 971/2038/2034 1217/2039/2035
f 1217/2039/2035 971/2038/2034 970/2040/2036
f 1217/2039/2035 970/2040/2036 1216/2041/2037
f 1216/2041/2037 970/2040/2036 969/2042/2038
f 1216/2041/2037 969/2042/2038 1215/2043/2039
f 1215/2043/2039 969/2042/2038 968/2044/2040
f 1215/2043/2039 968/2044/2040 1214/2045/2041
f 1214/2045/2041 968/2044/2040 967/2046/2042
f 1214/2045/2041 967/2046/2042 1213/2047/2043
f 1213/2047/2043 967/2046/2042 966/2048/2044
f 1213/2047/2043 966/2048/2044 1212/2049/2045
f 1212/2049/2045 966/2048/2044 965/2050/2046
f 1212/2049/2045 965/2050/2046 1211/2051/2047
f 1211/2051/2047 965/2050/2046 1210/2052/2048
f 1210/2052/2048 965/2050/2046 964/2053/2049
f 1210/2052/2048 964/2053/2049 1209/2054/2050
f 1209/2054/2050 964/2053/2049 963/2055/2051
f 1209/2054/2050 963/2055/2051 1208/2056/2052
f 1208/2056/2052 963/2055/2051 962/2057/2053
f 1208/2056/2052 962/2057/2053 1207/2058/2054
f 1207/2058/2054 962/2057/2053 961/2059/2055
f 1207/2058/2054 961/2059/2055 1206/2060/2056
f 1206/2060/2056 961/2059/2055 960/2061/2057
f 1206/2060/2056 960/2061/2057 1205/2062/2058
f 1205/2062/2058 960/2061/2057 959/2063/2059
f 1205/2062/2058 959/2063/2059 1204/2064/2060
f 1204/2064/2060 959/2063/2059 958/2065/2061
f 1204/2064/2060 958/2065/2061 1203/2066/2062
f 1203/2066/2062 958/2065/2061 1202/2067/2063
f 1202/2067/2063 958/2065/2061 957/2068/2064
f 1202/2067/2063 957/2068/2064 1201/2069/2065
f 1201/2069/2065 957/2068/2064 956/2070/2066
f 1201/2069/2065 956/2070/2066 1200/2071/2067
f 1200/2071/2067 956/2070/2066 955/2072/2068
f 1200/2071/2067 955/2072/2068 1199/2073/2069
f 1199/2073/2069 955/2072/2068 954/2074/2070
f 1199/2073/2069 954/2074/2070 1198/2075/2071
f 1198/2075/2071 954/2074/2070 953/2076/2072
f 1198/2075/2071 953/2076/2072 1197/2077/2073
f 1197/2077/2073 953/2076/2072 952/2078/2074
f 1197/2077/2073 952/2078/2074 1196/2079/2075
f 1196/2079/2075 952/2078/2074 951/2080/2076
f 1196/2079/2075 951/2080/2076 1195/2081/2077
f 1195/2081/2077 951/2080/2076 1194/2082/2078
f 1194/2082/2078 951/2080/2076 950/2083/2079
f 1194/2082/2078 950/2083/2079 1193/2084/2080
f 1193/2084/2080 950/2083/2079 949/2085/2081
f 1193/2084/2080 949/2085/2081 1192/2086/2082
f 1192/2086/2082 949/2085/2081 948/2087/2083
f 1192/2086/2082 948/2087/2083 1191/2088/2084
f 1191/2088/2084 948/2087/2083 947/2089/2085
f 1191/2088/2084 947/2089/2085 1190/2090/2086
f 1190/2090/2086 947/2089/2085 946/2091/2087
f 1190/2090/2086 946/2091/2087 1189/2092/2088
f 1189/2092/2088 946/2091/2087 945/2093/2089
f 1189/2092/2088 945/2093/2089 1188/2094/2090
f 1188/2094/2090 945/2093/2089 944/2095/2091
f 1188/2094/2090 944/2095/2091 1187/2096/2092
f 1187/2096/2092 944/2095/2091 1186/2097/2093
f 1186/2097/2093 944/2095/2091 943/2098/2094
f 1186/2097/2093 943/2098/2094 1185/2099/2095
f 1185/2099/2095 943/2098/2094 942/2100/2096
f 1185/2099/2095 942/2100/2096 1184/2101/2097
f 1184/2101/2097 942/2100/2096 941/2102/2098
f 1184/2101/2097 941/2102/2098 1183/2103/2099
f 1183/2103/2099 941/2102/2098 940/2104/2100
f 1183/2103/2099 940/2104/2100 1182/2105/2101
f 1182/2105/2101 940/2104/2100 939/2106/2102
f 1182/2105/2101 939/2106/2102 1181/2107/2103
f 1181/2107/2103 939/2106/2102 938/2108/2104
f 1181/2107/2103 938/2108/2104 1180/2109/2105
f 1180/2109/2105 938/2108/2104 937/2110/2106
f 1180/2109/2105 937/2110/2106 1179/2111/2107
f 1179/2111/2107 937/2110/2106 1178/2112/2108
f 1178/2112/2108 937/2110/2106 936/2113/2109
f 1178/2112/2108 936/2113/2109 1177/2114/2110
f 1177/2114/2110 936/2113/2109 935/2115/2111
f 1177/2114/2110 935/2115/2111 1176/2116/2112
f 1176/2116/2112 935/2115/2111 934/2117/2113
f 1176/2116/2112 934/2117/2113 1175/2118/2114
f 1175/2118/2114 934/2117/2113 933/2119/2115
f 1175/2118/2114 933/2119/2115 1174/2120/2116
f 1174/2120/2116 933/2119/2115 932/2121/2117
f 1174/2120/2116 932/2121/2117 1173/2122/2118
f 1173/2122/2118 932/2121/2117 931/2123/2119
f 1173/2122/2118 931/2123/2119 1172/2124/2120
f 1172/2124/2120 931/2123/2119 930/2125/2121
f 1172/2124/2120 930/2125/2121 1171/2126/2122
f 1171/2126/2122 930/2125/2121 1170/2127/2123
f 1170/2127/2123 930/2125/2121 929/2128/2124
f 1170/2127/2123 929/2128/2124 1169/2129/2125
f 1169/2129/2125 929/2128/2124 928/2130/2126
f 1169/2129/2125 928/2130/2126 1168/2131/2127
f 1168/2131/2127 928/2130/2126 927/2132/2128
f 1168/2131/2127 927/2132/2128 1167/2133/2129
f 1167/2133/2129 927/2132/2128 926/2134/2130
f 1167/2133/2129 926/2134/2130 1166/2135/2131
f 1166/2135/2131 926/2134/2130 925/2136/2132
f 1166/2135/2131 925/2136/2132 1165/2137/2133
f 1165/2137/2133 925/2136/2132 924/2138/2134
f 1165/2137/2133 924/2138/2134 1164/1903/1899
f 1164/1903/1899 924/2138/2134 923/1901/1897
f 21/2139/2135 1291/2140/2136 22/2141/2137
f 22/2141/2137 1291/2140/2136 1292/2142/2138
f 22/2141/2137 1292/2142/2138 1293/2143/2139
f 1293/2143/2139 1292/2142/2138 1301/2144/2140
f 1293/2143/2139 1301/2144/2140 1302/2145/2141
f 1302/2145/2141 1301/2144/2140 1310/2146/2142
f 1302/2145/2141 1310/2146/2142 1311/2147/2143
f 1311/2147/2143 1310/2146/2142 1319/2148/2144
f 1311/2147/2143 1319/2148/2144 1320/2149/2145
f 1320/2149/2145 1319/2148/2144 1328/2150/2146
f 1320/2149/2145 1328/2150/2146 1329/2151/2147
f 1329/2151/2147 1328/2150/2146 1337/2152/2148
f 1329/2151/2147 1337/2152/2148 1338/2153/2149
f 1338/2153/2149 1337/2152/2148 1346/2154/2150
f 1338/2153/2149 1346/2154/2150 90/2155/2151
f 90/2155/2151 1346/2154/2150 91/2156/2152
f 91/2156/2152 1346/2154/2150 1354/2157/2153
f 91/2156/2152 1354/2157/2153 92/2158/2154
f 92/2158/2154 1354/2157/2153 1362/2159/2155
f 92/2158/2154 1362/2159/2155 93/2160/2156
f 93/2160/2156 1362/2159/2155 1370/2161/2157
f 93/2160/2156 1370/2161/2157 94/2162/2158
f 94/2162/2158 1370/2161/2157 1378/2163/2159
f 94/2162/2158 1378/2163/2159 95/2164/2160
f 95/2164/2160 1378/2163/2159 1386/2165/2161
f 95/2164/2160 1386/2165/2161 96/2166/395
f 96/2166/395 1386/2165/2161 1385/2167/2162
f 96/2166/395 1385/2167/2162 1384/2168/2163
f 1384/2168/2163 1385/2167/2162 1376/2169/2164
f 1384/2168/2163 1376/2169/2164 1375/2170/2165
f 1375/2170/2165 1376/2169/2164 1367/2171/2166
f 1375/2170/2165 1367/2171/2166 1366/2172/2167
f 1366/2172/2167 1367/2171/2166 1358/2173/2168
f 1366/2172/2167 1358/2173/2168 1357/2174/2169
f 1357/2174/2169 1358/2173/2168 1349/2175/2170
f 1357/2174/2169 1349/2175/2170 1348/2176/2171
f 1348/2176/2171 1349/2175/2170 1340/2177/2172
f 1348/2176/2171 1340/2177/2172 1339/2178/2173
f 1339/2178/2173 1340/2177/2172 1331/2179/2174
f 1339/2178/2173 1331/2179/2174 16/2180/2175
f 16/2180/2175 1331/2179/2174 17/2181/2176
f 17/2181/2176 1331/2179/2174 1323/2182/2177
f 17/2181/2176 1323/2182/2177 18/2183/2178
f 18/2183/2178 1323/2182/2177 1315/2184/2179
f 18/2183/2178 1315/2184/2179 19/2185/2180
f 19/2185/2180 1315/2184/2179 1307/2186/2181
f 19/2185/2180 1307/2186/2181 20/2187/2182
f 20/2187/2182 1307/2186/2181 1299/2188/2183
f 20/2187/2182 1299/2188/2183 21/2139/2135
f 21/2139/2135 1299/2188/2183 1291/2140/2136
f 16/2180/2175 15/2189/2184 1339/2178/2173
f 1339/2178/2173 15/2189/2184 1347/2190/2185
f 1339/2178/2173 1347/2190/2185 1348/2176/2171
f 1348/2176/2171 1347/2190/2185 1356/2191/2186
f 1348/2176/2171 1356/2191/2186 1357/2174/2169
f 1357/2174/2169 1356/2191/2186 1365/2192/2187
f 1357/2174/2169 1365/2192/2187 1366/2172/2167
f 1366/2172/2167 1365/2192/2187 1374/2193/2188
f 1366/2172/2167 1374/2193/2188 1375/2170/2165
f 1375/2170/2165 1374/2193/2188 1383/2194/2189
f 1375/2170/2165 1383/2194/2189 1384/2168/2163
f 1384/2168/2163 1383/2194/2189 96/2166/395
f 15/2189/2184 14/2195/2190 1347/2190/2185
f 1347/2190/2185 14/2195/2190 1355/2196/2191
f 1347/2190/2185 1355/2196/2191 1356/2191/2186
f 1356/2191/2186 1355/2196/2191 1364/2197/2192
f 1356/2191/2186 1364/2197/2192 1365/2192/2187
f 1365/2192/2187 1364/2197/2192 1373/2198/2193
f 1365/2192/2187 1373/2198/2193 1374/2193/2188
f 1374/2193/2188 1373/2198/2193 1382/2199/2194
f 1374/2193/2188 1382/2199/2194 1383/2194/2189
f 1383/2194/2189 1382/2199/2194 96/2166/395
f 14/2195/2190 13/2200/2195 1355/2196/2191
f 1355/2196/2191 13/2200/2195 1363/2201/2196
f 1355/2196/2191 1363/2201/2196 1364/2197/2192
f 1364/2197/2192 1363/2201/2196 1372/2202/2197
f 1364/2197/2192 1372/2202/2197 1373/2198/2193
f 1373/2198/2193 1372/2202/2197 1381/2203/2198
f 1373/2198/2193 1381/2203/2198 1382/2199/2194
f 1382/2199/2194 1381/2203/2198 9/2204/394
f 1382/2199/2194 9/2204/394 96/2166/395
f 13/2200/2195 12/2205/2199 1363/2201/2196
f 1363/2201/2196 12/2205/2199 1371/2206/2200
f 1363/2201/2196 1371/2206/2200 1372/2202/2197
f 1372/2202/2197 1371/2206/2200 1380/2207/2201
f 1372/2202/2197 1380/2207/2201 1381/2203/2198
f 1381/2203/2198 1380/2207/2201 9/2204/394
f 12/2205/2199 11/2208/2202 1371/2206/2200
f 1371/2206/2200 11/2208/2202 1379/2209/2203
f 1371/2206/2200 1379/2209/2203 1380/2207/2201
f 1380/2207/2201 1379/2209/2203 9/2204/394
f 11/2208/2202 10/2210/2204 1379/2209/2203
f 1379/2209/2203 10/2210/2204 9/2204/394
f 90/2155/2151 89/2211/2205 1338/2153/2149
f 1338/2153/2149 89/2211/2205 1330/2212/2206
f 1338/2153/2149 1330/2212/2206 1329/2151/2147
f 1329/2151/2147 1330/2212/2206 1321/2213/2207
f 1329/2151/2147 1321/2213/2207 1320/2149/2145
f 1320/2149/2145 1321/2213/2207 1312/2214/2208
f 1320/2149/2145 1312/2214/2208 1311/2147/2143
f 1311/2147/2143 1312/2214/2208 1303/2215/2209
f 1311/2147/2143 1303/2215/2209 1302/2145/2141
f 1302/2145/2141 1303/2215/2209 1294/2216/2210
f 1302/2145/2141 1294/2216/2210 1293/2143/2139
f 1293/2143/2139 1294/2216/2210 22/2141/2137
f 89/2211/2205 88/2217/2211 1330/2212/2206
f 1330/2212/2206 88/2217/2211 1322/2218/2212
f 1330/2212/2206 1322/2218/2212 1321/2213/2207
f 1321/2213/2207 1322/2218/2212 1313/2219/2213
f 1321/2213/2207 1313/2219/2213 1312/2214/2208
f 1312/2214/2208 1313/2219/2213 1304/2220/2214
f 1312/2214/2208 1304/2220/2214 1303/2215/2209
f 1303/2215/2209 1304/2220/2214 1295/2221/2215
f 1303/2215/2209 1295/2221/2215 1294/2216/2210
f 1294/2216/2210 1295/2221/2215 22/2141/2137
f 88/2217/2211 87/2222/2216 1322/2218/2212
f 1322/2218/2212 87/2222/2216 1314/2223/2217
f 1322/2218/2212 1314/2223/2217 1313/2219/2213
f 1313/2219/2213 1314/2223/2217 1305/2224/2218
f 1313/2219/2213 1305/2224/2218 1304/2220/2214
f 1304/2220/2214 1305/2224/2218 1296/2225/2219
f 1304/2220/2214 1296/2225/2219 1295/2221/2215
f 1295/2221/2215 1296/2225/2219 83/2226/2220
f 1295/2221/2215 83/2226/2220 22/2141/2137
f 87/2222/2216 86/2227/2221 1314/2223/2217
f 1314/2223/2217 86/2227/2221 1306/2228/2222
f 1314/2223/2217 1306/2228/2222 1305/2224/2218
f 1305/2224/2218 1306/2228/2222 1297/2229/2223
f 1305/2224/2218 1297/2229/2223 1296/2225/2219
f 1296/2225/2219 1297/2229/2223 83/2226/2220
f 86/2227/2221 85/2230/2224 1306/2228/2222
f 1306/2228/2222 85/2230/2224 1298/2231/2225
f 1306/2228/2222 1298/2231/2225 1297/2229/2223
f 1297/2229/2223 1298/2231/2225 83/2226/2220
f 85/2230/2224 84/2232/2226 1298/2231/2225
f 1298/2231/2225 84/2232/2226 83/2226/2220
f 1292/2142/2138 1291/2140/2136 1300/2233/2227
f 1300/2233/2227 1291/2140/2136 1299/2188/2183
f 1300/2233/2227 1299/2188/2183 1308/2234/2228
f 1308/2234/2228 1299/2188/2183 1307/2186/2181
f 1308/2234/2228 1307/2186/2181 1316/2235/2229
f 1316/2235/2229 1307/2186/2181 1315/2184/2179
f 1316/2235/2229 1315/2184/2179 1324/2236/2230
f 1324/2236/2230 1315/2184/2179 1323/2182/2177
f 1324/2236/2230 1323/2182/2177 1332/2237/2231
f 1332/2237/2231 1323/2182/2177 1331/2179/2174
f 1332/2237/2231 1331/2179/2174 1340/2177/2172
f 1292/2142/2138 1300/2233/2227 1301/2144/2140
f 1301/2144/2140 1300/2233/2227 1309/2238/2232
f 1301/2144/2140 1309/2238/2232 1310/2146/2142
f 1310/2146/2142 1309/2238/2232 1318/2239/2233
f 1310/2146/2142 1318/2239/2233 1319/2148/2144
f 1319/2148/2144 1318/2239/2233 1327/2240/2234
f 1319/2148/2144 1327/2240/2234 1328/2150/2146
f 1328/2150/2146 1327/2240/2234 1336/2241/2235
f 1328/2150/2146 1336/2241/2235 1337/2152/2148
f 1337/2152/2148 1336/2241/2235 1345/2242/2236
f 1337/2152/2148 1345/2242/2236 1346/2154/2150
f 1346/2154/2150 1345/2242/2236 1354/2157/2153
f 1309/2238/2232 1300/2233/2227 1308/2234/2228
f 1309/2238/2232 1308/2234/2228 1317/2243/2237
f 1317/2243/2237 1308/2234/2228 1316/2235/2229
f 1317/2243/2237 1316/2235/2229 1325/2244/2238
f 1325/2244/2238 1316/2235/2229 1324/2236/2230
f 1325/2244/2238 1324/2236/2230 1333/2245/2239
f 1333/2245/2239 1324/2236/2230 1332/2237/2231
f 1333/2245/2239 1332/2237/2231 1341/2246/2240
f 1341/2246/2240 1332/2237/2231 1340/2177/2172
f 1341/2246/2240 1340/2177/2172 1349/2175/2170
f 1309/2238/2232 1317/2243/2237 1318/2239/2233
f 1318/2239/2233 1317/2243/2237 1326/2247/2241
f 1318/2239/2233 1326/2247/2241 1327/2240/2234
f 1327/2240/2234 1326/2247/2241 1335/2248/2242
f 1327/2240/2234 1335/2248/2242 1336/2241/2235
f 1336/2241/2235 1335/2248/2242 1344/2249/2243
f 1336/2241/2235 1344/2249/2243 1345/2242/2236
f 1345/2242/2236 1344/2249/2243 1353/2250/2244
f 1345/2242/2236 1353/2250/2244 1354/2157/2153
f 1354/2157/2153 1353/2250/2244 1362/2159/2155
f 1326/2247/2241 1317/2243/2237 1325/2244/2238
f 1326/2247/2241 1325/2244/2238 1334/2251/2245
f 1334/2251/2245 1325/2244/2238 1333/2245/2239
f 1334/2251/2245 1333/2245/2239 1342/2252/2246
f 1342/2252/2246 1333/2245/2239 1341/2246/2240
f 1342/2252/2246 1341/2246/2240 1350/2253/2247
f 1350/2253/2247 1341/2246/2240 1349/2175/2170
f 1350/2253/2247 1349/2175/2170 1358/2173/2168
f 1326/2247/2241 1334/2251/2245 1335/2248/2242
f 1335/2248/2242 1334/2251/2245 1343/2254/2248
f 1335/2248/2242 1343/2254/2248 1344/2249/2243
f 1344/2249/2243 1343/2254/2248 1352/2255/2249
f 1344/2249/2243 1352/2255/2249 1353/2250/2244
f 1353/2250/2244 1352/2255/2249 1361/2256/2250
f 1353/2250/2244 1361/2256/2250 1362/2159/2155
f 1362/2159/2155 1361/2256/2250 1370/2161/2157
f 1343/2254/2248 1334/2251/2245 1342/2252/2246
f 1343/2254/2248 1342/2252/2246 1351/2257/2251
f 1351/2257/2251 1342/2252/2246 1350/2253/2247
f 1351/2257/2251 1350/2253/2247 1359/2258/2252
f 1359/2258/2252 1350/2253/2247 1358/2173/2168
f 1359/2258/2252 1358/2173/2168 1367/2171/2166
f 1343/2254/2248 1351/2257/2251 1352/2255/2249
f 1352/2255/2249 1351/2257/2251 1360/2259/2253
f 1352/2255/2249 1360/2259/2253 1361/2256/2250
f 1361/2256/2250 1360/2259/2253 1369/2260/2254
f 1361/2256/2250 1369/2260/2254 1370/2161/2157
f 1370/2161/2157 1369/2260/2254 1378/2163/2159
f 1360/2259/2253 1351/2257/2251 1359/2258/2252
f 1360/2259/2253 1359/2258/2252 1368/2261/2255
f 1368/2261/2255 1359/2258/2252 1367/2171/2166
f 1368/2261/2255 1367/2171/2166 1376/2169/2164
f 1360/2259/2253 1368/2261/2255 1369/2260/2254
f 1369/2260/2254 1368/2261/2255 1377/2262/2256
f 1369/2260/2254 1377/2262/2256 1378/2163/2159
f 1378/2163/2159 1377/2262/2256 1386/2165/2161
f 1377/2262/2256 1368/2261/2255 1376/2169/2164
f 1386/2165/2161 1377/2262/2256 1385/2167/2162
f 1385/2167/2162 1377/2262/2256 1376/2169/2164
f 27/2263/697 152/2264/696 28/2265/2257
f 28/2265/2257 152/2264/696 151/2266/2258
f 28/2265/2257 151/2266/2258 150/2267/2259
f 28/2265/2257 150/2267/2259 29/2268/2260
f 29/2268/2260 150/2267/2259 149/2269/2261
f 29/2268/2260 149/2269/2261 30/2270/2262
f 30/2270/2262 149/2269/2261 1227/2271/2263
f 30/2270/2262 1227/2271/2263 1226/2272/2264
f 148/2273/2265 1232/2274/2266 149/2269/2261
f 149/2269/2261 1232/2274/2266 1231/2275/2267
f 149/2269/2261 1231/2275/2267 1230/2276/2268
f 147/2277/2269 1244/2278/2270 148/2273/2265
f 148/2273/2265 1244/2278/2270 1243/2279/2271
f 148/2273/2265 1243/2279/2271 1242/2280/2272
f 146/2281/2273 1252/2282/2274 147/2277/2269
f 147/2277/2269 1252/2282/2274 1251/2283/2275
f 147/2277/2269 1251/2283/2275 1250/2284/2276
f 145/2285/2277 1259/2286/2278 146/2281/2273
f 146/2281/2273 1259/2286/2278 1258/2287/2279
f 146/2281/2273 1258/2287/2279 1257/2288/2280
f 144/2289/2281 1265/2290/2282 145/2285/2277
f 145/2285/2277 1265/2290/2282 1264/2291/2283
f 145/2285/2277 1264/2291/2283 1263/2292/2284
f 143/2293/2285 1272/2294/2286 144/2289/2281
f 144/2289/2281 1272/2294/2286 1271/2295/2287
f 144/2289/2281 1271/2295/2287 1270/2296/2288
f 142/2297/2289 1282/2298/2290 143/2293/2285
f 143/2293/2285 1282/2298/2290 1281/2299/2291
f 143/2293/2285 1281/2299/2291 1280/2300/2292
f 141/2301/2293 1107/2302/2294 142/2297/2289
f 142/2297/2289 1107/2302/2294 1106/2303/2295
f 142/2297/2289 1106/2303/2295 1105/2304/2296
f 140/2305/2297 1118/2306/2298 141/2301/2293
f 141/2301/2293 1118/2306/2298 1117/2307/2299
f 141/2301/2293 1117/2307/2299 1116/2308/2300
f 139/2309/2301 1125/2310/2302 140/2305/2297
f 140/2305/2297 1125/2310/2302 1124/2311/2303
f 140/2305/2297 1124/2311/2303 1123/2312/2304
f 138/2313/2305 1131/2314/2306 139/2309/2301
f 139/2309/2301 1131/2314/2306 1130/2315/2307
f 139/2309/2301 1130/2315/2307 1129/2316/2308
f 137/2317/2309 1138/2318/2310 138/2313/2305
f 138/2313/2305 1138/2318/2310 1137/2319/2311
f 138/2313/2305 1137/2319/2311 1136/2320/2312
f 136/2321/2313 1145/2322/2314 137/2317/2309
f 137/2317/2309 1145/2322/2314 1144/2323/2315
f 137/2317/2309 1144/2323/2315 1143/2324/2316
f 135/2325/2317 1156/2326/2318 136/2321/2313
f 136/2321/2313 1156/2326/2318 1155/2327/2319
f 136/2321/2313 1155/2327/2319 1154/2328/2320
f 134/2329/2321 44/2330/2322 135/2325/2317
f 135/2325/2317 44/2330/2322 1035/2331/2323
f 135/2325/2317 1035/2331/2323 1162/2332/2324
f 44/2330/2322 134/2329/2321 45/2333/2325
f 45/2333/2325 134/2329/2321 133/2334/2326
f 45/2333/2325 133/2334/2326 46/2335/2327
f 46/2335/2327 133/2334/2326 47/2336/629
f 47/2336/629 133/2334/2326 132/2337/627
f 43/2338/2328 1040/2339/2329 44/2330/2322
f 44/2330/2322 1040/2339/2329 1039/2340/2330
f 44/2330/2322 1039/2340/2330 1038/2341/2331
f 42/2342/2332 1052/2343/2333 43/2338/2328
f 43/2338/2328 1052/2343/2333 1051/2344/2334
f 43/2338/2328 1051/2344/2334 1050/2345/2335
f 41/2346/2336 1060/2347/2337 42/2342/2332
f 42/2342/2332 1060/2347/2337 1059/2348/2338
f 42/2342/2332 1059/2348/2338 1058/2349/2339
f 40/2350/2340 1067/2351/2341 41/2346/2336
f 41/2346/2336 1067/2351/2341 1066/2352/2342
f 41/2346/2336 1066/2352/2342 1065/2353/2343
f 39/2354/2344 1073/2355/2345 40/2350/2340
f 40/2350/2340 1073/2355/2345 1072/2356/2346
f 40/2350/2340 1072/2356/2346 1071/2357/2347
f 38/2358/2348 1080/2359/2349 39/2354/2344
f 39/2354/2344 1080/2359/2349 1079/2360/2350
f 39/2354/2344 1079/2360/2350 1078/2361/2351
f 37/2362/2352 1090/2363/2353 38/2358/2348
f 38/2358/2348 1090/2363/2353 1089/2364/2354
f 38/2358/2348 1089/2364/2354 1088/2365/2355
f 36/2366/2356 1171/2367/2357 37/2362/2352
f 37/2362/2352 1171/2367/2357 1170/2368/2358
f 37/2362/2352 1170/2368/2358 1169/2369/2359
f 35/2370/2360 1182/2371/2361 36/2366/2356
f 36/2366/2356 1182/2371/2361 1181/2372/2362
f 36/2366/2356 1181/2372/2362 1180/2373/2363
f 34/2374/2364 1189/2375/2365 35/2370/2360
f 35/2370/2360 1189/2375/2365 1188/2376/2366
f 35/2370/2360 1188/2376/2366 1187/2377/2367
f 33/2378/2368 1195/2379/2369 34/2374/2364
f 34/2374/2364 1195/2379/2369 1194/2380/2370
f 34/2374/2364 1194/2380/2370 1193/2381/2371
f 32/2382/2372 1202/2383/2373 33/2378/2368
f 33/2378/2368 1202/2383/2373 1201/2384/2374
f 33/2378/2368 1201/2384/2374 1200/2385/2375
f 31/2386/2376 1210/2387/2377 32/2382/2372
f 32/2382/2372 1210/2387/2377 1209/2388/2378
f 32/2382/2372 1209/2388/2378 1208/2389/2379
f 30/2270/2262 1222/2390/2380 31/2386/2376
f 31/2386/2376 1222/2390/2380 1221/2391/2381
f 31/2386/2376 1221/2391/2381 1220/2392/2382
f 1162/2332/2324 1161/2393/2383 135/2325/2317
f 135/2325/2317 1161/2393/2383 1160/2394/2384
f 135/2325/2317 1160/2394/2384 1159/2395/2385
f 1159/2395/2385 1158/2396/2386 135/2325/2317
f 135/2325/2317 1158/2396/2386 1157/2397/2387
f 135/2325/2317 1157/2397/2387 1156/2326/2318
f 1154/2328/2320 1153/2398/2388 136/2321/2313
f 136/2321/2313 1153/2398/2388 1152/2399/2389
f 136/2321/2313 1152/2399/2389 1151/2400/2390
f 1151/2400/2390 1150/2401/2391 136/2321/2313
f 136/2321/2313 1150/2401/2391 1149/2402/2392
f 136/2321/2313 1149/2402/2392 1148/2403/2393
f 1148/2403/2393 1147/2404/2394 136/2321/2313
f 136/2321/2313 1147/2404/2394 1146/2405/2395
f 136/2321/2313 1146/2405/2395 1145/2322/2314
f 1143/2324/2316 1142/2406/2396 137/2317/2309
f 137/2317/2309 1142/2406/2396 1141/2407/2397
f 137/2317/2309 1141/2407/2397 1140/2408/2398
f 1140/2408/2398 1139/2409/2399 137/2317/2309
f 137/2317/2309 1139/2409/2399 1138/2318/2310
f 1136/2320/2312 1135/2410/2400 138/2313/2305
f 138/2313/2305 1135/2410/2400 1134/2411/2401
f 138/2313/2305 1134/2411/2401 1133/2412/2402
f 1133/2412/2402 1132/2413/2403 138/2313/2305
f 138/2313/2305 1132/2413/2403 1131/2314/2306
f 1129/2316/2308 1128/2414/2404 139/2309/2301
f 139/2309/2301 1128/2414/2404 1127/2415/2405
f 139/2309/2301 1127/2415/2405 1126/2416/2406
f 1126/2416/2406 1125/2310/2302 139/2309/2301
f 1123/2312/2304 1122/2417/2407 140/2305/2297
f 140/2305/2297 1122/2417/2407 1121/2418/2408
f 140/2305/2297 1121/2418/2408 1120/2419/2409
f 1120/2419/2409 1119/2420/2410 140/2305/2297
f 140/2305/2297 1119/2420/2410 1118/2306/2298
f 1116/2308/2300 1115/2421/2411 141/2301/2293
f 141/2301/2293 1115/2421/2411 1114/2422/2412
f 141/2301/2293 1114/2422/2412 1113/2423/2413
f 1113/2423/2413 1112/2424/2414 141/2301/2293
f 141/2301/2293 1112/2424/2414 1111/2425/2415
f 141/2301/2293 1111/2425/2415 1110/2426/2416
f 1110/2426/2416 1109/2427/2417 141/2301/2293
f 141/2301/2293 1109/2427/2417 1108/2428/2418
f 141/2301/2293 1108/2428/2418 1107/2302/2294
f 1105/2304/2296 1104/2429/2419 142/2297/2289
f 142/2297/2289 1104/2429/2419 1103/2430/2420
f 142/2297/2289 1103/2430/2420 1102/2431/2421
f 1102/2431/2421 1101/2432/2422 142/2297/2289
f 142/2297/2289 1101/2432/2422 1100/2433/2423
f 142/2297/2289 1100/2433/2423 1099/2434/2424
f 142/2297/2289 1099/2434/2424 37/2362/2352
f 37/2362/2352 1099/2434/2424 1098/2435/2425
f 37/2362/2352 1098/2435/2425 1097/2436/2426
f 1097/2436/2426 1096/2437/2427 37/2362/2352
f 37/2362/2352 1096/2437/2427 1095/2438/2428
f 37/2362/2352 1095/2438/2428 1094/2439/2429
f 1094/2439/2429 1093/2440/2430 37/2362/2352
f 37/2362/2352 1093/2440/2430 1092/2441/2431
f 37/2362/2352 1092/2441/2431 1091/2442/2432
f 1091/2442/2432 1090/2363/2353 37/2362/2352
f 1088/2365/2355 1087/2443/2433 38/2358/2348
f 38/2358/2348 1087/2443/2433 1086/2444/2434
f 38/2358/2348 1086/2444/2434 1085/2445/2435
f 1085/2445/2435 1084/2446/2436 38/2358/2348
f 38/2358/2348 1084/2446/2436 1083/2447/2437
f 38/2358/2348 1083/2447/2437 1082/2448/2438
f 1082/2448/2438 1081/2449/2439 38/2358/2348
f 38/2358/2348 1081/2449/2439 1080/2359/2349
f 1078/2361/2351 1077/2450/2440 39/2354/2344
f 39/2354/2344 1077/2450/2440 1076/2451/2441
f 39/2354/2344 1076/2451/2441 1075/2452/2442
f 1075/2452/2442 1074/2453/2443 39/2354/2344
f 39/2354/2344 1074/2453/2443 1073/2355/2345
f 1071/2357/2347 1070/2454/2444 40/2350/2340
f 40/2350/2340 1070/2454/2444 1069/2455/2445
f 40/2350/2340 1069/2455/2445 1068/2456/2446
f 1068/2456/2446 1067/2351/2341 40/2350/2340
f 1065/2353/2343 1064/2457/2447 41/2346/2336
f 41/2346/2336 1064/2457/2447 1063/2458/2448
f 41/2346/2336 1063/2458/2448 1062/2459/2449
f 1062/2459/2449 1061/2460/2450 41/2346/2336
f 41/2346/2336 1061/2460/2450 1060/2347/2337
f 1058/2349/2339 1057/2461/2451 42/2342/2332
f 42/2342/2332 1057/2461/2451 1056/2462/2452
f 42/2342/2332 1056/2462/2452 1055/2463/2453
f 1055/2463/2453 1054/2464/2454 42/2342/2332
f 42/2342/2332 1054/2464/2454 1053/2465/2455
f 42/2342/2332 1053/2465/2455 1052/2343/2333
f 1050/2345/2335 1049/2466/2456 43/2338/2328
f 43/2338/2328 1049/2466/2456 1048/2467/2457
f 43/2338/2328 1048/2467/2457 1047/2468/2458
f 1047/2468/2458 1046/2469/2459 43/2338/2328
f 43/2338/2328 1046/2469/2459 1045/2470/2460
f 43/2338/2328 1045/2470/2460 1044/2471/2461
f 1044/2471/2461 1043/2472/2462 43/2338/2328
f 43/2338/2328 1043/2472/2462 1042/2473/2463
f 43/2338/2328 1042/2473/2463 1041/2474/2464
f 1041/2474/2464 1040/2339/2329 43/2338/2328
f 1038/2341/2331 1037/2475/2465 44/2330/2322
f 44/2330/2322 1037/2475/2465 1036/2476/2466
f 44/2330/2322 1036/2476/2466 1035/2331/2323
f 1290/2477/2467 142/2297/2289 1163/2478/2468
f 1163/2478/2468 142/2297/2289 37/2362/2352
f 1163/2478/2468 37/2362/2352 1164/2479/2469
f 1164/2479/2469 37/2362/2352 1165/2480/2470
f 1165/2480/2470 37/2362/2352 1166/2481/2471
f 1166/2481/2471 37/2362/2352 1167/2482/2472
f 1167/2482/2472 37/2362/2352 1168/2483/2473
f 1168/2483/2473 37/2362/2352 1169/2369/2359
f 1290/2477/2467 1289/2484/2474 142/2297/2289
f 142/2297/2289 1289/2484/2474 1288/2485/2475
f 142/2297/2289 1288/2485/2475 1287/2486/2476
f 1287/2486/2476 1286/2487/2477 142/2297/2289
f 142/2297/2289 1286/2487/2477 1285/2488/2478
f 142/2297/2289 1285/2488/2478 1284/2489/2479
f 1284/2489/2479 1283/2490/2480 142/2297/2289
f 142/2297/2289 1283/2490/2480 1282/2298/2290
f 1280/2300/2292 1279/2491/2481 143/2293/2285
f 143/2293/2285 1279/2491/2481 1278/2492/2482
f 143/2293/2285 1278/2492/2482 1277/2493/2483
f 1277/2493/2483 1276/2494/2484 143/2293/2285
f 143/2293/2285 1276/2494/2484 1275/2495/2485
f 143/2293/2285 1275/2495/2485 1274/2496/2486
f 1274/2496/2486 1273/2497/2487 143/2293/2285
f 143/2293/2285 1273/2497/2487 1272/2294/2286
f 1270/2296/2288 1269/2498/2488 144/2289/2281
f 144/2289/2281 1269/2498/2488 1268/2499/2489
f 144/2289/2281 1268/2499/2489 1267/2500/2490
f 1267/2500/2490 1266/2501/2491 144/2289/2281
f 144/2289/2281 1266/2501/2491 1265/2290/2282
f 1263/2292/2284 1262/2502/2492 145/2285/2277
f 145/2285/2277 1262/2502/2492 1261/2503/2493
f 145/2285/2277 1261/2503/2493 1260/2504/2494
f 1260/2504/2494 1259/2286/2278 145/2285/2277
f 1257/2288/2280 1256/2505/2495 146/2281/2273
f 146/2281/2273 1256/2505/2495 1255/2506/2496
f 146/2281/2273 1255/2506/2496 1254/2507/2497
f 1254/2507/2497 1253/2508/2498 146/2281/2273
f 146/2281/2273 1253/2508/2498 1252/2282/2274
f 1250/2284/2276 1249/2509/2499 147/2277/2269
f 147/2277/2269 1249/2509/2499 1248/2510/2500
f 147/2277/2269 1248/2510/2500 1247/2511/2501
f 1247/2511/2501 1246/2512/2502 147/2277/2269
f 147/2277/2269 1246/2512/2502 1245/2513/2503
f 147/2277/2269 1245/2513/2503 1244/2278/2270
f 1242/2280/2272 1241/2514/2504 148/2273/2265
f 148/2273/2265 1241/2514/2504 1240/2515/2505
f 148/2273/2265 1240/2515/2505 1239/2516/2506
f 1239/2516/2506 1238/2517/2507 148/2273/2265
f 148/2273/2265 1238/2517/2507 1237/2518/2508
f 148/2273/2265 1237/2518/2508 1236/2519/2509
f 1236/2519/2509 1235/2520/2510 148/2273/2265
f 148/2273/2265 1235/2520/2510 1234/2521/2511
f 148/2273/2265 1234/2521/2511 1233/2522/2512
f 1233/2522/2512 1232/2274/2266 148/2273/2265
f 1230/2276/2268 1229/2523/2513 149/2269/2261
f 149/2269/2261 1229/2523/2513 1228/2524/2514
f 149/2269/2261 1228/2524/2514 1227/2271/2263
f 1226/2272/2264 1225/2525/2515 30/2270/2262
f 30/2270/2262 1225/2525/2515 1224/2526/2516
f 30/2270/2262 1224/2526/2516 1223/2527/2517
f 1223/2527/2517 1222/2390/2380 30/2270/2262
f 1220/2392/2382 1219/2528/2518 31/2386/2376
f 31/2386/2376 1219/2528/2518 1218/2529/2519
f 31/2386/2376 1218/2529/2519 1217/2530/2520
f 1217/2530/2520 1216/2531/2521 31/2386/2376
f 31/2386/2376 1216/2531/2521 1215/2532/2522
f 31/2386/2376 1215/2532/2522 1214/2533/2523
f 1214/2533/2523 1213/2534/2524 31/2386/2376
f 31/2386/2376 1213/2534/2524 1212/2535/2525
f 31/2386/2376 1212/2535/2525 1211/2536/2526
f 1211/2536/2526 1210/2387/2377 31/2386/2376
f 1208/2389/2379 1207/2537/2527 32/2382/2372
f 32/2382/2372 1207/2537/2527 1206/2538/2528
f 32/2382/2372 1206/2538/2528 1205/2539/2529
f 1205/2539/2529 1204/2540/2530 32/2382/2372
f 32/2382/2372 1204/2540/2530 1203/2541/2531
f 32/2382/2372 1203/2541/2531 1202/2383/2373
f 1200/2385/2375 1199/2542/2532 33/2378/2368
f 33/2378/2368 1199/2542/2532 1198/2543/2533
f 33/2378/2368 1198/2543/2533 1197/2544/2534
f 1197/2544/2534 1196/2545/2535 33/2378/2368
f 33/2378/2368 1196/2545/2535 1195/2379/2369
f 1193/2381/2371 1192/2546/2536 34/2374/2364
f 34/2374/2364 1192/2546/2536 1191/2547/2537
f 34/2374/2364 1191/2547/2537 1190/2548/2538
f 1190/2548/2538 1189/2375/2365 34/2374/2364
f 1187/2377/2367 1186/2549/2539 35/2370/2360
f 35/2370/2360 1186/2549/2539 1185/2550/2540
f 35/2370/2360 1185/2550/2540 1184/2551/2541
f 1184/2551/2541 1183/2552/2542 35/2370/2360
f 35/2370/2360 1183/2552/2542 1182/2371/2361
f 1180/2373/2363 1179/2553/2543 36/2366/2356
f 36/2366/2356 1179/2553/2543 1178/2554/2544
f 36/2366/2356 1178/2554/2544 1177/2555/2545
f 1177/2555/2545 1176/2556/2546 36/2366/2356
f 36/2366/2356 1176/2556/2546 1175/2557/2547
f 36/2366/2356 1175/2557/2547 1174/2558/2548
f 1174/2558/2548 1173/2559/2549 36/2366/2356
f 36/2366/2356 1173/2559/2549 1172/2560/2550
f 36/2366/2356 1172/2560/2550 1171/2367/2357
# 1386 vertices
# 2560 texture params
# 2550 normals
# 2776 facets

# 1 groups
