# Blender v3.4.1 OBJ File: ''
# www.blender.org
mtllib CaseMainBody.mtl
o CaseMainBody
v 36.005836 -22.000000 -5.149773
v 36.193329 -22.000000 -5.104471
v 35.814850 -22.000000 -5.176802
v 36.375584 -22.000000 -5.041319
v 36.550907 -22.000000 -4.960904
v 33.840153 -22.000000 -5.349476
v 36.717670 -22.000000 -4.863973
v 36.874321 -22.000000 -4.751429
v 37.019402 -22.000000 -4.624317
v 37.151562 -22.000000 -4.483821
v 37.269573 -22.000000 -4.331247
v 37.372341 -22.000000 -4.168015
v 31.863783 -22.000000 -5.501878
v 29.885954 -22.000000 -5.633992
v 27.906874 -22.000000 -5.745804
v 25.926752 -22.000000 -5.837303
v 23.945793 -21.999998 -5.908479
v 19.027851 -22.000000 4.002731
v 21.964211 -21.999998 -5.959325
v 19.982210 -21.999998 -5.989834
v 18.000000 -21.999998 -6.000004
v 16.972149 -22.000000 4.002731
v 16.017792 -21.999998 -5.989834
v 14.035790 -21.999998 -5.959325
v 12.054206 -21.999998 -5.908479
v -1.372339 -22.000000 -4.168015
v 10.073249 -22.000000 -5.837303
v 8.093126 -22.000000 -5.745804
v 6.114046 -22.000000 -5.633992
v 4.136218 -22.000000 -5.501878
v 2.159850 -22.000000 -5.349476
v -1.269574 -22.000000 -4.331247
v -1.151563 -22.000000 -4.483821
v 41.712574 -22.000000 1.829619
v 23.138678 -22.000000 4.068355
v 21.083441 -22.000000 4.024606
v 41.823513 -22.000000 2.000645
v 29.299971 -22.000000 4.330778
v 27.247177 -22.000000 4.221450
v 25.193335 -22.000000 4.133972
v 41.916470 -22.000000 2.182076
v 31.351486 -22.000000 4.461946
v 41.990471 -22.000000 2.372027
v 42.044750 -22.000000 2.568525
v 42.078747 -22.000000 2.769527
v 42.092106 -22.000000 2.972946
v 42.084690 -22.000000 3.176668
v 42.056572 -22.000000 3.378577
v 42.008045 -22.000000 3.576576
v 41.939617 -22.000000 3.768605
v 41.851997 -22.000000 3.952672
v 41.746098 -22.000000 4.126861
v 41.623013 -22.000000 4.289366
v 41.484024 -22.000000 4.438498
v 41.330578 -22.000000 4.572707
v 33.401489 -22.000000 4.614936
v 41.164268 -22.000000 4.690598
v 35.449749 -22.000000 4.789733
v 40.986820 -22.000000 4.790947
v 35.508614 -22.000000 4.794198
v 40.800076 -22.000000 4.872711
v 35.567585 -22.000000 4.796923
v 35.626614 -22.000000 4.797906
v 40.000000 -22.000000 4.999996
v 40.605984 -22.000000 4.935040
v 40.406551 -22.000000 4.977288
v 40.203854 -22.000000 4.999015
v 14.916561 -22.000000 4.024606
v -5.851998 -22.000000 3.952672
v -5.939619 -22.000000 3.768605
v -6.008047 -22.000000 3.576576
v 12.861322 -22.000000 4.068355
v 10.806666 -22.000000 4.133972
v 8.752824 -22.000000 4.221450
v 6.700029 -22.000000 4.330778
v 4.648514 -22.000000 4.461946
v 2.598511 -22.000000 4.614936
v 0.550252 -22.000000 4.789733
v 0.373388 -22.000000 4.797906
v -5.746095 -22.000000 4.126861
v -5.623011 -22.000000 4.289366
v -5.484024 -22.000000 4.438498
v -5.330577 -22.000000 4.572707
v -5.164266 -22.000000 4.690598
v -4.000000 -22.000000 4.999996
v -4.986818 -22.000000 4.790947
v -4.800077 -22.000000 4.872711
v -4.605982 -22.000000 4.935040
v -4.406551 -22.000000 4.977288
v -4.203855 -22.000000 4.999015
v 0.491386 -22.000000 4.794198
v 0.432414 -22.000000 4.796923
v -6.056571 -22.000000 3.378577
v -6.084689 -22.000000 3.176668
v -6.092106 -22.000000 2.972946
v -6.078748 -22.000000 2.769527
v -6.044751 -22.000000 2.568525
v -5.990469 -22.000000 2.372027
v -5.916467 -22.000000 2.182076
v -5.823513 -22.000000 2.000645
v -5.712573 -22.000000 1.829619
v -1.019402 -22.000000 -4.624317
v -0.874322 -22.000000 -4.751429
v -0.717672 -22.000000 -4.863973
v -0.550908 -22.000000 -4.960904
v 0.185149 -22.000000 -5.176802
v -0.375583 -22.000000 -5.041319
v -0.193327 -22.000000 -5.104471
v -0.005835 -22.000000 -5.149773
v 34.476807 -9.728223 -5.296037
v 35.814850 2.000001 -5.176797
v 34.483295 -9.989367 -5.295476
v 34.476807 -10.250511 -5.296038
v 34.457302 -10.514724 -5.297718
v 34.424736 -10.780772 -5.300509
v 34.379051 -11.047421 -5.304405
v 34.320202 -11.313434 -5.309401
v 34.248135 -11.577578 -5.315488
v 34.162796 -11.838618 -5.322661
v 34.064140 -12.095319 -5.330914
v 33.952274 -12.346515 -5.340214
v 33.827961 -12.591309 -5.350469
v 33.692108 -12.828869 -5.361585
v 33.545639 -13.058362 -5.373463
v 33.389458 -13.278957 -5.386010
v 33.224483 -13.489822 -5.399128
v 33.051628 -13.690125 -5.412721
v 32.871803 -13.879032 -5.426694
v 32.682785 -14.058837 -5.441191
v 32.482441 -14.231621 -5.456348
v 32.271603 -14.396483 -5.472075
v 32.051094 -14.552518 -5.488278
v 31.821747 -14.698824 -5.504870
v 31.584387 -14.834498 -5.521760
v 31.339846 -14.958636 -5.538853
v 31.088945 -15.070335 -5.556062
v 30.832586 -15.168852 -5.573287
v 30.571922 -15.254081 -5.590438
v 30.308180 -15.326075 -5.607434
v 30.042583 -15.384886 -5.624199
v 29.776360 -15.430568 -5.640651
v 29.510735 -15.463173 -5.656714
v 29.246929 -15.482755 -5.672307
v 28.986172 -15.489366 -5.687351
v 28.725470 -15.483040 -5.702012
v 28.461645 -15.463737 -5.716475
v 28.195930 -15.431399 -5.730680
v 27.929558 -15.385969 -5.744565
v 27.663755 -15.327390 -5.758070
v 27.399759 -15.255604 -5.771135
v 27.138802 -15.170554 -5.783699
v 26.882111 -15.072183 -5.795698
v 26.630856 -14.960588 -5.807094
v 26.385944 -14.836505 -5.817879
v 26.148209 -14.700846 -5.828054
v 25.918486 -14.554516 -5.837614
v 25.697607 -14.398424 -5.846552
v 25.486410 -14.233476 -5.854867
v 25.285730 -14.060581 -5.862556
v 25.096399 -13.880645 -5.869615
v 24.916309 -13.691605 -5.876147
v 24.743216 -13.491164 -5.882265
v 24.578030 -13.280156 -5.887959
v 24.421663 -13.059415 -5.893222
v 24.275030 -12.829777 -5.898046
v 24.139046 -12.592076 -5.902423
v 24.014618 -12.347147 -5.906344
v 23.902662 -12.095826 -5.909801
v 23.803934 -11.839011 -5.912799
v 23.718544 -11.577870 -5.915358
v 23.646439 -11.313639 -5.917489
v 23.587564 -11.047553 -5.919205
v 23.541866 -10.780849 -5.920519
v 23.509291 -10.514758 -5.921442
v 23.489784 -10.250519 -5.921986
v 23.483295 -9.989367 -5.922164
v 21.964211 2.000001 -5.959321
v 23.489784 -9.728216 -5.921986
v 23.509291 -9.463979 -5.921442
v 23.945793 2.000001 -5.908474
v 23.541864 -9.197893 -5.920518
v 23.587563 -8.931191 -5.919204
v 23.646437 -8.665110 -5.917489
v 23.718538 -8.400883 -5.915358
v 23.803926 -8.139747 -5.912798
v 23.902651 -7.882935 -5.909801
v 24.014603 -7.631616 -5.906343
v 24.139029 -7.386688 -5.902422
v 24.275013 -7.148988 -5.898046
v 24.421644 -6.919348 -5.893222
v 24.578012 -6.698605 -5.887959
v 24.743200 -6.487591 -5.882264
v 24.916302 -6.287142 -5.876146
v 25.096397 -6.098092 -5.869613
v 25.926752 2.000001 -5.837298
v 25.285717 -5.918163 -5.862556
v 25.486389 -5.745273 -5.854867
v 25.697580 -5.580328 -5.846552
v 25.918455 -5.424237 -5.837613
v 26.148178 -5.277907 -5.828054
v 26.385914 -5.142246 -5.817880
v 26.630827 -5.018162 -5.807093
v 26.882084 -4.906562 -5.795698
v 27.906874 2.000001 -5.745800
v 27.138777 -4.808187 -5.783698
v 27.399740 -4.723135 -5.771135
v 27.663740 -4.651347 -5.758070
v 27.929546 -4.592766 -5.744564
v 28.195925 -4.547336 -5.730678
v 28.461641 -4.514997 -5.716473
v 28.725470 -4.495694 -5.702010
v 28.986172 -4.489368 -5.687350
v 29.885954 2.000001 -5.633987
v 29.246929 -4.495979 -5.672305
v 29.510735 -4.515561 -5.656713
v 29.776360 -4.548166 -5.640650
v 30.042583 -4.593848 -5.624198
v 30.308180 -4.652659 -5.607433
v 30.571922 -4.724653 -5.590437
v 30.832586 -4.809882 -5.573286
v 31.863783 2.000001 -5.501873
v 31.088945 -4.908399 -5.556061
v 31.339846 -5.020098 -5.538852
v 31.584387 -5.144236 -5.521758
v 31.821747 -5.279910 -5.504869
v 32.051094 -5.426216 -5.488277
v 32.271603 -5.582251 -5.472073
v 32.482441 -5.747113 -5.456347
v 32.682785 -5.919897 -5.441190
v 32.871803 -6.099702 -5.426693
v 33.840153 2.000001 -5.349472
v 33.051628 -6.288610 -5.412720
v 33.224483 -6.488912 -5.399127
v 33.389458 -6.699777 -5.386009
v 33.545639 -6.920372 -5.373462
v 33.692108 -7.149865 -5.361584
v 33.827961 -7.387425 -5.350469
v 33.952274 -7.632219 -5.340213
v 34.064140 -7.883415 -5.330914
v 34.162796 -8.140116 -5.322660
v 34.248135 -8.401156 -5.315487
v 34.320202 -8.665300 -5.309401
v 34.379051 -8.931314 -5.304404
v 34.424736 -9.197962 -5.300508
v 34.457302 -9.464010 -5.297718
v 19.982210 2.000001 -5.989830
v 18.000000 2.000001 -6.000000
v 16.017792 2.000001 -5.989830
v 14.035790 2.000001 -5.959321
v 12.054206 2.000001 -5.908474
v 10.073249 2.000001 -5.837298
v 8.093126 2.000001 -5.745800
v 6.114046 2.000001 -5.633987
v 4.136218 2.000001 -5.501873
v 2.159850 2.000001 -5.349472
v 0.185149 2.000001 -5.176797
v 37.269573 2.000001 -4.331243
v 37.372341 2.000001 -4.168011
v 37.151562 2.000001 -4.483817
v 37.019402 2.000001 -4.624312
v 36.874321 2.000001 -4.751424
v 36.717670 2.000001 -4.863968
v 36.550907 2.000001 -4.960899
v 36.375584 2.000001 -5.041315
v 36.193329 2.000001 -5.104466
v 36.005836 2.000001 -5.149768
v 19.027851 1.999999 4.002736
v 16.972149 1.999999 4.002736
v -1.372339 2.000001 -4.168011
v 14.916561 1.999999 4.024611
v 12.861322 1.999999 4.068359
v -5.712573 2.000000 1.829623
v 10.806666 1.999999 4.133976
v 8.752824 1.999999 4.221455
v 6.700029 1.999999 4.330782
v -5.823513 2.000000 2.000649
v -5.916467 2.000000 2.182080
v -1.269574 2.000001 -4.331243
v -1.151563 2.000001 -4.483817
v -1.019402 2.000001 -4.624312
v -0.874322 2.000001 -4.751424
v -0.717672 2.000001 -4.863968
v -0.550908 2.000001 -4.960899
v -0.375583 2.000001 -5.041315
v -0.193327 2.000001 -5.104466
v -0.005835 2.000001 -5.149768
v 4.648514 1.999999 4.461950
v -5.990469 2.000000 2.372031
v -6.044751 2.000000 2.568529
v -6.078748 2.000000 2.769531
v -6.092106 2.000000 2.972950
v -6.084689 2.000000 3.176672
v -6.056571 1.999999 3.378581
v -6.008047 1.999999 3.576579
v -5.939619 1.999999 3.768608
v -5.851998 1.999999 3.952675
v -5.746095 1.999999 4.126865
v -5.623011 1.999999 4.289371
v -5.484024 1.999999 4.438502
v -5.330577 1.999999 4.572711
v 2.598511 1.999999 4.614941
v -5.164266 1.999999 4.690602
v 0.550252 1.999999 4.789738
v -4.986818 1.999999 4.790951
v 0.491386 1.999999 4.794202
v -4.800077 1.999999 4.872715
v 0.432414 1.999999 4.796927
v 0.373388 1.999999 4.797911
v -4.000000 1.999999 5.000000
v -4.605982 1.999999 4.935044
v -4.406551 1.999999 4.977293
v -4.203855 1.999999 4.999020
v 21.083441 1.999999 4.024611
v 41.851997 1.999999 3.952675
v 41.939617 1.999999 3.768608
v 42.008045 1.999999 3.576579
v 23.138678 1.999999 4.068359
v 25.193335 1.999999 4.133976
v 27.247177 1.999999 4.221455
v 29.299971 1.999999 4.330782
v 31.351486 1.999999 4.461950
v 33.401489 1.999999 4.614941
v 35.449749 1.999999 4.789738
v 35.626614 1.999999 4.797911
v 41.746098 1.999999 4.126865
v 41.623013 1.999999 4.289371
v 41.484024 1.999999 4.438502
v 41.330578 1.999999 4.572711
v 41.164268 1.999999 4.690602
v 40.000000 1.999999 5.000000
v 40.986820 1.999999 4.790951
v 40.800076 1.999999 4.872715
v 40.605984 1.999999 4.935044
v 40.406551 1.999999 4.977293
v 40.203854 1.999999 4.999020
v 35.508614 1.999999 4.794202
v 35.567585 1.999999 4.796927
v 42.056572 1.999999 3.378581
v 42.084690 2.000000 3.176672
v 42.092106 2.000000 2.972950
v 42.078747 2.000000 2.769531
v 42.044750 2.000000 2.568529
v 41.990471 2.000000 2.372031
v 41.916470 2.000000 2.182080
v 41.823513 2.000000 2.000649
v 41.712574 2.000000 1.829623
v 36.630226 -21.000000 2.816957
v 29.299971 -21.000002 4.330779
v 36.630001 -21.000002 2.826479
v 31.351486 -21.000002 4.461946
v 33.401489 -21.000002 4.614937
v 36.630363 -21.000000 2.807435
v 36.630409 -21.000000 2.797911
v 27.247177 -21.000002 4.221451
v 25.193335 -21.000002 4.133973
v 23.138678 -21.000002 4.068356
v 36.630409 -21.000000 -3.185324
v 21.083441 -21.000002 4.024607
v 25.885717 -21.000000 -4.838145
v 23.915014 -21.000000 -4.908952
v 36.619499 -21.000000 -3.332630
v 33.758152 -21.000000 -4.352842
v 31.792015 -21.000000 -4.504456
v 29.824425 -21.000000 -4.635886
v 36.587013 -21.000000 -3.476723
v 36.533649 -21.000000 -3.614457
v 36.460583 -21.000000 -3.742829
v 36.369404 -21.000000 -3.859037
v 36.262100 -21.000000 -3.960546
v 35.722630 -21.000000 -4.181062
v 36.141010 -21.000000 -4.045141
v 36.008785 -21.000000 -4.110976
v 35.868301 -21.000000 -4.156615
v 27.855591 -21.000000 -4.747119
v 21.943689 -21.000000 -4.959534
v 19.027851 -21.000002 4.002732
v 19.971949 -21.000000 -4.989886
v 18.000000 -21.000000 -5.000003
v 16.972149 -21.000002 4.002732
v 16.028051 -21.000000 -4.989886
v 14.056311 -21.000000 -4.959534
v 14.916561 -21.000002 4.024607
v 12.084985 -21.000000 -4.908952
v 10.114283 -21.000000 -4.838145
v -0.630409 -21.000000 -3.185324
v 8.144410 -21.000000 -4.747119
v 6.175575 -21.000000 -4.635886
v 4.207986 -21.000000 -4.504456
v 2.241848 -21.000000 -4.352842
v -0.619500 -21.000000 -3.332630
v -0.587011 -21.000000 -3.476723
v -0.533650 -21.000000 -3.614457
v -0.460583 -21.000000 -3.742829
v -0.369402 -21.000000 -3.859037
v -0.262098 -21.000000 -3.960546
v 0.277370 -21.000000 -4.181062
v -0.141012 -21.000000 -4.045141
v -0.008785 -21.000000 -4.110976
v 0.131697 -21.000000 -4.156615
v 12.861322 -21.000002 4.068356
v -0.630409 -21.000000 2.797911
v 10.806666 -21.000002 4.133973
v 8.752824 -21.000002 4.221451
v 6.700029 -21.000002 4.330779
v -0.630364 -21.000000 2.807448
v -0.630227 -21.000000 2.816985
v -0.630000 -21.000002 2.826520
v 4.648514 -21.000002 4.461946
v 2.598511 -21.000002 4.614937
v 0.550252 -21.000002 4.789734
v 0.373388 -21.000002 4.797907
v 0.491386 -21.000002 4.794199
v 0.432414 -21.000002 4.796924
v -0.630000 -21.000002 4.844273
v 35.449749 -21.000002 4.789734
v 35.626614 -21.000002 4.797907
v 36.630001 -21.000002 4.844273
v 35.508614 -21.000002 4.794199
v 35.567585 -21.000002 4.796924
v 35.868301 -17.857143 -4.156615
v 35.868301 -14.714285 -4.156614
v 35.868301 -11.571428 -4.156614
v 36.008785 -11.571428 -4.110975
v 36.008785 -8.428570 -4.110974
v 36.141010 -8.428570 -4.045139
v 36.141010 -5.285714 -4.045139
v 36.262100 -5.285714 -3.960544
v 36.262100 -2.142856 -3.960543
v 36.369404 -2.142856 -3.859034
v 36.369404 1.000001 -3.859034
v 36.460583 1.000001 -3.742826
v 36.460583 -2.142856 -3.742826
v 36.533649 1.000001 -3.614454
v 36.533649 -2.142857 -3.614454
v 36.587013 1.000001 -3.476720
v 36.587013 -2.142857 -3.476720
v 36.619499 1.000001 -3.332627
v 36.619499 -2.142857 -3.332627
v 36.630409 1.000000 -3.185321
v 36.619499 -5.285714 -3.332628
v 36.619499 -8.428570 -3.332628
v 36.587013 -8.428570 -3.476722
v 36.587013 -11.571428 -3.476722
v 36.533649 -11.571428 -3.614456
v 36.533649 -14.714285 -3.614456
v 36.460583 -14.714285 -3.742828
v 36.460583 -17.857143 -3.742829
v 36.369404 -17.857143 -3.859037
v 36.262100 -17.857143 -3.960546
v 36.141010 -17.857143 -4.045141
v 36.008785 -17.857143 -4.110976
v 36.533649 -17.857143 -3.614457
v 36.587013 -14.714285 -3.476722
v 36.619499 -11.571428 -3.332629
v 36.587013 -17.857143 -3.476723
v 36.619499 -14.714285 -3.332629
v 36.619499 -17.857143 -3.332630
v 36.262100 1.000001 -3.960543
v 36.141010 -2.142856 -4.045138
v 36.008785 -5.285714 -4.110974
v 35.868301 -8.428570 -4.156613
v 36.141010 1.000001 -4.045138
v 36.008785 -2.142856 -4.110973
v 35.868301 -5.285714 -4.156613
v 35.722630 1.000001 -4.181059
v 36.008785 1.000001 -4.110973
v 35.868301 -2.142856 -4.156612
v 35.868301 1.000001 -4.156612
v 36.008785 -14.714285 -4.110975
v 36.141010 -14.714285 -4.045140
v 36.262100 -14.714285 -3.960545
v 36.369404 -14.714285 -3.859036
v 36.141010 -11.571428 -4.045140
v 36.262100 -8.428570 -3.960544
v 36.369404 -5.285714 -3.859035
v 36.262100 -11.571428 -3.960545
v 36.369404 -11.571428 -3.859036
v 36.460583 -11.571428 -3.742828
v 36.369404 -8.428570 -3.859035
v 36.460583 -5.285714 -3.742827
v 36.460583 -8.428570 -3.742827
v 36.533649 -8.428570 -3.614455
v 36.533649 -5.285714 -3.614455
v 36.587013 -5.285714 -3.476721
v 36.630409 1.000000 2.797914
v -0.553529 -14.497546 -3.569778
v -0.579607 -14.499999 -3.500002
v -0.587011 -16.488152 -3.476723
v -0.607723 -14.499999 -3.397119
v -0.619500 -16.488152 -3.332630
v -0.624722 -14.499999 -3.291827
v -0.630409 -14.499999 -3.185323
v -0.619500 -18.744076 -3.332630
v -0.587011 -18.744076 -3.476723
v -0.533650 -18.744076 -3.614457
v -0.460583 -18.744076 -3.742829
v -0.369402 -18.744076 -3.859037
v -0.262098 -18.744076 -3.960546
v -0.141012 -18.744076 -4.045141
v -0.008785 -18.744076 -4.110976
v 0.131697 -18.744076 -4.156615
v 0.277370 -14.232227 -4.181061
v 0.131697 -16.488152 -4.156615
v -0.008785 -16.488152 -4.110976
v -0.141012 -16.488152 -4.045141
v -0.262098 -16.488152 -3.960546
v -0.369402 -16.488152 -3.859037
v -0.460583 -16.488152 -3.742829
v -0.533650 -16.488152 -3.614457
v 0.205325 -14.240855 -4.171703
v 0.133812 -14.253875 -4.157073
v 0.063521 -14.270622 -4.137311
v -0.004867 -14.290416 -4.112556
v -0.133936 -14.335553 -4.049114
v -0.249783 -14.382428 -3.970382
v -0.301995 -14.404597 -3.926136
v -0.352925 -14.426248 -3.875754
v -0.401963 -14.446712 -3.819904
v -0.447640 -14.464956 -3.760234
v -0.488482 -14.479951 -3.698393
v -0.523194 -14.490733 -3.635796
v 4.145884 -13.507260 -4.499976
v 4.146247 -13.499999 -4.500002
v 4.207986 1.000001 -4.504452
v 4.146247 -6.336140 -4.500001
v 4.145884 -6.328879 -4.499975
v 4.144827 -6.321796 -4.499898
v 4.140829 -6.308151 -4.499609
v 4.134645 -6.295181 -4.499162
v 4.126632 -6.282881 -4.498582
v 4.106454 -6.260305 -4.497121
v 4.082997 -6.240521 -4.495419
v 4.033473 -6.207816 -4.491815
v 3.980429 -6.179000 -4.487938
v 3.865900 -6.130518 -4.479516
v 3.744759 -6.091787 -4.470543
v 3.622581 -6.059865 -4.461426
v 3.504919 -6.031814 -4.452569
v 3.273970 -5.980868 -4.434958
v 2.241848 1.000001 -4.352839
v 3.038211 -5.935563 -4.416691
v 2.798213 -5.894839 -4.397797
v 2.307773 -5.822899 -4.358253
v 1.806904 -5.758804 -4.316554
v 1.299148 -5.701615 -4.272940
v 0.277370 1.000001 -4.181059
v 0.277370 -5.603911 -4.181060
v 4.144827 -13.514343 -4.499899
v 4.140829 -13.527988 -4.499610
v 4.134645 -13.540958 -4.499163
v 4.126632 -13.553258 -4.498583
v 4.106454 -13.575834 -4.497122
v 4.082997 -13.595618 -4.495420
v 4.033473 -13.628323 -4.491817
v 3.980429 -13.657139 -4.487939
v 3.865900 -13.705621 -4.479517
v 3.744759 -13.744352 -4.470544
v 3.622581 -13.776274 -4.461427
v 3.504919 -13.804325 -4.452570
v 3.273970 -13.855271 -4.434959
v 3.038211 -13.900576 -4.416692
v 2.798213 -13.941300 -4.397799
v 2.307773 -14.013240 -4.358254
v 1.806904 -14.077335 -4.316556
v 1.299148 -14.134524 -4.272942
v 6.175575 1.000001 -4.635883
v 8.144410 1.000001 -4.747116
v 10.114283 1.000001 -4.838142
v 12.084985 1.000001 -4.908949
v 14.056311 1.000001 -4.959531
v 16.028051 1.000001 -4.989883
v 18.000000 1.000001 -5.000000
v 19.971949 1.000001 -4.989883
v 21.943689 1.000001 -4.959531
v 22.483295 -9.989367 -4.947699
v 22.490967 -10.298012 -4.947528
v 22.514019 -10.610305 -4.947003
v 22.552521 -10.924788 -4.946108
v 22.606531 -11.239997 -4.944825
v 22.676117 -11.554476 -4.943139
v 22.761339 -11.866762 -4.941033
v 22.862263 -12.175397 -4.938490
v 22.978952 -12.478919 -4.935493
v 23.111277 -12.775950 -4.932015
v 23.258343 -13.065425 -4.928039
v 23.419069 -13.346358 -4.923566
v 23.592382 -13.617762 -4.918595
v 23.777199 -13.878650 -4.913127
v 23.972443 -14.128036 -4.907162
v 24.177032 -14.364932 -4.900700
v 24.389894 -14.588353 -4.893740
v 24.613682 -14.801015 -4.886158
v 24.850885 -15.005355 -4.877830
v 25.100517 -15.200300 -4.868750
v 25.361593 -15.384776 -4.858913
v 25.633125 -15.557711 -4.848315
v 25.914125 -15.718032 -4.836952
v 26.203608 -15.864666 -4.824817
v 26.500582 -15.996540 -4.811906
v 26.803980 -16.112782 -4.798214
v 27.112419 -16.213274 -4.783783
v 27.424442 -16.298088 -4.768685
v 27.738594 -16.367292 -4.752991
v 28.053419 -16.420954 -4.736770
v 28.367458 -16.459143 -4.720093
v 28.679255 -16.481922 -4.703031
v 28.987356 -16.489367 -4.685655
v 29.295534 -16.481520 -4.667738
v 29.607304 -16.458345 -4.649090
v 29.921219 -16.419781 -4.629805
v 30.235830 -16.365763 -4.609980
v 30.549692 -16.296232 -4.589711
v 30.861359 -16.211124 -4.569092
v 31.169380 -16.110378 -4.548220
v 31.472313 -15.993931 -4.527190
v 31.768785 -15.861912 -4.506116
v 32.057747 -15.715199 -4.485126
v 32.338215 -15.554858 -4.464335
v 32.609215 -15.381956 -4.443863
v 32.869770 -15.197560 -4.423826
v 33.118896 -15.002736 -4.404341
v 33.355625 -14.798553 -4.385526
v 33.578976 -14.586075 -4.367499
v 33.791458 -14.362841 -4.350093
v 33.995712 -14.126141 -4.333134
v 34.190659 -13.876958 -4.316746
v 34.375214 -13.616276 -4.301052
v 34.548298 -13.345076 -4.286173
v 34.708836 -13.064342 -4.272237
v 34.855740 -12.775057 -4.259366
v 34.987934 -12.478204 -4.247683
v 35.104527 -12.174842 -4.237309
v 35.205376 -11.866350 -4.228286
v 35.290546 -11.554186 -4.220624
v 35.360096 -11.239810 -4.214333
v 35.414085 -10.924681 -4.209423
v 35.452576 -10.610257 -4.205904
v 35.475628 -10.298000 -4.203785
v 35.483295 -9.989367 -4.203075
v 35.475628 -9.680734 -4.203784
v 35.452576 -9.368477 -4.205904
v 35.414085 -9.054054 -4.209423
v 35.360096 -8.738924 -4.214333
v 35.290546 -8.424548 -4.220623
v 35.205376 -8.112384 -4.228285
v 35.104527 -7.803893 -4.237309
v 34.987934 -7.500531 -4.247683
v 34.855740 -7.203678 -4.259365
v 34.708836 -6.914392 -4.272236
v 33.758152 1.000001 -4.352839
v 34.548298 -6.633658 -4.286172
v 34.375214 -6.362459 -4.301050
v 34.190659 -6.101777 -4.316745
v 33.995712 -5.852593 -4.333133
v 33.791458 -5.615893 -4.350092
v 33.578976 -5.392660 -4.367498
v 33.355625 -5.180182 -4.385525
v 33.118896 -4.975998 -4.404340
v 32.869770 -4.781175 -4.423825
v 31.792015 1.000001 -4.504452
v 32.609215 -4.596779 -4.443862
v 32.338215 -4.423877 -4.464334
v 32.057747 -4.263535 -4.485124
v 31.768785 -4.116822 -4.506114
v 31.472313 -3.984803 -4.527188
v 31.169380 -3.868357 -4.548217
v 30.861359 -3.767611 -4.569089
v 29.824425 1.000001 -4.635883
v 30.549692 -3.682503 -4.589708
v 30.235830 -3.612972 -4.609977
v 29.921219 -3.558954 -4.629803
v 29.607304 -3.520389 -4.649087
v 29.295534 -3.497215 -4.667736
v 28.987356 -3.489368 -4.685652
v 27.855591 1.000001 -4.747116
v 28.679255 -3.496812 -4.703029
v 28.367458 -3.519593 -4.720090
v 28.053419 -3.557781 -4.736767
v 27.738594 -3.611442 -4.752988
v 27.424442 -3.680646 -4.768682
v 27.112419 -3.765461 -4.783781
v 26.803980 -3.865954 -4.798212
v 25.885717 1.000001 -4.838142
v 26.500582 -3.982194 -4.811904
v 26.203608 -4.114068 -4.824815
v 25.914125 -4.260702 -4.836950
v 25.633125 -4.421023 -4.848314
v 25.361593 -4.593958 -4.858912
v 25.100517 -4.778434 -4.868748
v 23.915014 1.000001 -4.908949
v 24.850885 -4.973379 -4.877828
v 24.613682 -5.177719 -4.886157
v 24.389894 -5.390382 -4.893739
v 24.177032 -5.613802 -4.900698
v 23.972443 -5.850698 -4.907161
v 23.777199 -6.100084 -4.913126
v 23.592382 -6.360972 -4.918594
v 23.419069 -6.632376 -4.923565
v 23.258343 -6.913309 -4.928038
v 23.111277 -7.202784 -4.932014
v 22.978952 -7.499815 -4.935493
v 22.862263 -7.803337 -4.938489
v 22.761339 -8.111972 -4.941032
v 22.676117 -8.424258 -4.943139
v 22.606531 -8.738737 -4.944824
v 22.552521 -9.053947 -4.946107
v 22.514019 -9.368429 -4.947002
v 22.490967 -9.680722 -4.947527
v 34.483295 -9.989368 -0.000002
v 34.472443 -10.334716 -0.000002
v 34.439926 -10.678701 -0.000002
v 34.385876 -11.019965 -0.000002
v 34.310501 -11.357162 -0.000002
v 34.214108 -11.688962 -0.000002
v 34.097065 -12.014053 -0.000002
v 33.959843 -12.331154 -0.000002
v 33.802982 -12.639013 -0.000002
v 33.627098 -12.936415 -0.000002
v 33.432888 -13.222187 -0.000002
v 33.221119 -13.495200 -0.000002
v 32.992622 -13.754377 -0.000002
v 32.748306 -13.998696 -0.000002
v 32.489128 -14.227191 -0.000002
v 32.216114 -14.438962 -0.000002
v 31.930344 -14.633172 -0.000002
v 31.632940 -14.809055 -0.000002
v 31.325083 -14.965917 -0.000002
v 31.007980 -15.103139 -0.000002
v 30.682890 -15.220179 -0.000002
v 30.351089 -15.316575 -0.000002
v 30.013893 -15.391948 -0.000003
v 29.672628 -15.445999 -0.000003
v 29.328644 -15.478515 -0.000003
v 28.983295 -15.489368 -0.000003
v 28.637947 -15.478515 -0.000003
v 28.293962 -15.445999 -0.000003
v 27.952698 -15.391948 -0.000003
v 27.615501 -15.316575 -0.000002
v 27.283703 -15.220179 -0.000002
v 26.958611 -15.103139 -0.000002
v 26.641510 -14.965917 -0.000002
v 26.333651 -14.809055 -0.000002
v 26.036247 -14.633172 -0.000002
v 25.750477 -14.438962 -0.000002
v 25.477465 -14.227191 -0.000002
v 25.218287 -13.998696 -0.000002
v 24.973969 -13.754377 -0.000002
v 24.745474 -13.495200 -0.000002
v 24.533703 -13.222187 -0.000002
v 24.339493 -12.936415 -0.000002
v 24.163609 -12.639013 -0.000002
v 24.006746 -12.331154 -0.000002
v 23.869526 -12.014053 -0.000002
v 23.752485 -11.688962 -0.000002
v 23.656088 -11.357162 -0.000002
v 23.580715 -11.019965 -0.000002
v 23.526665 -10.678701 -0.000002
v 23.494148 -10.334716 -0.000002
v 23.483295 -9.989368 -0.000002
v 23.494148 -9.644020 -0.000002
v 23.526665 -9.300035 -0.000002
v 23.580715 -8.958771 -0.000001
v 23.656088 -8.621574 -0.000001
v 23.752485 -8.289775 -0.000001
v 23.869526 -7.964683 -0.000001
v 24.006746 -7.647582 -0.000001
v 24.163609 -7.339723 -0.000001
v 24.339493 -7.042321 -0.000001
v 24.533703 -6.756549 -0.000001
v 24.745474 -6.483536 -0.000001
v 24.973969 -6.224359 -0.000001
v 25.218287 -5.980041 -0.000001
v 25.477465 -5.751545 -0.000001
v 25.750477 -5.539775 -0.000001
v 26.036247 -5.345564 -0.000001
v 26.333651 -5.169681 -0.000001
v 26.641510 -5.012819 -0.000001
v 26.958611 -4.875597 -0.000001
v 27.283703 -4.758557 -0.000001
v 27.615501 -4.662161 -0.000001
v 27.952698 -4.586788 -0.000001
v 28.293962 -4.532737 -0.000001
v 28.637947 -4.500221 -0.000001
v 28.983295 -4.489368 -0.000001
v 29.328644 -4.500221 -0.000001
v 29.672628 -4.532737 -0.000001
v 30.013893 -4.586788 -0.000001
v 30.351089 -4.662161 -0.000001
v 30.682890 -4.758557 -0.000001
v 31.007980 -4.875597 -0.000001
v 31.325083 -5.012819 -0.000001
v 31.632940 -5.169681 -0.000001
v 31.930344 -5.345564 -0.000001
v 32.216114 -5.539775 -0.000001
v 32.489128 -5.751545 -0.000001
v 32.748306 -5.980041 -0.000001
v 32.992622 -6.224359 -0.000001
v 33.221119 -6.483536 -0.000001
v 33.432888 -6.756549 -0.000001
v 33.627098 -7.042321 -0.000001
v 33.802982 -7.339723 -0.000001
v 33.959843 -7.647582 -0.000001
v 34.097065 -7.964683 -0.000001
v 34.214108 -8.289775 -0.000001
v 34.310501 -8.621574 -0.000001
v 34.385876 -8.958771 -0.000001
v 34.439926 -9.300035 -0.000002
v 34.472443 -9.644020 -0.000002
v 35.472298 -10.367309 -0.000002
v 35.483295 -9.989368 -0.000002
v 35.472298 -9.611427 -0.000002
v 35.439346 -10.743972 -0.000002
v 35.384544 -11.118081 -0.000002
v 35.308086 -11.488371 -0.000002
v 35.210228 -11.853589 -0.000002
v 35.091297 -12.212499 -0.000002
v 34.951698 -12.563887 -0.000002
v 34.791908 -12.906563 -0.000002
v 34.612461 -13.239368 -0.000002
v 34.413967 -13.561176 -0.000002
v 34.197098 -13.870899 -0.000002
v 33.962585 -14.167488 -0.000002
v 33.711224 -14.449939 -0.000002
v 33.443867 -14.717297 -0.000002
v 33.161415 -14.968657 -0.000002
v 32.864826 -15.203169 -0.000002
v 32.555103 -15.420039 -0.000003
v 32.233295 -15.618533 -0.000003
v 31.900490 -15.797980 -0.000003
v 31.557814 -15.957773 -0.000003
v 31.206427 -16.097370 -0.000003
v 30.847517 -16.216299 -0.000003
v 30.482300 -16.314159 -0.000003
v 30.112009 -16.390617 -0.000003
v 29.737900 -16.445417 -0.000003
v 29.361237 -16.478371 -0.000003
v 28.983295 -16.489368 -0.000003
v 28.605354 -16.478371 -0.000003
v 28.228691 -16.445417 -0.000003
v 27.854582 -16.390617 -0.000003
v 27.484291 -16.314159 -0.000003
v 27.119076 -16.216299 -0.000003
v 26.760164 -16.097370 -0.000003
v 26.408777 -15.957773 -0.000003
v 26.066101 -15.797980 -0.000003
v 25.733295 -15.618533 -0.000003
v 25.411488 -15.420039 -0.000003
v 25.101765 -15.203169 -0.000002
v 24.805176 -14.968657 -0.000002
v 24.522724 -14.717297 -0.000002
v 24.255367 -14.449939 -0.000002
v 24.004007 -14.167488 -0.000002
v 23.769495 -13.870899 -0.000002
v 23.552626 -13.561176 -0.000002
v 23.354130 -13.239368 -0.000002
v 23.174683 -12.906563 -0.000002
v 23.014891 -12.563887 -0.000002
v 22.875294 -12.212499 -0.000002
v 22.756365 -11.853589 -0.000002
v 22.658504 -11.488371 -0.000002
v 22.582045 -11.118081 -0.000002
v 22.527246 -10.743972 -0.000002
v 22.494293 -10.367309 -0.000002
v 22.483295 -9.989368 -0.000002
v 22.494293 -9.611427 -0.000002
v 22.527246 -9.234764 -0.000002
v 22.582045 -8.860655 -0.000001
v 22.658504 -8.490365 -0.000001
v 22.756365 -8.125147 -0.000001
v 22.875294 -7.766237 -0.000001
v 23.014891 -7.414850 -0.000001
v 23.174683 -7.072173 -0.000001
v 23.354130 -6.739368 -0.000001
v 23.552626 -6.417560 -0.000001
v 23.769495 -6.107837 -0.000001
v 24.004007 -5.811249 -0.000001
v 24.255367 -5.528797 -0.000001
v 24.522724 -5.261439 -0.000001
v 24.805176 -5.010079 -0.000001
v 25.101765 -4.775567 -0.000001
v 25.411488 -4.558697 -0.000001
v 25.733295 -4.360203 -0.000001
v 26.066101 -4.180756 -0.000001
v 26.408777 -4.020963 -0.000001
v 26.760164 -3.881366 -0.000001
v 27.119076 -3.762436 -0.000001
v 27.484291 -3.664576 -0.000001
v 27.854582 -3.588118 -0.000001
v 28.228691 -3.533319 -0.000001
v 28.605354 -3.500365 -0.000001
v 28.983295 -3.489368 -0.000001
v 29.361237 -3.500365 -0.000001
v 29.737900 -3.533319 -0.000001
v 30.112009 -3.588118 -0.000001
v 30.482300 -3.664576 -0.000001
v 30.847517 -3.762436 -0.000001
v 31.206427 -3.881366 -0.000001
v 31.557814 -4.020963 -0.000001
v 31.900490 -4.180756 -0.000001
v 32.233295 -4.360203 -0.000001
v 32.555103 -4.558697 -0.000001
v 32.864826 -4.775567 -0.000001
v 33.161415 -5.010079 -0.000001
v 33.443867 -5.261439 -0.000001
v 33.711224 -5.528797 -0.000001
v 33.962585 -5.811249 -0.000001
v 34.197098 -6.107837 -0.000001
v 34.413967 -6.417560 -0.000001
v 34.612461 -6.739368 -0.000001
v 34.791908 -7.072173 -0.000001
v 34.951698 -7.414850 -0.000001
v 35.091297 -7.766237 -0.000001
v 35.210228 -8.125147 -0.000001
v 35.308086 -8.490365 -0.000001
v 35.384544 -8.860655 -0.000001
v 35.439346 -9.234764 -0.000002
v -0.630409 1.000000 -3.185321
v -0.630409 -5.336141 -3.185322
v -0.619500 -2.301955 -3.332628
v -0.624722 -5.336141 -3.291826
v -0.607723 -5.336141 -3.397118
v -0.587011 -2.301955 -3.476721
v -0.579607 -5.336141 -3.500001
v -0.553529 -5.338593 -3.569777
v -0.533650 -2.301955 -3.614455
v -0.523194 -5.345407 -3.635795
v -0.488482 -5.356188 -3.698392
v -0.460583 -2.301955 -3.742826
v -0.447640 -5.371183 -3.760233
v -0.401963 -5.389428 -3.819903
v -0.369402 -2.301955 -3.859035
v -0.352925 -5.409892 -3.875753
v -0.301995 -5.431542 -3.926135
v -0.262098 -2.301955 -3.960543
v -0.249783 -5.453712 -3.970381
v -0.141012 -2.301955 -4.045138
v -0.133936 -5.500587 -4.049113
v -0.008785 -2.301955 -4.110973
v -0.004867 -5.545723 -4.112554
v 0.063521 -5.565517 -4.137310
v 0.131697 -2.301955 -4.156612
v 0.133812 -5.582264 -4.157071
v 0.205325 -5.595284 -4.171702
v 0.131697 1.000001 -4.156612
v -0.008785 1.000001 -4.110973
v -0.141012 1.000001 -4.045138
v -0.262098 1.000001 -3.960543
v -0.369402 1.000001 -3.859034
v -0.460583 1.000001 -3.742826
v -0.533650 1.000001 -3.614454
v -0.587011 1.000001 -3.476720
v -0.619500 1.000001 -3.332627
v -0.630409 -14.500000 -2.000002
v -0.630409 -14.489822 -1.857687
v -0.630409 -14.459493 -1.718269
v -0.630409 -14.409632 -1.584587
v -0.630409 -14.341254 -1.459361
v -0.630409 -14.255750 -1.345141
v -0.630409 -14.154861 -1.244252
v -0.630409 -14.040641 -1.158748
v -0.630409 -13.915415 -1.090370
v -0.630409 -13.781733 -1.040509
v -0.630409 -13.642315 -1.010181
v -0.630409 -13.500000 -1.000002
v -0.630409 1.000000 2.797914
v -0.630409 -6.336141 -1.000001
v -0.630409 -6.193826 -1.010180
v -0.630409 -6.054408 -1.040508
v -0.630409 -5.920726 -1.090369
v -0.630409 -5.795500 -1.158747
v -0.630409 -5.681280 -1.244251
v -0.630409 -5.580391 -1.345140
v -0.630409 -5.494887 -1.459360
v -0.630409 -5.426508 -1.584586
v -0.630409 -5.376647 -1.718268
v -0.630409 -5.346319 -1.857686
v -0.630409 -5.336141 -2.000001
v -1.630409 -5.336141 -2.000001
v -1.630409 -5.336141 -3.185322
v -1.627636 -5.336141 -3.290604
v -1.619325 -5.336141 -3.395594
v -1.605498 -5.336141 -3.500001
v -1.619325 -14.499999 -3.395595
v -1.605498 -14.499999 -3.500002
v -1.627636 -14.499999 -3.290605
v -1.630409 -14.499999 -3.185323
v -1.630409 -14.500000 -2.000002
v -1.587144 -5.341146 -3.598491
v -1.563616 -5.356009 -3.697024
v -1.535409 -5.380488 -3.793968
v -1.503020 -5.414351 -3.887692
v -1.467112 -5.457191 -3.976698
v -1.428874 -5.507897 -4.059989
v -1.389565 -5.565187 -4.136671
v -1.350444 -5.627781 -4.205848
v -1.311739 -5.696225 -4.268318
v -1.273222 -5.772527 -4.325787
v -1.236585 -5.855766 -4.376917
v 1.270374 -5.795499 -4.341255
v 1.270374 -5.920725 -4.409633
v -1.203550 -5.944977 -4.420322
v 1.270374 -6.054407 -4.459494
v -1.175976 -6.039174 -4.454756
v -1.155223 -6.136908 -4.479703
v 1.270374 -6.193825 -4.489823
v -1.142147 -6.236467 -4.494879
v -1.137598 -6.336140 -4.500001
v -1.137598 -13.499999 -4.500002
v -1.142147 -13.599672 -4.494880
v 1.270374 -13.642314 -4.489824
v -1.155223 -13.699231 -4.479704
v 1.270374 -13.781732 -4.459496
v 1.270374 -13.915414 -4.409635
v 1.270374 -14.040640 -4.341257
v -1.273222 -14.063613 -4.325788
v -1.311739 -14.139915 -4.268320
v -1.350444 -14.208358 -4.205849
v -1.175976 -13.796965 -4.454757
v -1.203550 -13.891162 -4.420323
v -1.236585 -13.980372 -4.376918
v -1.389565 -14.270952 -4.136672
v -1.428874 -14.328242 -4.059990
v -1.467112 -14.378949 -3.976699
v -1.503020 -14.421787 -3.887693
v -1.535409 -14.455651 -3.793969
v -1.563616 -14.480131 -3.697025
v -1.587144 -14.494993 -3.598492
v -1.630409 -5.346319 -1.857686
v -1.630409 -5.376647 -1.718268
v -1.630409 -5.426508 -1.584586
v -1.630409 -5.494887 -1.459360
v -1.630409 -5.580391 -1.345140
v -1.630409 -5.681280 -1.244251
v -1.630409 -5.795500 -1.158747
v -1.630409 -5.920726 -1.090369
v -1.630409 -6.054408 -1.040508
v -1.630409 -6.193826 -1.010180
v -1.630409 -6.336141 -1.000001
v -1.630409 -13.500000 -1.000002
v -1.630409 -13.642315 -1.010181
v -1.630409 -13.781733 -1.040509
v -1.630409 -13.915415 -1.090370
v -1.630409 -14.040641 -1.158748
v -1.630409 -14.154861 -1.244252
v -1.630409 -14.255750 -1.345141
v -1.630409 -14.341254 -1.459361
v -1.630409 -14.409632 -1.584587
v -1.630409 -14.459493 -1.718269
v -1.630409 -14.489822 -1.857687
v 41.712574 -20.000000 1.829620
v 37.372341 -20.000000 -4.168015
v 40.000000 -20.000000 4.999997
v 40.203854 -20.000000 4.999016
v 40.406551 -20.000000 4.977289
v 40.605984 -20.000000 4.935040
v 40.800076 -20.000000 4.872712
v 40.986820 -20.000000 4.790947
v 41.164268 -20.000000 4.690598
v 41.330578 -20.000000 4.572708
v 41.484024 -20.000000 4.438498
v 41.623013 -20.000000 4.289367
v 41.746098 -20.000000 4.126862
v 41.851997 -20.000000 3.952672
v 41.939617 -20.000000 3.768605
v 42.008045 -20.000000 3.576576
v 42.056572 -20.000000 3.378578
v 42.084690 -20.000000 3.176669
v 42.092106 -20.000000 2.972947
v 42.078747 -20.000000 2.769528
v 42.044750 -20.000000 2.568526
v 41.990471 -20.000000 2.372028
v 41.916470 -20.000000 2.182077
v 41.823513 -20.000000 2.000646
v -1.358026 -1.999999 -4.192963
v -1.372339 0.000001 -4.168011
v -1.454614 -1.999999 -4.005246
v -1.463927 0.000001 -3.984202
v -1.530878 -1.999999 -3.808394
v -1.536184 0.000001 -3.791971
v -1.585967 -1.999999 -3.604600
v -1.588347 0.000001 -3.593343
v -1.619289 -1.999999 -3.395932
v -1.619866 0.000001 -3.390413
v -1.630409 0.000001 -3.185321
v -1.242189 -1.999999 -4.369452
v -1.108395 -1.999999 -4.532747
v -1.108395 -5.999999 -4.532748
v -0.958133 -5.999999 -4.681032
v -0.958133 -9.999999 -4.681033
v -0.793078 -9.999999 -4.812652
v -0.793078 -13.999999 -4.812653
v -0.615069 -13.999999 -4.926140
v -0.615069 -18.000000 -4.926141
v -0.426089 -18.000000 -5.020233
v -0.228245 -18.000000 -5.093882
v -0.023739 -18.000000 -5.146265
v -0.023739 -13.999999 -5.146265
v -0.023739 -9.999999 -5.146264
v -0.228245 -9.999999 -5.093881
v -0.228245 -5.999999 -5.093880
v -0.426089 -5.999999 -5.020231
v -0.426089 -1.999999 -5.020230
v -0.615069 -1.999999 -4.926138
v -0.793078 -1.999999 -4.812651
v -0.958133 -1.999999 -4.681032
v -0.228245 -1.999999 -5.093880
v -0.023739 -5.999999 -5.146263
v -0.023739 -1.999999 -5.146263
v -0.793078 -18.000000 -4.812653
v -0.958133 -13.999999 -4.681034
v -1.108395 -9.999999 -4.532748
v -0.958133 -18.000000 -4.681034
v -1.108395 -13.999999 -4.532749
v -1.108395 -18.000000 -4.532750
v -1.242189 -18.000000 -4.369454
v -1.358026 -18.000000 -4.192965
v -1.454614 -18.000000 -4.005248
v -1.530878 -18.000000 -3.808397
v -1.585967 -18.000000 -3.604603
v -1.619289 -18.000000 -3.395941
v -1.619866 -20.000000 -3.390416
v -1.630409 -20.000000 -3.185324
v -1.372339 -20.000000 -4.168015
v -1.463927 -20.000000 -3.984205
v -1.536184 -20.000000 -3.791974
v -1.588347 -20.000000 -3.593346
v -0.793078 -5.999999 -4.812651
v -0.615069 -9.999999 -4.926139
v -0.426089 -13.999999 -5.020232
v -0.615069 -5.999999 -4.926139
v -0.426089 -9.999999 -5.020231
v -0.228245 -13.999999 -5.093882
v -5.712573 -20.000000 1.829620
v -5.823513 -20.000000 2.000646
v -5.916467 -20.000000 2.182077
v -5.990469 -20.000000 2.372028
v -6.044751 -20.000000 2.568526
v -6.078748 -20.000000 2.769528
v -6.092106 -20.000000 2.972947
v -6.084689 -20.000000 3.176669
v -6.056571 -20.000000 3.378578
v -6.008047 -20.000000 3.576576
v -5.939619 -20.000000 3.768605
v -5.851998 -20.000000 3.952672
v -5.746095 -20.000000 4.126862
v -5.623011 -20.000000 4.289367
v -5.484024 -20.000000 4.438498
v -5.330577 -20.000000 4.572708
v -5.164266 -20.000000 4.690598
v -4.986818 -20.000000 4.790947
v -4.800077 -20.000000 4.872712
v -4.605982 -20.000000 4.935040
v -4.406551 -20.000000 4.977289
v -4.203855 -20.000000 4.999016
v -4.000000 -20.000000 4.999997
v 37.630409 0.000001 -3.185321
v 37.630409 -0.000000 2.797914
v 37.630409 -20.000000 -3.185324
v 37.630409 -20.000000 2.797911
v 37.358028 -1.999999 -4.192963
v 37.372341 0.000001 -4.168011
v 37.454617 -1.999999 -4.005246
v 37.463928 0.000001 -3.984202
v 37.530876 -1.999999 -3.808394
v 37.536182 0.000001 -3.791971
v 37.585968 -1.999999 -3.604600
v 37.588348 0.000001 -3.593343
v 37.619267 -1.999999 -3.396135
v 37.619865 0.000001 -3.390413
v 37.619865 -20.000000 -3.390416
v 37.619267 -18.000000 -3.396138
v 37.619267 -13.999999 -3.396137
v 37.619267 -9.999999 -3.396137
v 37.585968 -9.999999 -3.604602
v 37.585968 -6.000000 -3.604601
v 37.530876 -6.000000 -3.808395
v 37.588348 -20.000000 -3.593346
v 37.585968 -18.000000 -3.604603
v 37.585968 -13.999999 -3.604602
v 37.530876 -13.999999 -3.808396
v 37.530876 -9.999999 -3.808396
v 37.454617 -9.999999 -4.005247
v 37.454617 -6.000000 -4.005246
v 37.358028 -6.000000 -4.192963
v 37.242191 -1.999999 -4.369452
v 37.108395 -1.999999 -4.532747
v 36.958134 -1.999999 -4.681032
v 36.793079 -1.999999 -4.812651
v 36.615070 -1.999999 -4.926138
v 36.426090 -1.999999 -5.020230
v 36.228245 -1.999999 -5.093880
v 36.023739 -1.999999 -5.146263
v 36.023739 -5.999999 -5.146263
v 36.023739 -9.999999 -5.146264
v 36.228245 -9.999999 -5.093881
v 36.228245 -13.999999 -5.093882
v 36.426090 -13.999999 -5.020232
v 36.426090 -18.000000 -5.020233
v 36.615070 -18.000000 -4.926141
v 36.793079 -18.000000 -4.812653
v 36.958134 -18.000000 -4.681034
v 37.108395 -18.000000 -4.532750
v 37.242191 -18.000000 -4.369454
v 37.358028 -18.000000 -4.192965
v 37.454617 -18.000000 -4.005248
v 37.463928 -20.000000 -3.984205
v 37.530876 -18.000000 -3.808397
v 37.536182 -20.000000 -3.791974
v 36.228245 -18.000000 -5.093882
v 36.023739 -13.999999 -5.146265
v 36.023739 -18.000000 -5.146265
v 37.454617 -13.999999 -4.005248
v 37.358028 -9.999999 -4.192964
v 37.358028 -13.999999 -4.192965
v 37.242191 -9.999999 -4.369452
v 37.242191 -13.999999 -4.369453
v 37.108395 -9.999999 -4.532748
v 37.108395 -13.999999 -4.532749
v 36.958134 -9.999999 -4.681033
v 36.958134 -13.999999 -4.681034
v 36.793079 -9.999999 -4.812652
v 36.793079 -13.999999 -4.812653
v 36.615070 -9.999999 -4.926139
v 36.615070 -13.999999 -4.926140
v 36.426090 -9.999999 -5.020231
v 37.242191 -6.000000 -4.369452
v 37.619267 -6.000000 -3.396136
v 37.108395 -5.999999 -4.532748
v 36.958134 -5.999999 -4.681032
v 36.793079 -5.999999 -4.812651
v 36.615070 -5.999999 -4.926139
v 36.426090 -5.999999 -5.020231
v 36.228245 -5.999999 -5.093880
v -1.630409 -0.000000 2.797914
v -1.630409 -20.000000 2.797911
v 41.712574 -0.000000 1.829623
v 41.823513 -0.000000 2.000649
v 41.916470 -0.000000 2.182080
v 41.990471 -0.000000 2.372031
v 42.044750 -0.000000 2.568529
v 42.078747 -0.000000 2.769531
v 42.092106 -0.000000 2.972950
v 42.084690 -0.000001 3.176672
v 42.056572 -0.000001 3.378581
v 42.008045 -0.000001 3.576579
v 41.939617 -0.000001 3.768608
v 41.851997 -0.000001 3.952675
v 41.746098 -0.000001 4.126865
v 41.623013 -0.000001 4.289370
v 41.484024 -0.000001 4.438502
v 41.330578 -0.000001 4.572711
v 41.164268 -0.000001 4.690602
v 40.986820 -0.000001 4.790951
v 40.800076 -0.000001 4.872715
v 40.605984 -0.000001 4.935044
v 40.406551 -0.000001 4.977292
v 40.203854 -0.000001 4.999019
v 40.000000 -0.000001 5.000000
v -4.000000 -0.000001 5.000000
v -4.203855 -0.000001 4.999019
v -4.406551 -0.000001 4.977292
v -4.605982 -0.000001 4.935044
v -4.800077 -0.000001 4.872715
v -4.986818 -0.000001 4.790951
v -5.164266 -0.000001 4.690602
v -5.330577 -0.000001 4.572711
v -5.484024 -0.000001 4.438502
v -5.623011 -0.000001 4.289370
v -5.746095 -0.000001 4.126865
v -5.851998 -0.000001 3.952675
v -5.939619 -0.000001 3.768608
v -6.008047 -0.000001 3.576579
v -6.056571 -0.000001 3.378581
v -6.084689 -0.000001 3.176672
v -6.092106 -0.000000 2.972950
v -6.078748 -0.000000 2.769531
v -6.044751 -0.000000 2.568529
v -5.990469 -0.000000 2.372031
v -5.916467 -0.000000 2.182080
v -5.823513 -0.000000 2.000649
v -5.712573 -0.000000 1.829623
v 0.373388 0.999999 4.797910
v 0.432414 0.999999 4.796927
v 0.491386 0.999999 4.794202
v 0.550252 0.999999 4.789737
v -0.630000 -0.000001 4.530201
v -0.805636 -12.000001 4.416196
v -0.630000 -20.000000 4.530198
v -0.805636 -16.000000 4.416195
v -0.805636 -20.000000 4.416194
v -0.968390 -20.000000 4.284452
v -0.968390 -16.000000 4.284453
v -1.116478 -20.000000 4.136418
v -1.116478 -16.000000 4.136419
v -1.248277 -20.000000 3.973711
v -1.248277 -16.000000 3.973711
v -1.362342 -20.000000 3.798115
v -1.362342 -16.000000 3.798115
v -1.457423 -20.000000 3.611557
v -1.457423 -16.000000 3.611557
v -1.532479 -20.000000 3.416080
v -1.532479 -16.000000 3.416080
v -1.586685 -20.000000 3.213827
v -1.586685 -16.000000 3.213827
v -1.619448 -20.000000 3.007015
v -1.619448 -16.000000 3.007015
v -1.619448 -12.000001 3.007016
v -1.619448 -8.000001 3.007017
v -1.586685 -8.000001 3.213829
v -1.586685 -4.000000 3.213829
v -1.532479 -4.000000 3.416082
v -1.532479 -0.000001 3.416083
v -1.457423 -0.000001 3.611560
v -1.457423 -4.000000 3.611559
v -1.362342 -0.000001 3.798118
v -1.362342 -4.000000 3.798117
v -1.248277 -0.000001 3.973714
v -1.248277 -4.000000 3.973713
v -1.116478 -0.000001 4.136421
v -1.116478 -4.000000 4.136421
v -0.968390 -0.000001 4.284456
v -0.968390 -4.000000 4.284455
v -0.805636 -0.000001 4.416198
v -0.805636 -4.000001 4.416197
v -0.805636 -8.000001 4.416196
v -0.968390 -12.000001 4.284454
v -1.586685 -0.000001 3.213830
v -1.619448 -4.000000 3.007017
v -1.619448 -0.000000 3.007018
v -0.968390 -8.000001 4.284454
v -1.116478 -8.000001 4.136420
v -1.248277 -8.000001 3.973713
v -1.362342 -8.000001 3.798117
v -1.457423 -8.000001 3.611559
v -1.532479 -8.000001 3.416082
v -1.116478 -12.000001 4.136419
v -1.248277 -12.000001 3.973712
v -1.362342 -12.000001 3.798116
v -1.457423 -12.000001 3.611558
v -1.532479 -12.000001 3.416081
v -1.586685 -12.000001 3.213828
v 2.598511 0.999999 4.614940
v 4.648514 0.999999 4.461950
v 6.700029 0.999999 4.330782
v 8.752824 0.999999 4.221454
v 10.806666 0.999999 4.133976
v 12.861322 0.999999 4.068359
v 14.916561 0.999999 4.024610
v 16.972149 0.999999 4.002735
v 19.027851 0.999999 4.002735
v 21.083441 0.999999 4.024610
v 23.138678 0.999999 4.068359
v 25.193335 0.999999 4.133976
v 27.247177 0.999999 4.221454
v 29.299971 0.999999 4.330782
v 31.351486 0.999999 4.461950
v 33.401489 0.999999 4.614940
v 35.449749 0.999999 4.789737
v 35.508614 0.999999 4.794202
v 35.567585 0.999999 4.796927
v 35.626614 0.999999 4.797910
v 36.630001 -20.000000 4.530197
v 36.805637 -8.000001 4.416195
v 36.630001 -0.000001 4.530200
v 36.805637 -4.000001 4.416196
v 36.805637 -0.000001 4.416197
v 36.968391 -0.000001 4.284456
v 36.968391 -4.000000 4.284455
v 37.116478 -0.000001 4.136420
v 37.116478 -4.000000 4.136419
v 37.248280 -0.000001 3.973713
v 37.248280 -4.000000 3.973712
v 37.362343 -0.000001 3.798118
v 37.362343 -4.000000 3.798117
v 37.457424 -0.000001 3.611559
v 37.457424 -4.000000 3.611558
v 37.532478 -0.000001 3.416082
v 37.532478 -4.000000 3.416081
v 37.586685 -0.000001 3.213829
v 37.586685 -4.000000 3.213828
v 37.619450 -0.000000 3.007018
v 37.619450 -4.000000 3.007017
v 37.619450 -8.000001 3.007017
v 37.619450 -12.000001 3.007016
v 37.586685 -12.000001 3.213827
v 37.586685 -16.000000 3.213826
v 37.532478 -16.000000 3.416079
v 37.532478 -20.000000 3.416079
v 37.457424 -20.000000 3.611556
v 37.457424 -16.000000 3.611556
v 37.362343 -20.000000 3.798115
v 37.362343 -16.000000 3.798115
v 37.248280 -20.000000 3.973710
v 37.248280 -16.000000 3.973710
v 37.116478 -20.000000 4.136416
v 37.116478 -16.000000 4.136417
v 36.968391 -20.000000 4.284452
v 36.968391 -16.000000 4.284453
v 36.805637 -20.000000 4.416193
v 36.805637 -16.000000 4.416194
v 36.805637 -12.000001 4.416195
v 36.968391 -8.000001 4.284454
v 37.586685 -20.000000 3.213826
v 37.619450 -16.000000 3.007015
v 37.619450 -20.000000 3.007015
v 36.968391 -12.000001 4.284454
v 37.116478 -12.000001 4.136418
v 37.248280 -12.000001 3.973711
v 37.362343 -12.000001 3.798116
v 37.457424 -12.000001 3.611557
v 37.532478 -12.000001 3.416080
v 37.116478 -8.000001 4.136418
v 37.248280 -8.000001 3.973712
v 37.362343 -8.000001 3.798117
v 37.457424 -8.000001 3.611558
v 37.532478 -8.000001 3.416081
v 37.586685 -8.000001 3.213828
v -0.630000 -20.000000 4.844273
v 36.630001 -20.000000 4.844273
v -0.630000 -0.000001 4.844276
v 36.630001 -0.000001 4.844276
v -0.630000 0.999999 4.844276
v 36.630001 0.999999 4.844276
v -0.630000 1.000000 2.826523
v -0.630227 1.000000 2.816988
v -0.630364 1.000000 2.807451
v 36.630001 1.000000 2.826482
v 36.630226 1.000000 2.816960
v 36.630363 1.000000 2.807438
vt 0.050053 0.202664
vt 0.066093 0.206539
vt 0.033715 0.200352
vt 0.081684 0.211942
vt 0.096682 0.218821
vt -0.135214 0.185580
vt 0.110949 0.227113
vt 0.124349 0.236741
vt 0.136760 0.247615
vt 0.148066 0.259634
vt 0.158162 0.272686
vt 0.166953 0.286650
vt -0.304286 0.172542
vt -0.473483 0.161241
vt -0.642787 0.151675
vt -0.812180 0.143848
vt -0.981644 0.137759
vt -1.402358 0.985631
vt -1.151162 0.133409
vt -1.320716 0.130800
vt -1.490288 0.129929
vt -1.578217 0.985631
vt -1.659859 0.130800
vt -1.829413 0.133409
vt -1.998931 0.137759
vt -3.147528 0.286650
vt -2.168396 0.143848
vt -2.337789 0.151675
vt -2.507092 0.161241
vt -2.676290 0.172542
vt -2.845361 0.185580
vt -3.138737 0.272686
vt -3.128642 0.259634
vt 0.538246 0.799728
vt -1.050691 0.991245
vt -1.226509 0.987502
vt 0.547737 0.814359
vt -0.523612 1.013694
vt -0.699222 1.004342
vt -0.874921 0.996858
vt 0.555689 0.829880
vt -0.348111 1.024915
vt 0.562019 0.846130
vt 0.566662 0.862939
vt 0.569571 0.880134
vt 0.570714 0.897536
vt 0.570080 0.914964
vt 0.567674 0.932237
vt 0.563522 0.949175
vt 0.557669 0.965602
vt 0.550173 0.981349
vt 0.541114 0.996250
vt 0.530585 1.010152
vt 0.518695 1.022909
vt 0.505568 1.034391
vt -0.172740 1.038003
vt 0.491341 1.044476
vt 0.002482 1.052957
vt 0.476160 1.053061
vt 0.007517 1.053338
vt 0.460185 1.060055
vt 0.012562 1.053571
vt 0.017612 1.053656
vt 0.391741 1.070944
vt 0.443581 1.065387
vt 0.426520 1.069001
vt 0.409180 1.070860
vt -1.754066 0.987502
vt -3.530749 0.981349
vt -3.538245 0.965602
vt -3.544098 0.949175
vt -1.929885 0.991245
vt -2.105654 0.996858
vt -2.281354 1.004342
vt -2.456964 1.013694
vt -2.632464 1.024915
vt -2.807835 1.038003
vt -2.983057 1.052957
vt -2.998188 1.053656
vt -3.521690 0.996250
vt -3.511159 1.010152
vt -3.499270 1.022909
vt -3.486143 1.034391
vt -3.471916 1.044476
vt -3.372316 1.070944
vt -3.456736 1.053061
vt -3.440760 1.060055
vt -3.424156 1.065387
vt -3.407096 1.069001
vt -3.389756 1.070860
vt -2.988093 1.053338
vt -2.993138 1.053571
vt -3.548250 0.932237
vt -3.550655 0.914964
vt -3.551289 0.897536
vt -3.550147 0.880134
vt -3.547238 0.862939
vt -3.542594 0.846130
vt -3.536264 0.829880
vt -3.528312 0.814359
vt -3.518821 0.799728
vt -3.117336 0.247615
vt -3.104925 0.236741
vt -3.091524 0.227113
vt -3.077258 0.218821
vt -3.014291 0.200352
vt -3.062260 0.211942
vt -3.046668 0.206539
vt -3.030629 0.202664
vt -0.080750 0.559747
vt 0.033715 1.563058
vt -0.080195 0.537407
vt 0.033715 -0.490064
vt -0.080750 0.515067
vt -0.135214 -0.490064
vt -0.082419 0.492464
vt -0.085205 0.469705
vt -0.089113 0.446894
vt -0.094147 0.424137
vt -0.100312 0.401540
vt -0.107613 0.379209
vt -0.116052 0.357249
vt -0.125622 0.335760
vt -0.136257 0.314819
vt -0.147879 0.294497
vt -0.160409 0.274864
vt -0.173769 0.255993
vt -0.187883 0.237954
vt -0.202670 0.220819
vt -0.218053 0.204658
vt -0.304286 -0.490064
vt -0.234223 0.189277
vt -0.251362 0.174496
vt -0.269398 0.160392
vt -0.288262 0.147044
vt -0.307882 0.134528
vt -0.328188 0.122921
vt -0.349107 0.112302
vt -0.370571 0.102746
vt -0.392502 0.094319
vt -0.473483 -0.490064
vt -0.414800 0.087027
vt -0.437363 0.080869
vt -0.460084 0.075837
vt -0.482858 0.071930
vt -0.505582 0.069140
vt -0.528149 0.067465
vt -0.550456 0.066900
vt -0.642787 -0.490064
vt -0.572758 0.067441
vt -0.595328 0.069092
vt -0.618059 0.071858
vt -0.640846 0.075745
vt -0.663585 0.080756
vt -0.686169 0.086897
vt -0.708493 0.094173
vt -0.730452 0.102588
vt -0.812180 -0.490064
vt -0.751946 0.112135
vt -0.772897 0.122750
vt -0.793235 0.134355
vt -0.812887 0.146873
vt -0.831782 0.160226
vt -0.849850 0.174337
vt -0.867017 0.189127
vt -0.883214 0.204520
vt -0.981644 -0.490064
vt -0.898620 0.220692
vt -0.913427 0.237839
vt -0.927559 0.255890
vt -0.940935 0.274774
vt -0.953479 0.294419
vt -0.965112 0.314753
vt -0.975757 0.335706
vt -0.985334 0.357206
vt -0.993780 0.379176
vt -1.001085 0.401515
vt -1.007253 0.424120
vt -1.012290 0.446882
vt -1.016199 0.469698
vt -1.018986 0.492461
vt -1.151162 -0.490064
vt -1.020654 0.515066
vt -1.021209 0.537407
vt -1.151162 1.563058
vt -1.020654 0.559747
vt -1.018986 0.582352
vt -0.981644 1.563058
vt -1.016199 0.605115
vt -1.012290 0.627930
vt -1.007253 0.650693
vt -1.001085 0.673296
vt -0.993781 0.695636
vt -0.985335 0.717605
vt -0.975758 0.739105
vt -0.965114 0.760057
vt -0.953481 0.780392
vt -0.940937 0.800037
vt -0.927560 0.818921
vt -0.913429 0.836972
vt -0.898621 0.854120
vt -0.883214 0.870293
vt -0.812180 1.563058
vt -0.867018 0.885685
vt -0.849851 0.900475
vt -0.831785 0.914586
vt -0.812889 0.927939
vt -0.793238 0.940457
vt -0.772900 0.952062
vt -0.751949 0.962677
vt -0.730454 0.972224
vt -0.642787 1.563058
vt -0.708495 0.980640
vt -0.686170 0.987916
vt -0.663586 0.994057
vt -0.640847 0.999068
vt -0.618059 1.002955
vt -0.595328 1.005721
vt -0.572758 1.007373
vt -0.550456 1.007914
vt -0.473483 1.563058
vt -0.528149 1.007348
vt -0.505582 1.005673
vt -0.482858 1.002884
vt -0.460084 0.998976
vt -0.437363 0.993945
vt -0.414800 0.987786
vt -0.392502 0.980495
vt -0.304286 1.563058
vt -0.370571 0.972067
vt -0.349107 0.962512
vt -0.328188 0.951892
vt -0.307882 0.940285
vt -0.288262 0.927770
vt -0.269398 0.914421
vt -0.251362 0.900318
vt -0.234223 0.885537
vt -0.218053 0.870155
vt -0.135214 1.563058
vt -0.202670 0.853994
vt -0.187883 0.836859
vt -0.173769 0.818820
vt -0.160409 0.799949
vt -0.147879 0.780317
vt -0.136257 0.759994
vt -0.125622 0.739053
vt -0.116052 0.717564
vt -0.107613 0.695604
vt -0.100312 0.673273
vt -0.094147 0.650676
vt -0.089113 0.627920
vt -0.085205 0.605109
vt -0.082419 0.582349
vt -1.320716 1.563058
vt -1.320716 -0.490064
vt -1.490288 1.563058
vt -1.490288 -0.490064
vt -1.659859 1.563058
vt -1.659859 -0.490064
vt -1.829413 1.563058
vt -1.829413 -0.490064
vt -1.998931 1.563058
vt -1.998931 -0.490064
vt -2.168396 1.563058
vt -2.168396 -0.490064
vt -2.337789 1.563058
vt -2.337789 -0.490064
vt -2.507092 1.563058
vt -2.507092 -0.490064
vt -2.676290 1.563058
vt -2.676290 -0.490064
vt -2.845361 1.563058
vt -2.845361 -0.490064
vt -3.014291 1.563058
vt -3.014291 -0.490064
vt 0.158162 0.272686
vt -0.135214 0.185580
vt 0.166953 0.286650
vt -0.304286 0.172542
vt -0.473483 0.161241
vt 0.148066 0.259634
vt 0.136760 0.247615
vt 0.124349 0.236741
vt 0.110949 0.227113
vt 0.096682 0.218821
vt 0.033715 0.200352
vt 0.081684 0.211942
vt 0.066093 0.206539
vt 0.050053 0.202664
vt -0.642787 0.151675
vt -0.812180 0.143848
vt -0.981644 0.137759
vt -1.402358 0.985631
vt -1.151162 0.133409
vt -1.320716 0.130800
vt -1.490288 0.129929
vt -1.578217 0.985631
vt -1.659859 0.130800
vt -1.829413 0.133409
vt -1.998931 0.137759
vt -3.147528 0.286650
vt -1.754066 0.987502
vt -1.929885 0.991245
vt -3.518821 0.799728
vt -2.105654 0.996858
vt -2.281354 1.004342
vt -2.456964 1.013694
vt -3.528312 0.814359
vt -3.536264 0.829880
vt -2.168396 0.143848
vt -2.337789 0.151675
vt -2.507092 0.161241
vt -2.676290 0.172542
vt -2.845361 0.185580
vt -3.138737 0.272686
vt -3.128642 0.259634
vt -3.117336 0.247615
vt -3.104925 0.236741
vt -3.091524 0.227113
vt -3.077258 0.218821
vt -3.014291 0.200352
vt -3.062260 0.211942
vt -3.046668 0.206539
vt -3.030629 0.202664
vt -2.632464 1.024915
vt -3.542594 0.846130
vt -3.547238 0.862939
vt -3.550147 0.880134
vt -3.551289 0.897536
vt -3.550655 0.914964
vt -3.548250 0.932237
vt -3.544098 0.949175
vt -3.538245 0.965602
vt -3.530749 0.981349
vt -3.521690 0.996250
vt -3.511159 1.010152
vt -3.499270 1.022909
vt -3.486143 1.034391
vt -2.807835 1.038003
vt -3.471916 1.044476
vt -2.983057 1.052957
vt -3.456736 1.053061
vt -2.988093 1.053338
vt -3.440760 1.060055
vt -2.993138 1.053571
vt -2.998188 1.053656
vt -3.372316 1.070944
vt -3.424156 1.065387
vt -3.407096 1.069001
vt -3.389756 1.070860
vt -1.226509 0.987502
vt 0.550173 0.981349
vt 0.557669 0.965602
vt 0.563522 0.949175
vt -1.050691 0.991245
vt -0.874921 0.996858
vt -0.699222 1.004342
vt -0.523612 1.013694
vt -0.348111 1.024915
vt -0.172740 1.038003
vt 0.002482 1.052957
vt 0.017612 1.053656
vt 0.541114 0.996250
vt 0.530585 1.010152
vt 0.518695 1.022909
vt 0.505568 1.034391
vt 0.491341 1.044476
vt 0.391741 1.070944
vt 0.476160 1.053061
vt 0.460185 1.060055
vt 0.443581 1.065387
vt 0.426520 1.069001
vt 0.409180 1.070860
vt 0.007517 1.053338
vt 0.012562 1.053571
vt 0.567674 0.932237
vt 0.570080 0.914964
vt 0.570714 0.897536
vt 0.569571 0.880134
vt 0.566662 0.862939
vt 0.562019 0.846130
vt 0.555689 0.829880
vt 0.547737 0.814359
vt 0.538246 0.799728
vt 0.103468 0.884192
vt -0.523612 1.013694
vt 0.103449 0.885006
vt -0.348111 1.024915
vt -0.172740 1.038003
vt 0.103480 0.883377
vt 0.103484 0.882563
vt -0.699222 1.004342
vt -0.874921 0.996858
vt -1.050691 0.991245
vt 0.103484 0.370716
vt -1.226509 0.987502
vt -0.815690 0.229323
vt -0.984277 0.223265
vt 0.102550 0.358115
vt -0.142229 0.270839
vt -0.310426 0.257869
vt -0.478746 0.246625
vt 0.099771 0.345788
vt 0.095206 0.334005
vt 0.088955 0.323023
vt 0.081155 0.313082
vt 0.071976 0.304398
vt 0.025826 0.285534
vt 0.061617 0.297162
vt 0.050306 0.291530
vt 0.038287 0.287625
vt -0.647174 0.237110
vt -1.152918 0.218938
vt -1.402358 0.985631
vt -1.321594 0.216342
vt -1.490288 0.215476
vt -1.578217 0.985631
vt -1.658982 0.216342
vt -1.827657 0.218938
vt -1.754066 0.987502
vt -1.996298 0.223265
vt -2.164886 0.229323
vt -3.084059 0.370716
vt -2.333402 0.237110
vt -2.501829 0.246625
vt -2.670150 0.257869
vt -2.838347 0.270839
vt -3.083126 0.358115
vt -3.080346 0.345788
vt -3.075781 0.334005
vt -3.069530 0.323023
vt -3.061730 0.313082
vt -3.052551 0.304398
vt -3.006402 0.285534
vt -3.042193 0.297162
vt -3.030881 0.291530
vt -3.018863 0.287625
vt -1.929885 0.991245
vt -3.084059 0.882563
vt -2.105654 0.996858
vt -2.281354 1.004342
vt -2.456964 1.013694
vt -3.084055 0.883378
vt -3.084043 0.884194
vt -3.084024 0.885010
vt -2.632464 1.024915
vt -2.807835 1.038003
vt -2.983057 1.052957
vt -2.998188 1.053656
vt -2.988093 1.053338
vt -2.993138 1.053571
vt -3.084024 1.057622
vt 0.002482 1.052957
vt 0.017612 1.053656
vt 0.103449 1.057622
vt 0.007517 1.053338
vt 0.012562 1.053571
vt 0.038287 -0.404517
vt 0.038287 -0.135656
vt 0.025826 -0.404517
vt 0.038287 0.133205
vt 0.038287 0.402066
vt 0.050306 0.402066
vt 0.050306 0.670928
vt 0.061617 0.670928
vt 0.061617 0.939789
vt 0.071976 0.939789
vt 0.071976 1.208650
vt 0.081155 1.208650
vt 0.081155 1.477511
vt -0.375889 0.313082
vt -0.644750 0.313082
vt -0.375889 0.323023
vt -0.644750 0.323023
vt -0.375889 0.334005
vt -0.644750 0.334005
vt -0.375889 0.345788
vt -0.644750 0.345788
vt -0.375889 0.358115
vt -0.644750 0.358115
vt -0.375889 0.370716
vt -0.913611 0.358115
vt -1.182472 0.358115
vt -1.182472 0.345788
vt -1.451334 0.345788
vt -1.451334 0.334005
vt -1.720195 0.334005
vt -1.720195 0.323023
vt -1.989056 0.323023
vt -1.989056 0.313082
vt -2.257917 0.313082
vt 0.081155 -0.404517
vt 0.081155 -0.135656
vt 0.071976 -0.404517
vt 0.071976 -0.135656
vt 0.061617 -0.404517
vt 0.061617 -0.135656
vt 0.050306 -0.404517
vt 0.050306 -0.135656
vt -2.257917 0.323023
vt -1.989056 0.334005
vt -1.720195 0.345788
vt -1.451334 0.358115
vt -2.257917 0.334005
vt -1.989056 0.345788
vt -1.720195 0.358115
vt -2.257917 0.370716
vt -2.257917 0.345788
vt -1.989056 0.358115
vt -2.257917 0.358115
vt 0.071976 1.477511
vt 0.061617 1.208650
vt 0.050306 0.939789
vt 0.038287 0.670928
vt 0.061617 1.477511
vt 0.050306 1.208650
vt 0.038287 0.939789
vt 0.025826 1.477511
vt 0.050306 1.477511
vt 0.038287 1.208650
vt 0.038287 1.477511
vt 0.050306 0.133205
vt 0.061617 0.133205
vt 0.071976 0.133205
vt 0.081155 0.133205
vt -1.720195 0.313082
vt 0.061617 0.402066
vt 0.071976 0.670928
vt 0.081155 0.939789
vt -0.913611 0.313082
vt 0.071976 0.402066
vt 0.081155 0.402066
vt -1.451334 0.313082
vt -1.451334 0.323023
vt 0.081155 0.670928
vt -1.182472 0.313082
vt -0.913611 0.323023
vt -1.182472 0.323023
vt -1.182472 0.334005
vt -0.913611 0.334005
vt -0.913611 0.345788
vt -2.257917 0.882563
vt -0.375889 0.882563
vt -1.701653 0.337827
vt -1.701863 0.343796
vt -1.871943 0.345788
vt -1.701863 0.352598
vt -1.871943 0.358115
vt -1.701863 0.361605
vt -2.257917 0.370716
vt -1.701863 0.370716
vt -2.064930 0.358115
vt -2.257917 0.358115
vt -2.064930 0.345788
vt -2.257917 0.345788
vt -2.064930 0.334005
vt -2.257917 0.334005
vt -2.064930 0.323023
vt -2.257917 0.323023
vt -2.064930 0.313082
vt -2.257917 0.313082
vt -3.061730 -0.211530
vt -3.061730 -0.404517
vt -3.052551 -0.211530
vt -3.052551 -0.404517
vt -3.042193 -0.211530
vt -3.042193 -0.404517
vt -3.030881 -0.211530
vt -3.030881 -0.404517
vt -3.018863 -0.211530
vt -3.018863 -0.404517
vt -3.006402 -0.404517
vt -3.006402 0.174444
vt -3.018863 -0.018543
vt -3.030881 -0.018543
vt -3.042193 -0.018543
vt -3.052551 -0.018543
vt -3.061730 -0.018543
vt -1.871943 0.313082
vt -1.871943 0.323023
vt -1.871943 0.334005
vt -3.012565 0.173706
vt -3.018682 0.172592
vt -3.024695 0.171159
vt -3.030546 0.169466
vt -3.041587 0.165605
vt -3.051497 0.161595
vt -3.055964 0.159698
vt -3.060321 0.157846
vt -1.695554 0.311652
vt -1.697305 0.316430
vt -1.698866 0.321534
vt -1.700148 0.326825
vt -1.701071 0.332180
vt -2.675463 0.236462
vt -2.670150 -0.404517
vt -2.675431 0.237083
vt -2.670150 1.477511
vt -2.675431 0.849928
vt -2.675463 0.850550
vt -2.675553 0.851156
vt -2.675895 0.852323
vt -2.676424 0.853432
vt -2.677109 0.854485
vt -2.678836 0.856416
vt -2.680842 0.858108
vt -2.685079 0.860906
vt -2.689617 0.863371
vt -2.699414 0.867519
vt -2.709777 0.870832
vt -2.720229 0.873563
vt -2.730295 0.875962
vt -2.750052 0.880321
vt -2.838347 1.477511
vt -2.770220 0.884197
vt -2.790751 0.887680
vt -2.832707 0.893834
vt -2.875555 0.899318
vt -2.918992 0.904210
vt -3.006402 1.477511
vt -3.006402 0.912568
vt -2.675553 0.235856
vt -2.675895 0.234689
vt -2.676424 0.233579
vt -2.677109 0.232527
vt -2.678836 0.230596
vt -2.680842 0.228904
vt -2.685079 0.226106
vt -2.689617 0.223641
vt -2.699414 0.219493
vt -2.709777 0.216180
vt -2.720229 0.213449
vt -2.730295 0.211049
vt -2.750052 0.206691
vt -2.838347 -0.404517
vt -2.770220 0.202815
vt -2.790751 0.199332
vt -2.832707 0.193177
vt -2.875555 0.187694
vt -2.918992 0.182802
vt -2.501829 1.477511
vt -2.501829 -0.404517
vt -2.333402 1.477511
vt -2.333402 -0.404517
vt -2.164886 1.477511
vt -2.164886 -0.404517
vt -1.996298 1.477511
vt -1.996298 -0.404517
vt -1.827657 1.477511
vt -1.827657 -0.404517
vt -1.658982 1.477511
vt -1.658982 -0.404517
vt -1.490288 1.477511
vt -1.490288 -0.404517
vt -1.321594 1.477511
vt -1.321594 -0.404517
vt -1.152918 1.477511
vt -1.152918 -0.404517
vt -1.106756 0.537407
vt -1.106100 0.511003
vt -1.104128 0.484287
vt -1.100834 0.457384
vt -1.096214 0.430419
vt -1.090261 0.403517
vt -1.082971 0.376802
vt -1.074337 0.350399
vt -1.064355 0.324434
vt -1.053035 0.299024
vt -0.984277 -0.404517
vt -1.040454 0.274260
vt -1.026704 0.250227
vt -1.011878 0.227009
vt -0.996067 0.204691
vt -0.979365 0.183357
vt -0.961863 0.163091
vt -0.943653 0.143978
vt -0.924509 0.125786
vt -0.904217 0.108305
vt -0.882861 0.091628
vt -0.815690 -0.404517
vt -0.860527 0.075847
vt -0.837299 0.061053
vt -0.813260 0.047338
vt -0.788496 0.034794
vt -0.763091 0.023512
vt -0.737136 0.013568
vt -0.647174 -0.404517
vt -0.710750 0.004972
vt -0.684057 -0.002284
vt -0.657183 -0.008204
vt -0.630250 -0.012795
vt -0.603385 -0.016062
vt -0.576712 -0.018010
vt -0.550355 -0.018647
vt -0.478746 -0.404517
vt -0.523992 -0.017976
vt -0.497321 -0.015993
vt -0.470466 -0.012694
vt -0.443552 -0.008073
vt -0.416702 -0.002125
vt -0.390040 0.005155
vt -0.310426 -0.404517
vt -0.363690 0.013774
vt -0.337775 0.023736
vt -0.312413 0.035029
vt -0.287693 0.047580
vt -0.263700 0.061297
vt -0.240517 0.076088
vt -0.218227 0.091863
vt -0.142229 -0.404517
vt -0.196915 0.108529
vt -0.176664 0.125996
vt -0.157557 0.144173
vt -0.139380 0.163270
vt -0.121906 0.183519
vt -0.105230 0.204836
vt -0.089441 0.227136
vt -0.074634 0.250337
vt -0.060901 0.274352
vt -0.048334 0.299100
vt -0.037025 0.324495
vt -0.027051 0.350446
vt -0.018424 0.376837
vt -0.011137 0.403542
vt -0.005188 0.430435
vt -0.000569 0.457394
vt 0.002724 0.484292
vt 0.004696 0.511004
vt 0.005352 0.537407
vt 0.004696 0.563809
vt 0.002724 0.590522
vt -0.000569 0.617420
vt -0.005188 0.644378
vt -0.011137 0.671272
vt -0.018424 0.697977
vt -0.027051 0.724367
vt -0.037025 0.750319
vt -0.048334 0.775713
vt -0.060901 0.800461
vt -0.142229 1.477511
vt -0.074634 0.824477
vt -0.089441 0.847677
vt -0.105230 0.869978
vt -0.121906 0.891294
vt -0.139380 0.911543
vt -0.157557 0.930640
vt -0.176664 0.948817
vt -0.196915 0.966284
vt -0.218227 0.982951
vt -0.310426 1.477511
vt -0.240517 0.998725
vt -0.263700 1.013516
vt -0.287693 1.027233
vt -0.312413 1.039784
vt -0.337775 1.051078
vt -0.363690 1.061039
vt -0.390040 1.069658
vt -0.478746 1.477511
vt -0.416702 1.076939
vt -0.443552 1.082887
vt -0.470466 1.087508
vt -0.497321 1.090807
vt -0.523992 1.092789
vt -0.550355 1.093461
vt -0.647174 1.477511
vt -0.576712 1.092824
vt -0.603385 1.090875
vt -0.630250 1.087608
vt -0.657183 1.083017
vt -0.684057 1.077097
vt -0.710750 1.069842
vt -0.737136 1.061245
vt -0.815690 1.477511
vt -0.763091 1.051301
vt -0.788496 1.040020
vt -0.813260 1.027475
vt -0.837299 1.013760
vt -0.860527 0.998966
vt -0.882861 0.983185
vt -0.984277 1.477511
vt -0.904217 0.966508
vt -0.924509 0.949028
vt -0.943653 0.930835
vt -0.961863 0.911722
vt -0.979365 0.891456
vt -0.996067 0.870122
vt -1.011878 0.847804
vt -1.026704 0.824586
vt -1.040454 0.800553
vt -1.053035 0.775790
vt -1.064355 0.750380
vt -1.074337 0.724414
vt -1.082971 0.698012
vt -1.090261 0.671297
vt -1.096214 0.644394
vt -1.100834 0.617429
vt -1.104128 0.590526
vt -1.106100 0.563810
vt -1.293653 0.190151
vt -1.315993 0.190199
vt -1.315993 0.643210
vt -1.338333 0.190151
vt -1.345537 0.643210
vt -1.360936 0.190008
vt -1.374964 0.643210
vt -1.383695 0.189769
vt -1.404158 0.643210
vt -1.406506 0.189436
vt -1.429263 0.189008
vt -1.433004 0.643210
vt -1.451860 0.188487
vt -1.461388 0.643210
vt -1.474191 0.187874
vt -1.489199 0.643210
vt -1.496151 0.187168
vt -1.516325 0.643210
vt -1.517640 0.186372
vt -1.538581 0.185495
vt -1.542662 0.643210
vt -1.558904 0.184544
vt -1.568104 0.643210
vt -1.578536 0.183528
vt -1.592551 0.643210
vt -1.597407 0.182454
vt -1.615906 0.643210
vt -1.615446 0.181332
vt -1.632581 0.180169
vt -1.638078 0.643210
vt -1.648742 0.178974
vt -1.658978 0.643210
vt -0.228618 0.643210
vt -0.218053 0.178974
vt -0.234223 0.177734
vt -0.250790 0.643210
vt -0.251362 0.176437
vt -0.269398 0.175092
vt -0.274145 0.643210
vt -0.288262 0.173706
vt -0.298592 0.643210
vt -0.307882 0.172286
vt -0.324034 0.643210
vt -0.328188 0.170842
vt -0.350370 0.643210
vt -0.349107 0.169379
vt -0.370571 0.167907
vt -0.377497 0.643210
vt -0.392502 0.166434
vt -0.405307 0.643210
vt -0.414800 0.164966
vt -0.433692 0.643210
vt -0.437363 0.163512
vt -0.462538 0.643210
vt -0.460084 0.162078
vt -0.482858 0.160671
vt -0.491732 0.643210
vt -0.505582 0.159297
vt -0.521159 0.643210
vt -0.528149 0.157963
vt -0.550702 0.643210
vt -0.550456 0.156676
vt -0.572758 0.155422
vt -0.580246 0.643210
vt -0.595328 0.154184
vt -0.609673 0.643210
vt -0.618059 0.152969
vt -0.638867 0.643210
vt -0.640846 0.151781
vt -0.663585 0.150626
vt -0.667713 0.643210
vt -0.686169 0.149508
vt -0.696097 0.643210
vt -0.708493 0.148433
vt -0.723908 0.643210
vt -0.730452 0.147407
vt -0.751034 0.643210
vt -0.751946 0.146432
vt -0.772897 0.145509
vt -0.777371 0.643210
vt -0.793235 0.144639
vt -0.802813 0.643210
vt -0.812887 0.143821
vt -0.827260 0.643210
vt -0.831782 0.143057
vt -0.850615 0.643210
vt -0.849850 0.142345
vt -0.867017 0.141687
vt -0.872787 0.643210
vt -0.883214 0.141084
vt -1.658978 0.643210
vt -1.648880 0.141084
vt -1.638078 0.643210
vt -1.632708 0.140525
vt -1.615906 0.643210
vt -1.615561 0.140002
vt -1.597510 0.139514
vt -1.592551 0.643210
vt -1.578626 0.139064
vt -1.568104 0.643210
vt -1.558981 0.138651
vt -1.542662 0.643210
vt -1.538647 0.138277
vt -1.516325 0.643210
vt -1.517694 0.137942
vt -1.496194 0.137646
vt -1.489199 0.643210
vt -1.474224 0.137389
vt -1.461388 0.643210
vt -1.451885 0.137170
vt -1.433004 0.643210
vt -1.429280 0.136988
vt -1.404158 0.643210
vt -1.406518 0.136841
vt -1.383702 0.136729
vt -1.374964 0.643210
vt -1.360939 0.136650
vt -1.345537 0.643210
vt -1.338334 0.136603
vt -1.315993 0.643210
vt -1.315993 0.136588
vt -1.293653 0.136603
vt -1.286450 0.643210
vt -1.271048 0.136650
vt -1.257023 0.643210
vt -1.248285 0.136729
vt -1.227829 0.643210
vt -1.225470 0.136841
vt -1.202707 0.136988
vt -1.198983 0.643210
vt -1.180104 0.137170
vt -1.170599 0.643210
vt -1.157764 0.137389
vt -1.142788 0.643210
vt -1.135795 0.137646
vt -1.115661 0.643210
vt -1.114295 0.137942
vt -1.093343 0.138277
vt -1.089325 0.643210
vt -1.073008 0.138651
vt -1.063883 0.643210
vt -1.053363 0.139064
vt -1.039436 0.643210
vt -1.034479 0.139514
vt -1.016081 0.643210
vt -1.016428 0.140001
vt -0.999280 0.140525
vt -0.993909 0.643210
vt -0.983107 0.141084
vt -0.893687 0.643210
vt -0.883214 0.141084
vt -0.872787 0.643210
vt -0.867018 0.141687
vt -0.850615 0.643210
vt -0.849851 0.142345
vt -0.831785 0.143056
vt -0.827260 0.643210
vt -0.812889 0.143821
vt -0.802813 0.643210
vt -0.793238 0.144639
vt -0.777371 0.643210
vt -0.772900 0.145509
vt -0.751034 0.643210
vt -0.751949 0.146432
vt -0.730454 0.147407
vt -0.723908 0.643210
vt -0.708495 0.148433
vt -0.696097 0.643210
vt -0.686170 0.149508
vt -0.667713 0.643210
vt -0.663586 0.150626
vt -0.638867 0.643210
vt -0.640847 0.151781
vt -0.618059 0.152969
vt -0.609673 0.643210
vt -0.595328 0.154184
vt -0.580246 0.643210
vt -0.572758 0.155422
vt -0.550702 0.643210
vt -0.550456 0.156676
vt -0.528149 0.157963
vt -0.521159 0.643210
vt -0.505582 0.159297
vt -0.491732 0.643210
vt -0.482858 0.160671
vt -0.462538 0.643210
vt -0.460084 0.162078
vt -0.437363 0.163512
vt -0.433692 0.643210
vt -0.414800 0.164966
vt -0.405307 0.643210
vt -0.392502 0.166434
vt -0.377497 0.643210
vt -0.370571 0.167907
vt -0.350370 0.643210
vt -0.349107 0.169379
vt -0.328188 0.170842
vt -0.324034 0.643210
vt -0.307882 0.172286
vt -0.298592 0.643210
vt -0.288262 0.173706
vt -0.274145 0.643210
vt -0.269398 0.175092
vt -0.250790 0.643210
vt -0.251362 0.176437
vt -0.234223 0.177734
vt -0.228618 0.643210
vt -0.218053 0.178974
vt -0.973008 0.643210
vt -0.983245 0.178974
vt -0.993909 0.643210
vt -0.999406 0.180169
vt -1.016081 0.643210
vt -1.016541 0.181332
vt -1.034580 0.182454
vt -1.039436 0.643210
vt -1.053451 0.183528
vt -1.063883 0.643210
vt -1.073083 0.184544
vt -1.089325 0.643210
vt -1.093405 0.185495
vt -1.115661 0.643210
vt -1.114347 0.186372
vt -1.135836 0.187168
vt -1.142788 0.643210
vt -1.157796 0.187874
vt -1.170599 0.643210
vt -1.180127 0.188487
vt -1.198983 0.643210
vt -1.202724 0.189008
vt -1.227829 0.643210
vt -1.225480 0.189436
vt -1.248291 0.189769
vt -1.257023 0.643210
vt -1.271051 0.190008
vt -1.286450 0.643210
vt -0.081123 0.507863
vt 0.004411 0.505075
vt -0.080195 0.537407
vt 0.005352 0.537407
vt 0.004411 0.569738
vt 0.001592 0.472853
vt -0.083905 0.478436
vt -0.003096 0.440849
vt -0.088529 0.449242
vt -0.009637 0.409172
vt -0.094977 0.420396
vt -0.018008 0.377929
vt -0.103223 0.392012
vt -0.028183 0.347225
vt -0.113236 0.364201
vt -0.040125 0.317165
vt -0.124975 0.337074
vt -0.053794 0.287850
vt -0.138394 0.310738
vt -0.069145 0.259380
vt -0.153440 0.285296
vt -0.086126 0.231850
vt -0.170054 0.260849
vt -0.104678 0.205354
vt -0.188170 0.237494
vt -0.124740 0.179982
vt -0.207718 0.215322
vt -0.146243 0.155819
vt -0.228618 0.194422
vt -0.169115 0.132948
vt -0.193278 0.111445
vt -0.250790 0.174875
vt -0.218650 0.091383
vt -0.274145 0.156758
vt -0.245146 0.072830
vt -0.298592 0.140144
vt -0.272675 0.055850
vt -0.324034 0.125098
vt -0.301146 0.040499
vt -0.350370 0.111679
vt -0.330461 0.026829
vt -0.377497 0.099940
vt -0.360521 0.014887
vt -0.405307 0.089928
vt -0.391225 0.004713
vt -0.433692 0.081681
vt -0.422467 -0.003659
vt -0.462538 0.075233
vt -0.454145 -0.010200
vt -0.491732 0.070610
vt -0.486149 -0.014887
vt -0.521159 0.067828
vt -0.518371 -0.017707
vt -0.550702 0.066899
vt -0.550702 -0.018647
vt -0.583034 -0.017707
vt -0.580246 0.067828
vt -0.615256 -0.014887
vt -0.609673 0.070610
vt -0.647260 -0.010200
vt -0.638867 0.075233
vt -0.678937 -0.003659
vt -0.667713 0.081681
vt -0.710180 0.004713
vt -0.696097 0.089928
vt -0.740884 0.014887
vt -0.723908 0.099940
vt -0.770944 0.026829
vt -0.751034 0.111679
vt -0.800259 0.040499
vt -0.777371 0.125098
vt -0.828729 0.055850
vt -0.802813 0.140144
vt -0.856259 0.072830
vt -0.827260 0.156758
vt -0.882755 0.091383
vt -0.850615 0.174875
vt -0.908127 0.111445
vt -0.872787 0.194422
vt -0.932290 0.132948
vt -0.955161 0.155819
vt -0.893687 0.215322
vt -0.976664 0.179982
vt -0.913234 0.237494
vt -0.996726 0.205354
vt -0.931351 0.260849
vt -1.015279 0.231850
vt -0.947965 0.285296
vt -1.032259 0.259380
vt -0.963011 0.310738
vt -1.047610 0.287850
vt -0.976430 0.337074
vt -1.061280 0.317165
vt -0.988169 0.364201
vt -1.073222 0.347225
vt -0.998181 0.392012
vt -1.083396 0.377929
vt -1.006428 0.420396
vt -1.091768 0.409172
vt -1.012876 0.449242
vt -1.098309 0.440849
vt -1.017499 0.478436
vt -1.102996 0.472853
vt -1.020281 0.507863
vt -1.105815 0.505075
vt -1.021209 0.537407
vt -1.106756 0.537407
vt -1.105815 0.569738
vt -1.020281 0.566950
vt -1.102996 0.601961
vt -1.017499 0.596377
vt -1.098309 0.633964
vt -1.012876 0.625571
vt -1.091768 0.665642
vt -1.006428 0.654417
vt -1.083396 0.696885
vt -0.998181 0.682801
vt -1.073222 0.727588
vt -0.988169 0.710612
vt -1.061280 0.757648
vt -0.976430 0.737739
vt -1.047610 0.786963
vt -0.963011 0.764075
vt -1.032259 0.815434
vt -0.947965 0.789517
vt -1.015279 0.842963
vt -0.931351 0.813964
vt -0.996726 0.869459
vt -0.913234 0.837319
vt -0.976664 0.894831
vt -0.893687 0.859491
vt -0.955161 0.918994
vt -0.872787 0.880392
vt -0.932290 0.941866
vt -0.908127 0.963369
vt -0.850615 0.899939
vt -0.882755 0.983430
vt -0.827260 0.918055
vt -0.856259 1.001983
vt -0.802813 0.934669
vt -0.828729 1.018964
vt -0.777371 0.949715
vt -0.800259 1.034315
vt -0.751034 0.963134
vt -0.770944 1.047984
vt -0.723908 0.974873
vt -0.740884 1.059927
vt -0.696097 0.984886
vt -0.710180 1.070101
vt -0.667713 0.993132
vt -0.678937 1.078472
vt -0.638867 0.999580
vt -0.647260 1.085013
vt -0.609673 1.004204
vt -0.615256 1.089701
vt -0.580246 1.006985
vt -0.583034 1.092520
vt -0.550702 1.007914
vt -0.550702 1.093461
vt -0.518371 1.092520
vt -0.521159 1.006985
vt -0.486149 1.089701
vt -0.491732 1.004204
vt -0.454145 1.085013
vt -0.462538 0.999580
vt -0.422467 1.078472
vt -0.433692 0.993132
vt -0.391225 1.070101
vt -0.405307 0.984886
vt -0.360521 1.059927
vt -0.377497 0.974873
vt -0.330461 1.047984
vt -0.350370 0.963134
vt -0.301146 1.034315
vt -0.324034 0.949715
vt -0.272675 1.018964
vt -0.298592 0.934669
vt -0.245146 1.001983
vt -0.274145 0.918055
vt -0.218650 0.983430
vt -0.250790 0.899939
vt -0.193278 0.963369
vt -0.228618 0.880392
vt -0.169115 0.941866
vt -0.146243 0.918994
vt -0.207718 0.859491
vt -0.124740 0.894831
vt -0.188170 0.837319
vt -0.104678 0.869459
vt -0.170054 0.813964
vt -0.086126 0.842963
vt -0.153440 0.789517
vt -0.069145 0.815434
vt -0.138394 0.764075
vt -0.053794 0.786963
vt -0.124975 0.737739
vt -0.040125 0.757648
vt -0.113236 0.710612
vt -0.028183 0.727588
vt -0.103223 0.682801
vt -0.018008 0.696885
vt -0.094977 0.654417
vt -0.009637 0.665642
vt -0.088529 0.625571
vt -0.003096 0.633964
vt -0.083905 0.596377
vt 0.001592 0.601961
vt -0.081123 0.566950
vt -1.348325 0.643210
vt -1.342396 0.283590
vt -1.315993 0.643210
vt -1.315993 0.283651
vt -1.289591 0.283590
vt -1.369108 0.283409
vt -1.380547 0.643210
vt -1.396006 0.283108
vt -1.412551 0.643210
vt -1.422965 0.282688
vt -1.444228 0.643210
vt -1.449859 0.282149
vt -1.475471 0.643210
vt -1.476563 0.281494
vt -1.502954 0.280722
vt -1.506175 0.643210
vt -1.528905 0.279835
vt -1.536235 0.643210
vt -1.554300 0.278835
vt -1.565550 0.643210
vt -1.579048 0.277734
vt -1.594020 0.643210
vt -1.603063 0.276542
vt -1.621550 0.643210
vt -1.626264 0.275269
vt -1.648046 0.643210
vt -1.648564 0.273927
vt -1.669881 0.272525
vt -1.673418 0.643210
vt -1.690130 0.271074
vt -1.697581 0.643210
vt -1.709227 0.269585
vt -1.720452 0.643210
vt -0.157557 0.269585
vt -0.169115 0.643210
vt -0.176664 0.268043
vt -0.193278 0.643210
vt -0.196915 0.266433
vt -0.218650 0.643210
vt -0.218227 0.264766
vt -0.240517 0.263052
vt -0.245146 0.643210
vt -0.263700 0.261301
vt -0.272675 0.643210
vt -0.287693 0.259522
vt -0.301146 0.643210
vt -0.312413 0.257727
vt -0.330461 0.643210
vt -0.337775 0.255924
vt -0.360521 0.643210
vt -0.363690 0.254125
vt -0.391225 0.643210
vt -0.390040 0.252339
vt -0.416702 0.250575
vt -0.422467 0.643210
vt -0.443552 0.248841
vt -0.454145 0.643210
vt -0.470466 0.247145
vt -0.486149 0.643210
vt -0.497321 0.245496
vt -0.518371 0.643210
vt -0.523992 0.243900
vt -0.550702 0.643210
vt -0.550355 0.242368
vt -0.576712 0.240881
vt -0.583034 0.643210
vt -0.603385 0.239422
vt -0.615256 0.643210
vt -0.630250 0.237995
vt -0.647260 0.643210
vt -0.657183 0.236607
vt -0.678937 0.643210
vt -0.684057 0.235265
vt -0.710180 0.643210
vt -0.710750 0.233973
vt -0.737136 0.232739
vt -0.740884 0.643210
vt -0.763091 0.231567
vt -0.770944 0.643210
vt -0.788496 0.230463
vt -0.800259 0.643210
vt -0.813260 0.229425
vt -0.828729 0.643210
vt -0.837299 0.228453
vt -0.856259 0.643210
vt -0.860527 0.227546
vt -0.882755 0.643210
vt -0.882861 0.226704
vt -0.904217 0.225928
vt -0.908127 0.643210
vt -0.924509 0.225215
vt -0.932290 0.643210
vt -0.943653 0.224567
vt -1.709422 0.224567
vt -1.720452 0.643210
vt -1.697581 0.643210
vt -1.690309 0.223971
vt -1.673418 0.643210
vt -1.670043 0.223418
vt -1.648046 0.643210
vt -1.648709 0.222908
vt -1.626391 0.222440
vt -1.621550 0.643210
vt -1.603173 0.222015
vt -1.594020 0.643210
vt -1.579140 0.221632
vt -1.565550 0.643210
vt -1.554376 0.221292
vt -1.536235 0.643210
vt -1.528966 0.220995
vt -1.506175 0.643210
vt -1.503001 0.220738
vt -1.475471 0.643210
vt -1.476598 0.220521
vt -1.449883 0.220341
vt -1.444228 0.643210
vt -1.422981 0.220196
vt -1.412551 0.643210
vt -1.396016 0.220087
vt -1.380547 0.643210
vt -1.369112 0.220010
vt -1.348325 0.643210
vt -1.342397 0.219965
vt -1.315993 0.643210
vt -1.315993 0.219951
vt -1.289590 0.219965
vt -1.283662 0.643210
vt -1.262874 0.220010
vt -1.251439 0.643210
vt -1.235971 0.220087
vt -1.219436 0.643210
vt -1.209006 0.220196
vt -1.187758 0.643210
vt -1.182103 0.220341
vt -1.156515 0.643210
vt -1.155388 0.220521
vt -1.128986 0.220738
vt -1.125812 0.643210
vt -1.103020 0.220995
vt -1.095752 0.643210
vt -1.077610 0.221292
vt -1.066437 0.643210
vt -1.052847 0.221632
vt -1.037966 0.643210
vt -1.028814 0.222015
vt -1.010437 0.643210
vt -1.005596 0.222440
vt -0.983941 0.643210
vt -0.983278 0.222908
vt -0.961944 0.223418
vt -0.958569 0.643210
vt -0.941678 0.223971
vt -0.934406 0.643210
vt -0.922565 0.224567
vt -0.911534 0.643210
vt -0.943653 0.224567
vt -0.932290 0.643210
vt -0.924509 0.225215
vt -0.908127 0.643210
vt -0.904217 0.225928
vt -0.882755 0.643210
vt -0.882861 0.226704
vt -0.860527 0.227546
vt -0.856259 0.643210
vt -0.837299 0.228453
vt -0.828729 0.643210
vt -0.813260 0.229425
vt -0.800259 0.643210
vt -0.788496 0.230463
vt -0.770944 0.643210
vt -0.763091 0.231567
vt -0.740884 0.643210
vt -0.737136 0.232739
vt -0.710180 0.643210
vt -0.710750 0.233973
vt -0.684057 0.235265
vt -0.678937 0.643210
vt -0.657183 0.236607
vt -0.647260 0.643210
vt -0.630250 0.237995
vt -0.615256 0.643210
vt -0.603385 0.239422
vt -0.583034 0.643210
vt -0.576712 0.240881
vt -0.550702 0.643210
vt -0.550355 0.242368
vt -0.523992 0.243900
vt -0.518371 0.643210
vt -0.497321 0.245496
vt -0.486149 0.643210
vt -0.470466 0.247145
vt -0.454145 0.643210
vt -0.443552 0.248841
vt -0.422467 0.643210
vt -0.416702 0.250575
vt -0.391225 0.643210
vt -0.390040 0.252339
vt -0.363690 0.254125
vt -0.360521 0.643210
vt -0.337775 0.255924
vt -0.330461 0.643210
vt -0.312413 0.257727
vt -0.301146 0.643210
vt -0.287693 0.259522
vt -0.272675 0.643210
vt -0.263700 0.261301
vt -0.245146 0.643210
vt -0.240517 0.263052
vt -0.218650 0.643210
vt -0.218227 0.264766
vt -0.196915 0.266433
vt -0.193278 0.643210
vt -0.176664 0.268043
vt -0.169115 0.643210
vt -0.157557 0.269585
vt -0.922760 0.269585
vt -0.911534 0.643210
vt -0.934406 0.643210
vt -0.941857 0.271074
vt -0.958569 0.643210
vt -0.962106 0.272525
vt -0.983941 0.643210
vt -0.983423 0.273927
vt -1.005723 0.275269
vt -1.010437 0.643210
vt -1.028923 0.276542
vt -1.037966 0.643210
vt -1.052939 0.277734
vt -1.066437 0.643210
vt -1.077687 0.278835
vt -1.095752 0.643210
vt -1.103081 0.279835
vt -1.125812 0.643210
vt -1.129033 0.280722
vt -1.156515 0.643210
vt -1.155424 0.281494
vt -1.182128 0.282149
vt -1.187758 0.643210
vt -1.209022 0.282688
vt -1.219436 0.643210
vt -1.235980 0.283108
vt -1.251439 0.643210
vt -1.262878 0.283409
vt -1.283662 0.643210
vt -0.375889 0.370716
vt -0.917925 0.370716
vt -0.658360 0.358115
vt -0.917925 0.361605
vt -0.917925 0.352598
vt -0.658360 0.345788
vt -0.917925 0.343796
vt -0.918135 0.337827
vt -0.658360 0.334005
vt -0.918718 0.332180
vt -0.919640 0.326825
vt -0.658360 0.323023
vt -0.920923 0.321534
vt -0.922483 0.316430
vt -0.658360 0.313082
vt -0.924234 0.311652
vt -3.061730 1.195040
vt -3.060321 0.929166
vt -3.055964 0.927314
vt -3.052551 1.195040
vt -3.051497 0.925417
vt -3.042193 1.195040
vt -3.041587 0.921407
vt -3.030881 1.195040
vt -3.030546 0.917546
vt -3.024695 0.915853
vt -3.018863 1.195040
vt -3.018682 0.914420
vt -3.012565 0.913306
vt -3.018863 1.477511
vt -3.030881 1.477511
vt -3.042193 1.477511
vt -3.052551 1.477511
vt -3.061730 1.477511
vt -0.375889 0.313082
vt -0.375889 0.323023
vt -0.375889 0.334005
vt -0.375889 0.345788
vt -0.375889 0.358115
vt -1.701863 0.472117
vt -1.700993 0.484291
vt -1.698398 0.496218
vt -1.694133 0.507654
vt -1.688283 0.518367
vt -1.680968 0.528138
vt -1.672338 0.536768
vt -2.257917 0.882563
vt -1.662567 0.544083
vt -1.651854 0.549933
vt -1.640418 0.554198
vt -1.628491 0.556792
vt -1.616317 0.557663
vt -0.375889 0.882563
vt -1.003471 0.557663
vt -0.991297 0.556792
vt -0.979370 0.554198
vt -0.967934 0.549933
vt -0.957222 0.544083
vt -0.947450 0.536768
vt -0.938820 0.528138
vt -0.931505 0.518367
vt -0.925656 0.507654
vt -0.921390 0.496218
vt -0.918795 0.484291
vt -0.917925 0.472117
vt -3.169606 0.472117
vt -3.169606 0.370716
vt -3.084059 0.370716
vt -3.169368 0.361710
vt -3.168657 0.352728
vt -3.083572 0.361605
vt -3.167474 0.343796
vt -3.082118 0.352598
vt -3.079713 0.343796
vt -3.084059 0.472117
vt -3.168657 0.352728
vt -3.083572 0.361605
vt -3.167474 0.343796
vt -3.082118 0.352598
vt -3.079713 0.343796
vt -3.084059 0.370716
vt -3.169368 0.361710
vt -3.169606 0.370716
vt -3.169606 0.472117
vt -3.084059 0.472117
vt -3.077482 0.337827
vt -3.165905 0.335371
vt -3.074887 0.332180
vt -3.163892 0.326942
vt -3.071917 0.326825
vt -3.068424 0.321534
vt -3.161479 0.318648
vt -3.064516 0.316430
vt -3.158708 0.310631
vt -3.060321 0.311652
vt -3.055964 0.307342
vt -3.155636 0.303016
vt -3.051497 0.303557
vt -3.041587 0.296822
vt -3.152365 0.295891
vt -3.030546 0.291394
vt -3.149002 0.289331
vt -3.024695 0.289277
vt -3.018682 0.287586
vt -3.012565 0.286335
vt -3.145656 0.283413
vt -3.006402 0.285534
vt -3.145656 0.910526
vt -3.142344 0.904671
vt -3.139050 0.898144
vt -3.135915 0.891023
vt -2.921453 0.896178
vt -2.921453 0.885466
vt -3.133089 0.883391
vt -2.921453 0.874030
vt -3.130730 0.875333
vt -3.128955 0.866972
vt -2.921453 0.862103
vt -3.127836 0.858455
vt -3.127447 0.849928
vt -3.127447 0.237083
vt -3.127836 0.228557
vt -2.921453 0.224909
vt -3.128955 0.220040
vt -2.921453 0.212982
vt -2.921453 0.201546
vt -2.921453 0.190833
vt -3.139050 0.188868
vt -3.142344 0.182341
vt -3.145656 0.176486
vt -3.130730 0.211679
vt -3.133089 0.203621
vt -3.135915 0.195989
vt -3.149002 0.289331
vt -3.012565 0.286335
vt -3.145656 0.283413
vt -3.006402 0.285534
vt -3.152365 0.295891
vt -3.030546 0.291394
vt -3.024695 0.289277
vt -3.018682 0.287586
vt -3.041587 0.296822
vt -3.155636 0.303016
vt -3.051497 0.303557
vt -3.055964 0.307342
vt -3.158708 0.310631
vt -3.060321 0.311652
vt -3.064516 0.316430
vt -3.161479 0.318648
vt -3.068424 0.321534
vt -3.163892 0.326942
vt -3.071917 0.326825
vt -3.074887 0.332180
vt -3.165905 0.335371
vt -3.077482 0.337827
vt -3.169606 0.484291
vt -3.084059 0.484291
vt -3.169606 0.496218
vt -3.084059 0.496218
vt -3.169606 0.507654
vt -3.084059 0.507654
vt -3.169606 0.518367
vt -3.084059 0.518367
vt -3.169606 0.528138
vt -3.084059 0.528138
vt -3.169606 0.914580
vt -3.084059 0.914580
vt -3.169606 0.905950
vt -3.084059 0.905950
vt -3.169606 0.896178
vt -3.084059 0.896178
vt -3.169606 0.885466
vt -3.084059 0.885466
vt -3.169606 0.874030
vt -3.084059 0.874030
vt -3.169606 0.862103
vt -3.084059 0.862103
vt -3.169606 0.849928
vt -3.084059 0.849928
vt -3.084059 0.237083
vt -3.169606 0.237083
vt -3.169606 0.224909
vt -3.084059 0.224909
vt -3.169606 0.212982
vt -3.084059 0.212982
vt -3.169606 0.201546
vt -3.084059 0.201546
vt -3.169606 0.190833
vt -3.084059 0.190833
vt -3.169606 0.181062
vt -3.084059 0.181062
vt -3.169606 0.536768
vt -3.084059 0.536768
vt -3.169606 0.528138
vt -3.084059 0.528138
vt -3.169606 0.518367
vt -3.084059 0.518367
vt -3.169606 0.507654
vt -3.084059 0.507654
vt -3.169606 0.496218
vt -3.084059 0.496218
vt -3.169606 0.484291
vt -3.084059 0.484291
vt -2.343464 0.799728
vt -2.343464 0.286650
vt -2.172370 0.799728
vt -2.172370 0.286650
vt 0.391741 -0.318971
vt 0.391741 -0.490064
vt 0.409180 -0.318971
vt 0.409180 -0.490064
vt 0.426520 -0.318971
vt 0.426520 -0.490064
vt 0.443581 -0.318971
vt 0.443581 -0.490064
vt 0.460185 -0.318971
vt 0.460185 -0.490064
vt 0.476160 -0.318971
vt 0.476160 -0.490064
vt 0.491341 -0.318971
vt 0.491341 -0.490064
vt 0.505568 -0.318971
vt 0.505568 -0.490064
vt 0.518695 -0.318971
vt 0.518695 -0.490064
vt -2.172370 1.022909
vt -2.343464 1.022909
vt -2.172370 1.010152
vt -2.343464 1.010152
vt -2.172370 0.996250
vt -2.343464 0.996250
vt -2.172370 0.981349
vt -2.343464 0.981349
vt -2.172370 0.965602
vt -2.343464 0.965602
vt -2.172370 0.949175
vt -2.343464 0.949175
vt -2.172370 0.932237
vt -2.343464 0.932237
vt -2.172370 0.914964
vt -2.343464 0.914964
vt -2.172370 0.897536
vt -2.343464 0.897536
vt -2.172370 0.880134
vt -2.343464 0.880134
vt -2.172370 0.862939
vt -2.343464 0.862939
vt -2.172370 0.846130
vt -2.343464 0.846130
vt -2.172370 0.829880
vt -2.343464 0.829880
vt -2.172370 0.814359
vt -2.343464 0.814359
vt -0.290342 0.286650
vt -0.632529 0.284516
vt -0.461435 0.286650
vt -0.632529 0.300574
vt -0.461435 0.302374
vt -0.632529 0.317414
vt -0.461435 0.318819
vt -0.632529 0.334848
vt -0.461435 0.335811
vt -0.632529 0.352699
vt -0.461435 0.353171
vt -0.461435 0.370716
vt -0.917925 0.361710
vt -0.917925 0.370716
vt -0.290342 0.272686
vt -0.632529 0.269418
vt -0.948729 0.278069
vt -0.955256 0.273153
vt -0.962377 0.268779
vt -0.970009 0.265066
vt -0.978067 0.262120
vt -0.632529 0.255448
vt -0.974716 0.255448
vt -3.124949 0.878684
vt -3.124949 1.220871
vt -3.112095 0.878684
vt -3.112095 0.536497
vt -3.097975 0.536497
vt -3.097975 0.194310
vt -3.082747 0.194310
vt -3.082747 -0.147877
vt -3.066580 -0.147877
vt -3.077258 -0.490064
vt -3.062260 -0.490064
vt -3.049655 -0.147877
vt -3.046668 -0.490064
vt -3.032160 -0.147877
vt -3.030629 -0.490064
vt -3.032160 0.194310
vt -3.032160 0.536497
vt -3.049655 0.536497
vt -3.049655 0.878684
vt -3.066580 0.878684
vt -3.066580 1.220871
vt -3.082747 1.220871
vt -3.077258 1.563058
vt -3.091524 1.563058
vt -3.097975 1.220871
vt -3.104925 1.563058
vt -3.112095 1.220871
vt -3.117336 1.563058
vt -0.290342 0.247615
vt -0.290342 0.259634
vt -3.062260 1.563058
vt -3.049655 1.220871
vt -3.032160 0.878684
vt -3.046668 1.563058
vt -3.032160 1.220871
vt -3.030629 1.563058
vt -3.091524 -0.490064
vt -3.097975 -0.147877
vt -3.112095 0.194310
vt -3.124949 0.536497
vt -1.316903 0.255448
vt -1.003471 0.258250
vt -0.994945 0.258688
vt -3.104925 -0.490064
vt -3.112095 -0.147877
vt -3.124949 0.194310
vt -1.659090 0.255448
vt -1.616317 0.258250
vt -3.117336 -0.490064
vt -3.124949 -0.147877
vt -2.001277 0.255448
vt -1.657411 0.268779
vt -1.649779 0.265066
vt -2.343464 0.247615
vt -2.343464 0.259634
vt -2.001277 0.269418
vt -1.664532 0.273153
vt -1.671059 0.278069
vt -2.001277 0.284516
vt -1.676914 0.283413
vt -1.682269 0.289331
vt -2.001277 0.300574
vt -1.687170 0.295891
vt -1.691508 0.303016
vt -1.695172 0.310631
vt -2.001277 0.317414
vt -1.698069 0.318648
vt -1.700164 0.326942
vt -2.001277 0.334848
vt -1.701435 0.335371
vt -1.701863 0.343796
vt -2.001277 0.352699
vt -1.701863 0.352728
vt -1.701863 0.361710
vt -2.172370 0.353171
vt -2.172370 0.370716
vt -2.343464 0.272686
vt -2.343464 0.286650
vt -2.172370 0.286650
vt -2.172370 0.302374
vt -2.172370 0.318819
vt -2.172370 0.335811
vt -1.701863 0.370716
vt -1.641721 0.262120
vt -1.633360 0.259986
vt -1.624843 0.258688
vt -0.986428 0.259986
vt -0.942874 0.283413
vt -0.937519 0.289331
vt -0.932618 0.295891
vt -0.928280 0.303016
vt -0.924616 0.310631
vt -0.921719 0.318648
vt -0.919624 0.326942
vt -0.918353 0.335371
vt -0.917925 0.343796
vt -0.917925 0.352728
vt -3.097975 0.878684
vt -3.082747 0.536497
vt -3.066580 0.194310
vt -3.082747 0.878684
vt -3.066580 0.536497
vt -3.049655 0.194310
vt -2.172370 0.799728
vt -2.343464 0.799728
vt -2.172370 0.814359
vt -2.343464 0.814359
vt -2.172370 0.829880
vt -2.343464 0.829880
vt -2.172370 0.846130
vt -2.343464 0.846130
vt -2.172370 0.862939
vt -2.343464 0.862939
vt -2.172370 0.880134
vt -2.343464 0.880134
vt -2.172370 0.897536
vt -2.343464 0.897536
vt -2.172370 0.914964
vt -2.343464 0.914964
vt -2.172370 0.932237
vt -2.343464 0.932237
vt -2.172370 0.949175
vt -2.343464 0.949175
vt -2.172370 0.965602
vt -2.343464 0.965602
vt -2.172370 0.981349
vt -2.343464 0.981349
vt -2.172370 0.996250
vt -2.343464 0.996250
vt -2.172370 1.010152
vt -2.343464 1.010152
vt -2.172370 1.022909
vt -2.343464 1.022909
vt -3.499270 -0.318971
vt -3.499270 -0.490064
vt -3.486143 -0.318971
vt -3.486143 -0.490064
vt -3.471916 -0.318971
vt -3.471916 -0.490064
vt -3.456736 -0.318971
vt -3.456736 -0.490064
vt -3.440760 -0.318971
vt -3.440760 -0.490064
vt -3.424156 -0.318971
vt -3.424156 -0.490064
vt -3.407096 -0.318971
vt -3.407096 -0.490064
vt -3.389756 -0.318971
vt -3.389756 -0.490064
vt -3.372316 -0.318971
vt -3.372316 -0.490064
vt -0.461435 0.370716
vt -0.461435 0.882563
vt -2.172370 0.370716
vt -2.172370 0.882563
vt -0.290342 0.272686
vt -0.290342 0.286650
vt -0.632529 0.284516
vt -0.461435 0.286650
vt -0.632529 0.300574
vt -0.461435 0.302374
vt -0.632529 0.317414
vt -0.461435 0.318819
vt -0.632529 0.334848
vt -0.461435 0.335811
vt -0.632529 0.352682
vt -0.461435 0.353171
vt -2.172370 0.353171
vt -2.001277 0.352682
vt -1.659090 0.352682
vt -1.316903 0.352682
vt -1.316903 0.334848
vt -0.974716 0.334848
vt -0.974716 0.317414
vt -2.172370 0.335811
vt -2.001277 0.334848
vt -1.659090 0.334848
vt -1.659090 0.317414
vt -1.316903 0.317414
vt -1.316903 0.300574
vt -0.974716 0.300574
vt -0.974716 0.284516
vt -0.632529 0.269418
vt -0.290342 0.259634
vt -0.632529 0.255448
vt -0.290342 0.247615
vt 0.136760 1.563058
vt 0.144373 1.220871
vt 0.131519 1.220871
vt 0.124349 1.563058
vt 0.117399 1.220871
vt 0.110949 1.563058
vt 0.102171 1.220871
vt 0.096682 1.563058
vt 0.086005 1.220871
vt 0.081684 1.563058
vt 0.069080 1.220871
vt 0.066093 1.563058
vt 0.051585 1.220871
vt 0.050053 1.563058
vt 0.051585 0.878684
vt 0.051585 0.536497
vt 0.069080 0.536497
vt 0.069080 0.194310
vt 0.086005 0.194310
vt 0.086005 -0.147877
vt 0.102171 -0.147877
vt 0.096682 -0.490064
vt 0.110949 -0.490064
vt 0.117399 -0.147877
vt 0.124349 -0.490064
vt 0.131519 -0.147877
vt 0.136760 -0.490064
vt 0.144373 -0.147877
vt -2.343464 0.247615
vt -2.001277 0.255448
vt -2.343464 0.259634
vt -2.001277 0.269418
vt -2.343464 0.272686
vt -2.001277 0.284516
vt -2.001277 0.300574
vt -2.172370 0.302374
vt -2.001277 0.317414
vt -2.172370 0.318819
vt 0.081684 -0.490064
vt 0.069080 -0.147877
vt 0.051585 0.194310
vt 0.066093 -0.490064
vt 0.051585 -0.147877
vt 0.050053 -0.490064
vt -1.659090 0.300574
vt -1.316903 0.284516
vt -1.659090 0.284516
vt -1.316903 0.269418
vt -1.659090 0.269418
vt -1.316903 0.255448
vt -1.659090 0.255448
vt 0.144373 0.536497
vt 0.144373 0.194310
vt 0.131519 0.536497
vt 0.131519 0.194310
vt 0.117399 0.536497
vt 0.117399 0.194310
vt 0.102171 0.536497
vt 0.102171 0.194310
vt 0.086005 0.536497
vt -0.974716 0.269418
vt -0.974716 0.352682
vt -0.974716 0.255448
vt 0.144373 0.878684
vt 0.131519 0.878684
vt 0.117399 0.878684
vt 0.102171 0.878684
vt 0.086005 0.878684
vt 0.069080 0.878684
vt -0.947450 0.536768
vt -0.461435 0.882563
vt -0.957222 0.544083
vt -0.967934 0.549933
vt -0.917925 0.472117
vt -0.918795 0.484291
vt -0.921390 0.496218
vt -0.925656 0.507654
vt -0.931505 0.518367
vt -0.938820 0.528138
vt -0.979370 0.554198
vt -0.991297 0.556792
vt -1.003471 0.557663
vt -1.616317 0.557663
vt -2.172370 0.882563
vt -1.628491 0.556792
vt -1.640418 0.554198
vt -1.651854 0.549933
vt -1.662567 0.544083
vt -1.672338 0.536768
vt -1.680968 0.528138
vt -1.688283 0.518367
vt -1.694133 0.507654
vt -1.698398 0.496218
vt -1.700993 0.484291
vt -1.701863 0.472117
vt -0.290342 0.799728
vt -0.461435 0.799728
vt -0.461435 0.814359
vt -0.290342 0.814359
vt -0.461435 0.829880
vt -0.290342 0.829880
vt -0.461435 0.846130
vt -0.290342 0.846130
vt -0.461435 0.862939
vt -0.290342 0.862939
vt -0.461435 0.880134
vt -0.290342 0.880134
vt -0.461435 0.897536
vt -0.290342 0.897536
vt -0.461435 0.914964
vt -0.290342 0.914964
vt -0.461435 0.932237
vt -0.290342 0.932237
vt -0.461435 0.949175
vt -0.290342 0.949175
vt -0.461435 0.965602
vt -0.290342 0.965602
vt -0.461435 0.981349
vt -0.290342 0.981349
vt -0.461435 0.996250
vt -0.290342 0.996250
vt -0.461435 1.010152
vt -0.290342 1.010152
vt -0.461435 1.022909
vt -0.290342 1.022909
vt 0.518695 1.391965
vt 0.518695 1.563058
vt 0.505568 1.391965
vt 0.505568 1.563058
vt 0.491341 1.391965
vt 0.491341 1.563058
vt 0.476160 1.391965
vt 0.476160 1.563058
vt 0.460185 1.391965
vt 0.460185 1.563058
vt 0.443581 1.391965
vt 0.443581 1.563058
vt 0.426520 1.391965
vt 0.426520 1.563058
vt 0.409180 1.391965
vt 0.409180 1.563058
vt 0.391741 1.391965
vt 0.391741 1.563058
vt -3.372316 1.391965
vt -3.372316 1.563058
vt -3.389756 1.391965
vt -3.389756 1.563058
vt -3.407096 1.391965
vt -3.407096 1.563058
vt -3.424156 1.391965
vt -3.424156 1.563058
vt -3.440760 1.391965
vt -3.440760 1.563058
vt -3.456736 1.391965
vt -3.456736 1.563058
vt -3.471916 1.391965
vt -3.471916 1.563058
vt -3.486143 1.391965
vt -3.486143 1.563058
vt -3.499270 1.391965
vt -3.499270 1.563058
vt -0.461435 1.022909
vt -0.290342 1.022909
vt -0.461435 1.010152
vt -0.290342 1.010152
vt -0.461435 0.996250
vt -0.290342 0.996250
vt -0.461435 0.981349
vt -0.290342 0.981349
vt -0.461435 0.965602
vt -0.290342 0.965602
vt -0.461435 0.949175
vt -0.290342 0.949175
vt -0.461435 0.932237
vt -0.290342 0.932237
vt -0.461435 0.914964
vt -0.290342 0.914964
vt -0.461435 0.897536
vt -0.290342 0.897536
vt -0.461435 0.880134
vt -0.290342 0.880134
vt -0.461435 0.862939
vt -0.290342 0.862939
vt -0.461435 0.846130
vt -0.290342 0.846130
vt -0.461435 0.829880
vt -0.290342 0.829880
vt -0.461435 0.814359
vt -0.290342 0.814359
vt -0.461435 0.799728
vt -0.290342 0.799728
vt -2.998188 1.563058
vt -2.998188 1.477511
vt -2.993138 1.563058
vt -2.993138 1.477511
vt -2.988093 1.563058
vt -2.988093 1.477511
vt -2.983057 1.563058
vt -2.983057 1.477511
vt -3.084024 1.391965
vt -3.099049 0.365404
vt -3.084024 -0.318971
vt -3.099049 0.023217
vt -3.099049 -0.318971
vt -3.112972 -0.318971
vt -3.112972 0.023217
vt -3.125641 -0.318971
vt -3.125641 0.023217
vt -2.172370 0.997068
vt -1.830183 0.997068
vt -2.172370 0.983148
vt -1.830183 0.983148
vt -2.172370 0.968127
vt -1.830183 0.968127
vt -2.172370 0.952167
vt -1.830183 0.952167
vt -2.172370 0.935445
vt -1.830183 0.935445
vt -2.172370 0.918143
vt -1.830183 0.918143
vt -2.172370 0.900451
vt -1.830183 0.900451
vt -1.487996 0.900451
vt -1.145809 0.900451
vt -1.145809 0.918143
vt -0.803622 0.918143
vt -0.803622 0.935445
vt -0.461435 0.935445
vt -0.461435 0.952167
vt -0.803622 0.952167
vt -0.461435 0.968127
vt -0.803622 0.968127
vt -0.461435 0.983148
vt -0.803622 0.983148
vt -0.461435 0.997068
vt -0.803622 0.997068
vt -3.125641 1.391965
vt -3.125641 1.049778
vt -3.112972 1.391965
vt -3.112972 1.049778
vt -3.099049 1.391965
vt -3.099049 1.049778
vt -3.099049 0.707591
vt -3.112972 0.365404
vt -0.461435 0.918143
vt -0.803622 0.900451
vt -0.461435 0.900451
vt -3.112972 0.707591
vt -3.125641 0.707591
vt -1.145809 0.997068
vt -1.145809 0.983148
vt -1.145809 0.968127
vt -1.145809 0.952167
vt -1.145809 0.935445
vt -3.125641 0.365404
vt -1.487996 0.997068
vt -1.487996 0.983148
vt -1.487996 0.968127
vt -1.487996 0.952167
vt -1.487996 0.935445
vt -1.487996 0.918143
vt -2.983057 -0.490064
vt -2.983057 -0.404517
vt -2.988093 -0.490064
vt -2.988093 -0.404517
vt -2.993138 -0.490064
vt -2.993138 -0.404517
vt -2.998188 -0.490064
vt -2.998188 -0.404517
vt -2.807835 1.563058
vt -2.807835 1.477511
vt -2.632464 1.563058
vt -2.632464 1.477511
vt -2.456964 1.563058
vt -2.456964 1.477511
vt -2.281354 1.563058
vt -2.281354 1.477511
vt -2.105654 1.563058
vt -2.105654 1.477511
vt -1.929885 1.563058
vt -1.929885 1.477511
vt -1.754066 1.563058
vt -1.754066 1.477511
vt -1.578217 1.563058
vt -1.578217 1.477511
vt -1.402358 1.563058
vt -1.402358 1.477511
vt -1.226509 1.563058
vt -1.226509 1.477511
vt -1.050691 1.563058
vt -1.050691 1.477511
vt -0.874921 1.563058
vt -0.874921 1.477511
vt -0.699222 1.563058
vt -0.699222 1.477511
vt -0.523612 1.563058
vt -0.523612 1.477511
vt -0.348111 1.563058
vt -0.348111 1.477511
vt -0.172740 1.563058
vt -0.172740 1.477511
vt 0.002482 1.563058
vt 0.002482 1.477511
vt 0.002482 -0.490064
vt 0.002482 -0.404517
vt -0.172740 -0.490064
vt -0.172740 -0.404517
vt -0.348111 -0.490064
vt -0.348111 -0.404517
vt -0.523612 -0.490064
vt -0.523612 -0.404517
vt -0.699222 -0.490064
vt -0.699222 -0.404517
vt -0.874921 -0.490064
vt -0.874921 -0.404517
vt -1.050691 -0.490064
vt -1.050691 -0.404517
vt -1.226509 -0.490064
vt -1.226509 -0.404517
vt -1.402358 -0.490064
vt -1.402358 -0.404517
vt -1.578217 -0.490064
vt -1.578217 -0.404517
vt -1.754066 -0.490064
vt -1.754066 -0.404517
vt -1.929885 -0.490064
vt -1.929885 -0.404517
vt -2.105654 -0.490064
vt -2.105654 -0.404517
vt -2.281354 -0.490064
vt -2.281354 -0.404517
vt -2.456964 -0.490064
vt -2.456964 -0.404517
vt -2.632464 -0.490064
vt -2.632464 -0.404517
vt -2.807835 -0.490064
vt -2.807835 -0.404517
vt 0.007517 1.563058
vt 0.007517 1.477511
vt 0.012562 1.563058
vt 0.012562 1.477511
vt 0.017612 1.563058
vt 0.017612 1.477511
vt 0.103449 -0.318971
vt 0.118473 0.707591
vt 0.103449 1.391965
vt 0.118473 1.049778
vt 0.118473 1.391965
vt 0.132397 1.391965
vt 0.132397 1.049778
vt 0.145065 1.391965
vt 0.145065 1.049778
vt -0.461435 0.997067
vt -0.803622 0.997067
vt -0.461435 0.983148
vt -0.803622 0.983148
vt -0.461435 0.968127
vt -0.803622 0.968127
vt -0.461435 0.952167
vt -0.803622 0.952167
vt -0.461435 0.935445
vt -0.803622 0.935445
vt -0.461435 0.918143
vt -0.803622 0.918143
vt -0.461435 0.900451
vt -0.803622 0.900451
vt -1.145809 0.900451
vt -1.487996 0.900451
vt -1.487996 0.918143
vt -1.830183 0.918143
vt -1.830183 0.935445
vt -2.172370 0.935445
vt -2.172370 0.952167
vt -1.830183 0.952167
vt -2.172370 0.968127
vt -1.830183 0.968127
vt -2.172370 0.983148
vt -1.830183 0.983148
vt -2.172370 0.997067
vt -1.830183 0.997067
vt 0.145065 -0.318971
vt 0.145065 0.023217
vt 0.132397 -0.318971
vt 0.132397 0.023217
vt 0.118473 -0.318971
vt 0.118473 0.023217
vt 0.118473 0.365404
vt 0.132397 0.707591
vt -2.172370 0.918143
vt -1.830183 0.900451
vt -2.172370 0.900451
vt 0.132397 0.365404
vt 0.145065 0.365404
vt -1.487996 0.997067
vt -1.487996 0.983148
vt -1.487996 0.968127
vt -1.487996 0.952167
vt -1.487996 0.935445
vt 0.145065 0.707591
vt -1.145809 0.997067
vt -1.145809 0.983148
vt -1.145809 0.968127
vt -1.145809 0.952167
vt -1.145809 0.935445
vt -1.145809 0.918143
vt 0.017612 -0.490064
vt 0.017612 -0.404517
vt 0.012562 -0.490064
vt 0.012562 -0.404517
vt 0.007517 -0.490064
vt 0.007517 -0.404517
vt -3.084024 -0.318971
vt -3.084024 -0.404517
vt -3.084024 1.030754
vt -3.099049 1.021001
vt -3.084024 1.057622
vt -3.112972 1.009731
vt -3.125641 0.997068
vt -3.372316 1.070944
vt -3.136916 0.983148
vt -3.146673 0.968127
vt -3.154807 0.952167
vt -3.161228 0.935445
vt -3.165865 0.918143
vt -3.168668 0.900451
vt -3.169606 0.882563
vt -3.550147 0.880134
vt -3.169606 0.370716
vt -3.547238 0.862939
vt -3.542594 0.846130
vt -3.536264 0.829880
vt -3.528312 0.814359
vt -3.518821 0.799728
vt -3.168704 0.353171
vt -3.166007 0.335811
vt -3.161545 0.318819
vt -3.155364 0.302374
vt -3.147528 0.286650
vt -3.551289 0.897536
vt -3.538245 0.965602
vt -3.530749 0.981349
vt -3.521690 0.996250
vt -3.550655 0.914964
vt -3.548250 0.932237
vt -3.544098 0.949175
vt -3.511159 1.010152
vt -3.499270 1.022909
vt -3.486143 1.034391
vt -3.471916 1.044476
vt -3.456736 1.053061
vt -3.440760 1.060055
vt -3.424156 1.065387
vt -3.407096 1.069001
vt -3.389756 1.070860
vt 0.103449 -0.318971
vt 0.103449 -0.404517
vt 0.103449 1.030754
vt 0.103449 1.057622
vt 0.118473 1.021001
vt 0.132397 1.009731
vt 0.145065 0.997067
vt 0.391741 1.070944
vt 0.156340 0.983148
vt 0.166098 0.968127
vt 0.174232 0.952167
vt 0.180652 0.935445
vt 0.185290 0.918143
vt 0.188093 0.900451
vt 0.189031 0.882563
vt 0.569571 0.880134
vt 0.189031 0.370716
vt 0.566662 0.862939
vt 0.562019 0.846130
vt 0.409180 1.070860
vt 0.426520 1.069001
vt 0.443581 1.065387
vt 0.460185 1.060055
vt 0.476160 1.053061
vt 0.491341 1.044476
vt 0.505568 1.034391
vt 0.518695 1.022909
vt 0.530585 1.010152
vt 0.541114 0.996250
vt 0.550173 0.981349
vt 0.557669 0.965602
vt 0.563522 0.949175
vt 0.570714 0.897536
vt 0.567674 0.932237
vt 0.570080 0.914964
vt 0.555689 0.829880
vt 0.547737 0.814359
vt 0.538246 0.799728
vt 0.166953 0.286650
vt 0.174788 0.302374
vt 0.180969 0.318819
vt 0.185432 0.335811
vt 0.188128 0.353171
vt -3.084024 1.030754
vt -3.084024 1.057622
vt -3.099049 1.021001
vt -3.112972 1.009731
vt -3.125641 0.997068
vt -3.372316 1.070944
vt -3.136916 0.983148
vt -3.146673 0.968127
vt -3.154807 0.952167
vt -3.161228 0.935445
vt -3.165865 0.918143
vt -3.168668 0.900451
vt -3.169606 0.882563
vt -3.550147 0.880134
vt -3.169606 0.370716
vt -3.547238 0.862939
vt -3.542594 0.846130
vt -3.389756 1.070860
vt -3.407096 1.069001
vt -3.424156 1.065387
vt -3.440760 1.060055
vt -3.456736 1.053061
vt -3.471916 1.044476
vt -3.486143 1.034391
vt -3.499270 1.022909
vt -3.511159 1.010152
vt -3.521690 0.996250
vt -3.530749 0.981349
vt -3.538245 0.965602
vt -3.544098 0.949175
vt -3.551289 0.897536
vt -3.548250 0.932237
vt -3.550655 0.914964
vt -3.536264 0.829880
vt -3.528312 0.814359
vt -3.518821 0.799728
vt -3.147528 0.286650
vt -3.155364 0.302374
vt -3.161545 0.318819
vt -3.166007 0.335811
vt -3.168704 0.353171
vt 0.103449 1.030754
vt 0.118473 1.021001
vt 0.103449 1.057622
vt 0.132397 1.009731
vt 0.145065 0.997067
vt 0.391741 1.070944
vt 0.156340 0.983148
vt 0.166098 0.968127
vt 0.174232 0.952167
vt 0.180652 0.935445
vt 0.185290 0.918143
vt 0.188093 0.900451
vt 0.189031 0.882563
vt 0.569571 0.880134
vt 0.189031 0.370716
vt 0.566662 0.862939
vt 0.562019 0.846130
vt 0.555689 0.829880
vt 0.547737 0.814359
vt 0.538246 0.799728
vt 0.188128 0.353171
vt 0.185432 0.335811
vt 0.180969 0.318819
vt 0.174788 0.302374
vt 0.166953 0.286650
vt 0.570714 0.897536
vt 0.557669 0.965602
vt 0.550173 0.981349
vt 0.541114 0.996250
vt 0.570080 0.914964
vt 0.567674 0.932237
vt 0.563522 0.949175
vt 0.530585 1.010152
vt 0.518695 1.022909
vt 0.505568 1.034391
vt 0.491341 1.044476
vt 0.476160 1.053061
vt 0.460185 1.060055
vt 0.443581 1.065387
vt 0.426520 1.069001
vt 0.409180 1.070860
vt -3.084024 1.477511
vt -3.084024 1.391965
vt 0.103449 1.477511
vt 0.103449 1.391965
vt -2.257917 0.885010
vt -2.257917 0.884194
vt -0.375889 0.885010
vt -0.375889 0.884194
vt -0.375889 0.883378
vt -2.257917 0.883378
vt 0.103449 1.057622
vt 0.017612 1.053656
vt 0.103449 0.885006
vt 0.002482 1.052957
vt -0.172740 1.038003
vt 0.012562 1.053571
vt 0.007517 1.053338
vt -0.348111 1.024915
vt -0.523612 1.013694
vt 0.103468 0.884192
vt 0.103480 0.883377
vt 0.103484 0.882563
vt -0.699222 1.004342
vt -0.874921 0.996858
vt -1.050691 0.991245
vt 0.103484 0.370716
vt -1.226509 0.987502
vt -0.815690 0.229323
vt -0.984277 0.223265
vt -1.152918 0.218938
vt -1.402358 0.985631
vt -1.321594 0.216342
vt -1.490288 0.215476
vt -1.578217 0.985631
vt -1.658982 0.216342
vt -1.827657 0.218938
vt -1.754066 0.987502
vt -1.996298 0.223265
vt -2.164886 0.229323
vt -3.084059 0.370716
vt -2.333402 0.237110
vt -2.501829 0.246625
vt -2.670150 0.257869
vt -2.838347 0.270839
vt -3.083126 0.358115
vt -3.080346 0.345788
vt -1.929885 0.991245
vt -3.084059 0.882563
vt -2.105654 0.996858
vt -2.281354 1.004342
vt -2.456964 1.013694
vt -3.084055 0.883378
vt -3.084043 0.884194
vt -3.084024 0.885010
vt -2.632464 1.024915
vt -2.807835 1.038003
vt -2.983057 1.052957
vt -2.998188 1.053656
vt -3.084024 1.057622
vt -2.988093 1.053338
vt -2.993138 1.053571
vt -3.075781 0.334005
vt -3.069530 0.323023
vt -3.061730 0.313082
vt -3.052551 0.304398
vt -3.006402 0.285534
vt -3.042193 0.297162
vt -3.030881 0.291530
vt -3.018863 0.287625
vt -0.647174 0.237110
vt -0.478746 0.246625
vt -0.310426 0.257869
vt -0.142229 0.270839
vt 0.102550 0.358115
vt 0.099771 0.345788
vt 0.095206 0.334005
vt 0.088955 0.323023
vt 0.081155 0.313082
vt 0.071976 0.304398
vt 0.025826 0.285534
vt 0.061617 0.297162
vt 0.050306 0.291530
vt 0.038287 0.287625
vt -2.257917 0.885006
vt -0.375889 0.885006
vt -2.257917 0.884192
vt -0.375889 0.884192
vt -2.257917 0.883377
vt -0.375889 0.883377
vt -2.257917 1.057622
vt -2.172370 1.030754
vt -0.461435 1.030754
vt -0.375889 1.057622
vt -0.461435 1.057622
vt -2.172370 1.057622
vt -2.172370 1.030754
vt -0.461435 1.030754
vt -0.375889 1.057622
vt -0.461435 1.057622
vt -2.257917 1.057622
vt -2.172370 1.057622
vn 0.0000 -1.0000 0.0000
vn 0.0000 -1.0000 0.0001
vn 0.0000 -1.0000 -0.0001
vn 0.0000 -1.0000 0.0002
vn 0.0853 0.0000 -0.9964
vn 0.0922 -0.0000 -0.9957
vn 0.0922 -0.0001 -0.9957
vn 0.0820 -0.0002 -0.9966
vn 0.0851 -0.0000 -0.9964
vn 0.0850 -0.0000 -0.9964
vn 0.0847 0.0000 -0.9964
vn 0.0846 -0.0000 -0.9964
vn 0.0843 -0.0001 -0.9964
vn 0.0835 0.0000 -0.9965
vn 0.0830 0.0000 -0.9965
vn 0.0824 0.0000 -0.9966
vn 0.0818 -0.0000 -0.9967
vn 0.0811 0.0000 -0.9967
vn 0.0802 0.0000 -0.9968
vn 0.0796 0.0000 -0.9968
vn 0.0792 -0.0001 -0.9969
vn 0.0778 0.0001 -0.9970
vn 0.0770 -0.0000 -0.9970
vn 0.0718 -0.0003 -0.9974
vn 0.0760 0.0000 -0.9971
vn 0.0749 0.0001 -0.9972
vn 0.0738 0.0000 -0.9973
vn 0.0729 -0.0000 -0.9973
vn 0.0718 0.0000 -0.9974
vn 0.0702 0.0000 -0.9975
vn 0.0690 0.0000 -0.9976
vn 0.0676 0.0002 -0.9977
vn 0.0663 0.0002 -0.9978
vn 0.0615 0.0001 -0.9981
vn 0.0652 -0.0002 -0.9979
vn 0.0638 -0.0001 -0.9980
vn 0.0624 -0.0000 -0.9980
vn 0.0606 -0.0000 -0.9982
vn 0.0597 -0.0000 -0.9982
vn 0.0583 -0.0002 -0.9983
vn 0.0569 0.0000 -0.9984
vn 0.0513 -0.0004 -0.9987
vn 0.0555 0.0001 -0.9985
vn 0.0544 0.0002 -0.9985
vn 0.0531 0.0001 -0.9986
vn 0.0513 0.0000 -0.9987
vn 0.0500 -0.0000 -0.9988
vn 0.0486 -0.0001 -0.9988
vn 0.0473 0.0000 -0.9989
vn 0.0457 -0.0003 -0.9990
vn 0.0410 -0.0003 -0.9992
vn 0.0447 0.0000 -0.9990
vn 0.0432 -0.0001 -0.9991
vn 0.0420 -0.0000 -0.9991
vn 0.0413 -0.0000 -0.9991
vn 0.0396 -0.0000 -0.9992
vn 0.0385 -0.0001 -0.9993
vn 0.0378 0.0000 -0.9993
vn 0.0365 -0.0001 -0.9993
vn 0.0308 0.0001 -0.9995
vn 0.0358 0.0000 -0.9994
vn 0.0348 -0.0000 -0.9994
vn 0.0340 -0.0000 -0.9994
vn 0.0330 -0.0000 -0.9995
vn 0.0323 -0.0000 -0.9995
vn 0.0316 -0.0000 -0.9995
vn 0.0313 0.0000 -0.9995
vn 0.0308 0.0000 -0.9995
vn 0.0300 -0.0000 -0.9996
vn 0.0295 -0.0000 -0.9996
vn 0.0290 -0.0000 -0.9996
vn 0.0288 -0.0000 -0.9996
vn 0.0286 -0.0000 -0.9996
vn 0.0205 -0.0001 -0.9998
vn 0.0284 0.0000 -0.9996
vn 0.0205 0.0001 -0.9998
vn 0.0285 -0.0000 -0.9996
vn 0.0308 -0.0002 -0.9995
vn 0.0307 -0.0000 -0.9995
vn 0.0310 0.0000 -0.9995
vn 0.0342 -0.0000 -0.9994
vn 0.0357 0.0000 -0.9994
vn 0.0366 0.0001 -0.9993
vn 0.0410 0.0003 -0.9992
vn 0.0385 0.0001 -0.9993
vn 0.0432 0.0001 -0.9991
vn 0.0444 0.0002 -0.9990
vn 0.0460 0.0000 -0.9989
vn 0.0513 0.0004 -0.9987
vn 0.0471 0.0002 -0.9989
vn 0.0486 0.0001 -0.9988
vn 0.0530 -0.0000 -0.9986
vn 0.0544 -0.0002 -0.9985
vn 0.0555 0.0003 -0.9985
vn 0.0568 0.0003 -0.9984
vn 0.0615 -0.0002 -0.9981
vn 0.0583 0.0002 -0.9983
vn 0.0638 0.0001 -0.9980
vn 0.0652 0.0002 -0.9979
vn 0.0664 0.0000 -0.9978
vn 0.0718 0.0003 -0.9974
vn 0.0677 -0.0000 -0.9977
vn 0.0693 0.0001 -0.9976
vn 0.0705 0.0000 -0.9975
vn 0.0726 -0.0000 -0.9974
vn 0.0737 -0.0001 -0.9973
vn 0.0748 -0.0001 -0.9972
vn 0.0762 0.0001 -0.9971
vn 0.0820 0.0002 -0.9966
vn 0.0778 -0.0001 -0.9970
vn 0.0788 0.0000 -0.9969
vn 0.0804 -0.0000 -0.9968
vn 0.0808 -0.0000 -0.9967
vn 0.0821 -0.0000 -0.9966
vn 0.0828 0.0000 -0.9966
vn 0.0833 0.0000 -0.9965
vn 0.0838 0.0000 -0.9965
vn 0.0843 0.0001 -0.9964
vn 0.0103 0.0000 -0.9999
vn -0.0000 0.0000 -1.0000
vn -0.0103 0.0000 -0.9999
vn -0.0205 0.0000 -0.9998
vn -0.0308 0.0000 -0.9995
vn -0.0410 0.0000 -0.9992
vn -0.0513 0.0000 -0.9987
vn -0.0615 0.0000 -0.9981
vn -0.0718 0.0000 -0.9974
vn -0.0820 0.0000 -0.9966
vn -0.0922 0.0000 -0.9957
vn 0.0000 1.0000 0.0000
vn 0.0000 1.0000 0.0028
vn 0.0000 1.0000 0.0001
vn -0.0000 1.0000 -0.0001
vn -0.2379 -0.0000 0.9713
vn -0.0922 0.0001 0.9957
vn -0.3784 -0.0000 0.9257
vn -0.5106 -0.0000 0.8598
vn -0.6317 -0.0000 0.7752
vn -0.7390 0.0000 0.6737
vn -0.8302 -0.0000 0.5575
vn -0.9032 0.0000 0.4291
vn -0.9566 0.0000 0.2914
vn -0.9891 0.0000 0.1473
vn -1.0000 0.0000 0.0000
vn -0.0922 -0.0000 0.9957
vn 0.9231 -0.0000 0.3844
vn 0.9492 0.0001 0.3147
vn 0.9566 0.0000 0.2914
vn 0.9773 -0.0002 0.2118
vn 0.9891 -0.0000 0.1473
vn 0.9943 -0.0003 0.1063
vn 1.0000 0.0000 0.0000
vn 0.9032 -0.0000 0.4291
vn 0.8302 -0.0000 0.5575
vn 0.7390 -0.0000 0.6737
vn 0.6317 -0.0000 0.7752
vn 0.5106 -0.0000 0.8598
vn 0.3784 -0.0000 0.9257
vn 0.2379 -0.0000 0.9713
vn 0.0922 0.0000 0.9957
vn 0.2377 0.0003 0.9713
vn 0.3783 -0.0001 0.9257
vn 0.5106 0.0002 0.8598
vn 0.6316 0.0004 0.7753
vn 0.7390 0.0005 0.6737
vn 0.9032 0.0001 0.4291
vn 0.1643 -0.0000 0.9864
vn 0.2358 -0.0000 0.9718
vn 0.3061 -0.0000 0.9520
vn 0.3744 -0.0000 0.9272
vn 0.5036 -0.0000 0.8639
vn 0.6194 -0.0000 0.7851
vn 0.6716 -0.0000 0.7409
vn 0.7229 0.0000 0.6909
vn 0.7723 0.0000 0.6352
vn 0.8179 0.0000 0.5754
vn 0.8583 0.0000 0.5132
vn 0.8928 -0.0000 0.4505
vn 0.0722 -0.0000 0.9974
vn 0.0718 -0.0001 0.9974
vn 0.0718 0.0001 0.9974
vn 0.0725 -0.0000 0.9974
vn 0.0744 0.0000 0.9972
vn 0.0704 0.0000 0.9975
vn 0.0717 0.0000 0.9974
vn 0.0723 -0.0000 0.9974
vn 0.0724 -0.0000 0.9974
vn 0.0727 -0.0000 0.9974
vn 0.0731 -0.0000 0.9973
vn 0.0735 -0.0000 0.9973
vn 0.0741 -0.0001 0.9973
vn 0.0747 -0.0001 0.9972
vn 0.0754 0.0001 0.9972
vn 0.0765 -0.0003 0.9971
vn 0.0820 -0.0003 0.9966
vn 0.0777 -0.0003 0.9970
vn 0.0793 -0.0001 0.9969
vn 0.0820 0.0000 0.9966
vn 0.0842 -0.0001 0.9964
vn 0.0867 0.0000 0.9962
vn 0.0922 -0.0002 0.9957
vn 0.0730 -0.0000 0.9973
vn 0.0718 0.0000 0.9974
vn 0.0741 0.0001 0.9973
vn 0.0747 0.0001 0.9972
vn 0.0754 -0.0003 0.9972
vn 0.0765 0.0003 0.9971
vn 0.0820 0.0003 0.9966
vn 0.0777 0.0002 0.9970
vn 0.0793 0.0001 0.9969
vn 0.0842 0.0001 0.9964
vn 0.0871 0.0000 0.9962
vn 0.0615 -0.0000 0.9981
vn 0.0513 -0.0000 0.9987
vn 0.0410 -0.0000 0.9992
vn 0.0308 -0.0000 0.9995
vn 0.0205 -0.0000 0.9998
vn 0.0103 -0.0000 0.9999
vn -0.0000 -0.0000 1.0000
vn -0.0103 -0.0000 0.9999
vn -0.0207 0.0003 0.9998
vn -0.0206 -0.0001 0.9998
vn -0.0233 -0.0000 0.9997
vn -0.0235 -0.0000 0.9997
vn -0.0237 0.0000 0.9997
vn -0.0240 -0.0000 0.9997
vn -0.0243 0.0000 0.9997
vn -0.0247 0.0000 0.9997
vn -0.0254 -0.0000 0.9997
vn -0.0259 0.0000 0.9997
vn -0.0266 0.0000 0.9996
vn -0.0308 -0.0000 0.9995
vn -0.0272 0.0000 0.9996
vn -0.0283 -0.0000 0.9996
vn -0.0292 -0.0000 0.9996
vn -0.0302 -0.0000 0.9995
vn -0.0322 -0.0000 0.9995
vn -0.0334 -0.0000 0.9994
vn -0.0346 -0.0001 0.9994
vn -0.0356 0.0000 0.9994
vn -0.0368 0.0001 0.9993
vn -0.0410 -0.0001 0.9992
vn -0.0382 0.0000 0.9993
vn -0.0394 0.0000 0.9992
vn -0.0413 0.0000 0.9991
vn -0.0425 0.0000 0.9991
vn -0.0440 0.0002 0.9990
vn -0.0458 0.0000 0.9990
vn -0.0513 0.0001 0.9987
vn -0.0475 -0.0001 0.9989
vn -0.0493 -0.0002 0.9988
vn -0.0506 -0.0000 0.9987
vn -0.0525 0.0000 0.9986
vn -0.0538 0.0001 0.9985
vn -0.0555 0.0004 0.9985
vn -0.0572 -0.0002 0.9984
vn -0.0615 -0.0001 0.9981
vn -0.0587 -0.0002 0.9983
vn -0.0601 -0.0000 0.9982
vn -0.0622 -0.0000 0.9981
vn -0.0635 -0.0001 0.9980
vn -0.0653 0.0000 0.9979
vn -0.0670 0.0004 0.9978
vn -0.0718 0.0004 0.9974
vn -0.0684 -0.0003 0.9977
vn -0.0703 0.0000 0.9975
vn -0.0719 -0.0000 0.9974
vn -0.0731 -0.0000 0.9973
vn -0.0750 0.0002 0.9972
vn -0.0761 0.0001 0.9971
vn -0.0774 -0.0000 0.9970
vn -0.0820 0.0003 0.9966
vn -0.0789 0.0001 0.9969
vn -0.0801 0.0001 0.9968
vn -0.0809 -0.0000 0.9967
vn -0.0825 0.0000 0.9966
vn -0.0836 0.0000 0.9965
vn -0.0844 0.0000 0.9964
vn -0.0851 -0.0000 0.9964
vn -0.0861 -0.0000 0.9963
vn -0.0871 0.0000 0.9962
vn -0.0877 0.0000 0.9961
vn -0.0888 0.0001 0.9960
vn -0.0890 -0.0000 0.9960
vn -0.0895 -0.0000 0.9960
vn -0.0899 -0.0000 0.9960
vn -0.0902 -0.0000 0.9959
vn -0.0904 -0.0000 0.9959
vn -0.0909 -0.0000 0.9959
vn -0.0910 -0.0000 0.9958
vn -0.0906 -0.0000 0.9959
vn -0.0903 -0.0000 0.9959
vn -0.0898 0.0000 0.9960
vn -0.0898 -0.0001 0.9960
vn -0.0889 0.0000 0.9960
vn -0.0883 0.0000 0.9961
vn -0.0820 -0.0003 0.9966
vn -0.0862 -0.0000 0.9963
vn -0.0852 -0.0000 0.9964
vn -0.0842 0.0000 0.9964
vn -0.0813 -0.0000 0.9967
vn -0.0798 0.0000 0.9968
vn -0.0787 0.0000 0.9969
vn -0.0773 0.0001 0.9970
vn -0.0718 0.0000 0.9974
vn -0.0760 -0.0000 0.9971
vn -0.0747 -0.0000 0.9972
vn -0.0686 -0.0002 0.9976
vn -0.0669 -0.0000 0.9978
vn -0.0615 -0.0000 0.9981
vn -0.0638 -0.0001 0.9980
vn -0.0587 0.0003 0.9983
vn -0.0572 0.0002 0.9984
vn -0.0513 -0.0000 0.9987
vn -0.0555 -0.0004 0.9985
vn -0.0538 -0.0001 0.9985
vn -0.0492 0.0001 0.9988
vn -0.0472 -0.0003 0.9989
vn -0.0458 0.0001 0.9989
vn -0.0410 -0.0004 0.9992
vn -0.0441 -0.0002 0.9990
vn -0.0409 0.0000 0.9992
vn -0.0379 -0.0002 0.9993
vn -0.0368 -0.0001 0.9993
vn -0.0308 0.0001 0.9995
vn -0.0355 -0.0001 0.9994
vn -0.0347 0.0001 0.9994
vn -0.0311 -0.0000 0.9995
vn -0.0288 -0.0000 0.9996
vn -0.0282 0.0000 0.9996
vn -0.0258 -0.0000 0.9997
vn -0.0255 0.0001 0.9997
vn -0.0246 -0.0001 0.9997
vn -0.0244 0.0000 0.9997
vn -0.0238 -0.0000 0.9997
vn -0.0236 0.0000 0.9997
vn -0.9989 -0.0474 -0.0000
vn -0.9989 0.0475 0.0000
vn -0.9980 0.0628 -0.0003
vn -0.9954 0.0956 0.0000
vn -0.9921 0.1253 0.0001
vn -0.9896 0.1439 0.0000
vn -0.9823 0.1874 -0.0001
vn -0.9813 0.1925 0.0001
vn -0.9706 0.2408 -0.0000
vn -0.9686 0.2488 0.0001
vn -0.9574 0.2888 0.0000
vn -0.9511 0.3090 0.0001
vn -0.9418 0.3363 -0.0000
vn -0.9298 0.3681 0.0001
vn -0.9237 0.3830 0.0000
vn -0.9048 0.4259 -0.0002
vn -0.9035 0.4286 0.0000
vn -0.8810 0.4732 0.0000
vn -0.8763 0.4817 -0.0002
vn -0.8563 0.5164 0.0000
vn -0.8443 0.5358 -0.0002
vn -0.8297 0.5583 0.0001
vn -0.8090 0.5878 -0.0001
vn -0.8014 0.5982 0.0000
vn -0.7706 0.6374 -0.0002
vn -0.7713 0.6365 0.0000
vn -0.7397 0.6729 0.0000
vn -0.7290 0.6845 -0.0004
vn -0.7069 0.7073 0.0000
vn -0.6845 0.7290 -0.0004
vn -0.6727 0.7399 -0.0000
vn -0.6374 0.7706 -0.0002
vn -0.6363 0.7714 -0.0000
vn -0.5981 0.8015 -0.0000
vn -0.5878 0.8090 -0.0001
vn -0.5579 0.8299 0.0000
vn -0.5358 0.8443 -0.0002
vn -0.5163 0.8564 0.0004
vn -0.4817 0.8763 -0.0002
vn -0.4730 0.8811 0.0000
vn -0.4259 0.9048 -0.0002
vn -0.4284 0.9036 -0.0000
vn -0.3829 0.9238 -0.0000
vn -0.3681 0.9298 0.0001
vn -0.3363 0.9418 -0.0000
vn -0.3091 0.9510 0.0003
vn -0.2889 0.9574 0.0000
vn -0.2486 0.9686 -0.0001
vn -0.2410 0.9705 -0.0000
vn -0.1874 0.9823 -0.0001
vn -0.1926 0.9813 0.0000
vn -0.1443 0.9895 0.0001
vn -0.1253 0.9921 0.0002
vn -0.0959 0.9954 -0.0000
vn -0.0628 0.9980 0.0002
vn -0.0480 0.9988 0.0000
vn -0.0006 1.0000 0.0000
vn 0.0469 0.9989 0.0000
vn 0.0628 0.9980 0.0000
vn 0.0949 0.9955 0.0000
vn 0.1253 0.9921 0.0002
vn 0.1432 0.9897 -0.0000
vn 0.1874 0.9823 -0.0001
vn 0.1915 0.9815 -0.0000
vn 0.2401 0.9707 -0.0001
vn 0.2489 0.9685 0.0003
vn 0.2879 0.9576 0.0000
vn 0.3090 0.9511 0.0001
vn 0.3353 0.9421 0.0000
vn 0.3681 0.9298 -0.0000
vn 0.3821 0.9241 0.0000
vn 0.4258 0.9048 -0.0002
vn 0.4278 0.9039 0.0000
vn 0.4723 0.8814 0.0000
vn 0.4817 0.8763 -0.0002
vn 0.5156 0.8568 -0.0000
vn 0.5358 0.8443 -0.0002
vn 0.5576 0.8301 0.0002
vn 0.5878 0.8090 -0.0001
vn 0.5974 0.8019 0.0000
vn 0.6374 0.7706 -0.0002
vn 0.6359 0.7718 0.0000
vn 0.6723 0.7403 0.0000
vn 0.6845 0.7290 -0.0004
vn 0.7067 0.7075 -0.0000
vn 0.7290 0.6845 -0.0004
vn 0.7395 0.6732 0.0000
vn 0.7706 0.6374 -0.0002
vn 0.7710 0.6368 0.0000
vn 0.8011 0.5985 -0.0000
vn 0.8090 0.5878 -0.0001
vn 0.8296 0.5583 0.0001
vn 0.8443 0.5358 -0.0002
vn 0.8562 0.5166 0.0000
vn 0.8763 0.4817 -0.0001
vn 0.8809 0.4734 0.0000
vn 0.9048 0.4259 -0.0002
vn 0.9034 0.4288 0.0000
vn 0.9237 0.3830 -0.0001
vn 0.9298 0.3681 -0.0004
vn 0.9418 0.3363 0.0000
vn 0.9510 0.3091 0.0003
vn 0.9574 0.2888 0.0000
vn 0.9685 0.2489 0.0003
vn 0.9706 0.2408 0.0000
vn 0.9823 0.1874 -0.0001
vn 0.9813 0.1924 -0.0002
vn 0.9896 0.1439 -0.0000
vn 0.9921 0.1253 0.0001
vn 0.9954 0.0956 0.0000
vn 0.9980 0.0628 0.0000
vn 0.9989 0.0475 -0.0000
vn 1.0000 -0.0000 0.0002
vn 0.9989 -0.0474 -0.0000
vn 0.9980 -0.0628 0.0000
vn 0.9954 -0.0956 0.0000
vn 0.9921 -0.1253 0.0002
vn 0.9896 -0.1439 -0.0000
vn 0.9823 -0.1874 -0.0001
vn 0.9813 -0.1924 -0.0001
vn 0.9706 -0.2408 0.0000
vn 0.9686 -0.2486 -0.0001
vn 0.9574 -0.2888 0.0000
vn 0.9511 -0.3090 0.0001
vn 0.9417 -0.3363 -0.0000
vn 0.9298 -0.3681 -0.0000
vn 0.9237 -0.3831 -0.0002
vn 0.9048 -0.4258 -0.0002
vn 0.9034 -0.4287 0.0000
vn 0.8809 -0.4733 -0.0000
vn 0.8763 -0.4817 -0.0001
vn 0.8563 -0.5165 -0.0000
vn 0.8443 -0.5358 -0.0002
vn 0.8296 -0.5584 -0.0000
vn 0.8090 -0.5878 -0.0001
vn 0.8012 -0.5984 0.0000
vn 0.7706 -0.6374 -0.0002
vn 0.7711 -0.6367 0.0000
vn 0.7395 -0.6731 0.0000
vn 0.7290 -0.6845 -0.0004
vn 0.7070 -0.7072 0.0003
vn 0.6845 -0.7290 -0.0004
vn 0.6723 -0.7403 0.0000
vn 0.6374 -0.7706 -0.0002
vn 0.6359 -0.7718 0.0000
vn 0.5975 -0.8019 0.0000
vn 0.5878 -0.8090 -0.0001
vn 0.5574 -0.8302 0.0000
vn 0.5358 -0.8443 -0.0002
vn 0.5156 -0.8568 -0.0000
vn 0.4817 -0.8763 -0.0002
vn 0.4723 -0.8814 0.0000
vn 0.4257 -0.9049 0.0002
vn 0.4278 -0.9039 0.0000
vn 0.3819 -0.9242 -0.0000
vn 0.3681 -0.9298 -0.0000
vn 0.3354 -0.9421 -0.0000
vn 0.3090 -0.9511 0.0001
vn 0.2880 -0.9576 -0.0000
vn 0.2488 -0.9686 0.0001
vn 0.2401 -0.9707 -0.0001
vn 0.1874 -0.9823 -0.0001
vn 0.1917 -0.9814 0.0000
vn 0.1433 -0.9897 0.0000
vn 0.1253 -0.9921 0.0001
vn 0.0949 -0.9955 0.0000
vn 0.0628 -0.9980 -0.0003
vn 0.0469 -0.9989 0.0000
vn -0.0006 -1.0000 -0.0000
vn -0.0480 -0.9988 0.0000
vn -0.0628 -0.9980 0.0000
vn -0.0959 -0.9954 -0.0000
vn -0.1253 -0.9921 0.0001
vn -0.1443 -0.9895 0.0001
vn -0.1874 -0.9823 -0.0001
vn -0.1927 -0.9813 -0.0000
vn -0.2410 -0.9705 -0.0000
vn -0.2488 -0.9686 0.0001
vn -0.2889 -0.9574 -0.0000
vn -0.3091 -0.9510 0.0003
vn -0.3363 -0.9418 -0.0000
vn -0.3681 -0.9298 0.0001
vn -0.3829 -0.9238 -0.0000
vn -0.4259 -0.9048 -0.0002
vn -0.4284 -0.9036 -0.0000
vn -0.4730 -0.8811 0.0000
vn -0.4817 -0.8763 -0.0002
vn -0.5163 -0.8564 0.0004
vn -0.5358 -0.8443 -0.0002
vn -0.5578 -0.8300 0.0001
vn -0.5878 -0.8090 -0.0001
vn -0.5981 -0.8015 -0.0000
vn -0.6375 -0.7705 0.0001
vn -0.6363 -0.7714 0.0000
vn -0.6727 -0.7399 -0.0000
vn -0.6845 -0.7290 -0.0004
vn -0.7071 -0.7072 -0.0000
vn -0.7290 -0.6845 -0.0004
vn -0.7397 -0.6729 0.0000
vn -0.7706 -0.6374 -0.0002
vn -0.7713 -0.6365 0.0000
vn -0.8016 -0.5979 0.0003
vn -0.8090 -0.5878 -0.0001
vn -0.8297 -0.5582 0.0001
vn -0.8443 -0.5358 -0.0002
vn -0.8563 -0.5164 0.0000
vn -0.8763 -0.4817 -0.0002
vn -0.8810 -0.4732 0.0000
vn -0.9048 -0.4258 0.0001
vn -0.9035 -0.4286 -0.0000
vn -0.9238 -0.3829 -0.0000
vn -0.9298 -0.3681 0.0002
vn -0.9418 -0.3363 -0.0000
vn -0.9511 -0.3090 0.0001
vn -0.9574 -0.2887 0.0000
vn -0.9685 -0.2489 0.0002
vn -0.9706 -0.2409 -0.0000
vn -0.9823 -0.1874 -0.0001
vn -0.9813 -0.1925 0.0001
vn -0.9896 -0.1439 -0.0000
vn -0.9921 -0.1253 0.0002
vn -0.9954 -0.0955 -0.0000
vn -0.9980 -0.0628 0.0000
vn 0.9983 -0.0581 0.0003
vn 0.9989 -0.0475 -0.0000
vn 1.0000 -0.0000 -0.0002
vn 0.9932 -0.1161 -0.0002
vn 0.9848 -0.1736 -0.0001
vn 0.9813 -0.1924 0.0000
vn 0.9730 -0.2307 0.0001
vn 0.9706 -0.2407 -0.0001
vn 0.9580 -0.2868 0.0001
vn 0.9418 -0.3363 0.0000
vn 0.9397 -0.3420 -0.0000
vn 0.9238 -0.3829 -0.0000
vn 0.9182 -0.3961 0.0000
vn 0.9035 -0.4286 -0.0000
vn 0.8936 -0.4488 -0.0000
vn 0.8810 -0.4732 -0.0000
vn 0.8660 -0.5001 0.0003
vn 0.8564 -0.5164 0.0000
vn 0.8354 -0.5496 0.0001
vn 0.8297 -0.5582 -0.0001
vn 0.8021 -0.5971 0.0000
vn 0.8013 -0.5982 0.0000
vn 0.7713 -0.6365 -0.0000
vn 0.7660 -0.6429 -0.0002
vn 0.7398 -0.6728 -0.0001
vn 0.7274 -0.6862 0.0005
vn 0.7069 -0.7073 -0.0001
vn 0.6862 -0.7274 0.0000
vn 0.6727 -0.7399 -0.0000
vn 0.6428 -0.7660 -0.0000
vn 0.6363 -0.7714 -0.0000
vn 0.5971 -0.8021 0.0000
vn 0.5980 -0.8015 -0.0000
vn 0.5579 -0.8299 -0.0000
vn 0.5496 -0.8354 0.0001
vn 0.5163 -0.8564 -0.0000
vn 0.5000 -0.8660 -0.0002
vn 0.4731 -0.8810 -0.0000
vn 0.4488 -0.8936 -0.0001
vn 0.4286 -0.9035 -0.0001
vn 0.3961 -0.9182 -0.0000
vn 0.3830 -0.9238 0.0000
vn 0.3420 -0.9397 -0.0000
vn 0.3363 -0.9417 -0.0000
vn 0.2868 -0.9580 0.0001
vn 0.2890 -0.9573 -0.0000
vn 0.2410 -0.9705 -0.0000
vn 0.2307 -0.9730 0.0001
vn 0.1926 -0.9813 -0.0001
vn 0.1737 -0.9848 0.0002
vn 0.1443 -0.9895 0.0001
vn 0.1161 -0.9932 -0.0002
vn 0.0959 -0.9954 0.0000
vn 0.0581 -0.9983 -0.0001
vn 0.0479 -0.9989 0.0000
vn 0.0000 -1.0000 0.0003
vn 0.0007 -1.0000 -0.0000
vn -0.0468 -0.9989 -0.0000
vn -0.0581 -0.9983 0.0003
vn -0.0947 -0.9955 0.0000
vn -0.1161 -0.9932 0.0003
vn -0.1431 -0.9897 -0.0000
vn -0.1736 -0.9848 -0.0003
vn -0.1915 -0.9815 0.0000
vn -0.2307 -0.9730 0.0000
vn -0.2396 -0.9709 -0.0004
vn -0.2867 -0.9580 0.0001
vn -0.2879 -0.9577 0.0000
vn -0.3353 -0.9421 -0.0000
vn -0.3419 -0.9397 0.0003
vn -0.3820 -0.9242 0.0000
vn -0.3961 -0.9182 -0.0000
vn -0.4277 -0.9039 -0.0000
vn -0.4488 -0.8936 0.0001
vn -0.4723 -0.8814 -0.0000
vn -0.5001 -0.8660 0.0002
vn -0.5155 -0.8569 -0.0000
vn -0.5496 -0.8354 0.0000
vn -0.5575 -0.8302 -0.0001
vn -0.5971 -0.8022 0.0000
vn -0.5974 -0.8019 -0.0000
vn -0.6359 -0.7718 0.0000
vn -0.6428 -0.7660 -0.0001
vn -0.6723 -0.7403 -0.0000
vn -0.6862 -0.7274 0.0005
vn -0.7069 -0.7073 -0.0004
vn -0.7274 -0.6862 -0.0000
vn -0.7395 -0.6732 -0.0000
vn -0.7660 -0.6428 -0.0001
vn -0.7710 -0.6368 -0.0000
vn -0.8021 -0.5971 0.0000
vn -0.8011 -0.5985 0.0000
vn -0.8296 -0.5584 0.0001
vn -0.8355 -0.5496 0.0001
vn -0.8563 -0.5165 0.0000
vn -0.8660 -0.5000 0.0002
vn -0.8809 -0.4733 -0.0000
vn -0.8936 -0.4488 -0.0001
vn -0.9034 -0.4287 -0.0000
vn -0.9182 -0.3961 0.0001
vn -0.9238 -0.3828 -0.0003
vn -0.9397 -0.3420 -0.0001
vn -0.9417 -0.3363 -0.0000
vn -0.9580 -0.2868 0.0001
vn -0.9574 -0.2889 -0.0000
vn -0.9730 -0.2307 0.0001
vn -0.9813 -0.1925 -0.0002
vn -0.9848 -0.1736 -0.0002
vn -0.9896 -0.1440 -0.0000
vn -0.9932 -0.1161 -0.0002
vn -0.9954 -0.0956 -0.0000
vn -0.9983 -0.0581 0.0003
vn -0.9989 -0.0475 0.0000
vn -1.0000 0.0000 0.0003
vn -0.9983 0.0581 0.0003
vn -0.9932 0.1161 -0.0001
vn -0.9848 0.1736 -0.0003
vn -0.9813 0.1925 -0.0002
vn -0.9730 0.2307 0.0001
vn -0.9706 0.2409 0.0000
vn -0.9580 0.2868 0.0001
vn -0.9574 0.2889 -0.0000
vn -0.9417 0.3363 -0.0000
vn -0.9397 0.3420 -0.0001
vn -0.9238 0.3828 -0.0003
vn -0.9182 0.3961 0.0004
vn -0.9034 0.4288 -0.0000
vn -0.8936 0.4488 0.0004
vn -0.8809 0.4733 0.0000
vn -0.8660 0.5000 -0.0001
vn -0.8562 0.5166 -0.0000
vn -0.8355 0.5496 0.0001
vn -0.8296 0.5583 -0.0001
vn -0.8021 0.5971 0.0000
vn -0.8011 0.5985 0.0000
vn -0.7710 0.6368 0.0000
vn -0.7661 0.6427 0.0002
vn -0.7395 0.6731 -0.0000
vn -0.7274 0.6862 0.0005
vn -0.7069 0.7073 -0.0004
vn -0.6862 0.7274 0.0005
vn -0.6723 0.7403 0.0000
vn -0.6428 0.7660 -0.0001
vn -0.6358 0.7718 -0.0000
vn -0.5971 0.8022 0.0000
vn -0.5974 0.8019 -0.0000
vn -0.5574 0.8302 -0.0001
vn -0.5496 0.8354 0.0000
vn -0.5156 0.8568 -0.0000
vn -0.5001 0.8660 0.0002
vn -0.4723 0.8814 -0.0000
vn -0.4488 0.8936 -0.0001
vn -0.4277 0.9039 -0.0000
vn -0.3961 0.9182 0.0001
vn -0.3820 0.9242 0.0000
vn -0.3420 0.9397 -0.0000
vn -0.3353 0.9421 0.0000
vn -0.2867 0.9580 0.0001
vn -0.2880 0.9576 0.0000
vn -0.2398 0.9708 -0.0001
vn -0.2307 0.9730 0.0000
vn -0.1916 0.9815 -0.0000
vn -0.1736 0.9848 -0.0002
vn -0.1431 0.9897 0.0000
vn -0.1161 0.9932 -0.0002
vn -0.0948 0.9955 -0.0000
vn -0.0581 0.9983 0.0003
vn -0.0468 0.9989 -0.0000
vn 0.0000 1.0000 0.0003
vn 0.0007 1.0000 0.0000
vn 0.0479 0.9989 0.0000
vn 0.0581 0.9983 0.0003
vn 0.0960 0.9954 0.0000
vn 0.1161 0.9932 -0.0001
vn 0.1443 0.9895 0.0001
vn 0.1737 0.9848 0.0002
vn 0.1927 0.9813 -0.0000
vn 0.2307 0.9730 0.0001
vn 0.2411 0.9705 0.0000
vn 0.2868 0.9580 0.0001
vn 0.2890 0.9573 -0.0000
vn 0.3363 0.9417 0.0000
vn 0.3419 0.9397 0.0003
vn 0.3829 0.9238 -0.0000
vn 0.3961 0.9182 0.0001
vn 0.4285 0.9036 0.0001
vn 0.4488 0.8936 0.0001
vn 0.4731 0.8810 -0.0000
vn 0.5001 0.8660 0.0003
vn 0.5163 0.8564 -0.0000
vn 0.5496 0.8354 0.0001
vn 0.5580 0.8299 -0.0000
vn 0.5971 0.8021 0.0000
vn 0.5980 0.8015 -0.0000
vn 0.6363 0.7715 -0.0000
vn 0.6427 0.7661 0.0003
vn 0.6727 0.7399 -0.0000
vn 0.6862 0.7274 0.0000
vn 0.7069 0.7073 -0.0001
vn 0.7274 0.6862 0.0002
vn 0.7398 0.6728 -0.0000
vn 0.7660 0.6429 -0.0002
vn 0.7713 0.6365 -0.0000
vn 0.8021 0.5971 0.0000
vn 0.8013 0.5982 0.0000
vn 0.8297 0.5581 -0.0000
vn 0.8354 0.5496 0.0001
vn 0.8564 0.5164 0.0000
vn 0.8660 0.5001 0.0003
vn 0.8810 0.4731 -0.0000
vn 0.8936 0.4488 0.0004
vn 0.9035 0.4286 -0.0000
vn 0.9182 0.3961 0.0000
vn 0.9397 0.3421 -0.0002
vn 0.9580 0.2868 0.0001
vn 0.9574 0.2887 -0.0000
vn 0.9706 0.2407 -0.0001
vn 0.9730 0.2307 0.0001
vn 0.9813 0.1924 0.0001
vn 0.9848 0.1736 -0.0001
vn 0.9932 0.1161 -0.0002
vn 0.9983 0.0581 0.0003
vn 0.9891 -0.0002 0.1472
vn 0.9943 -0.0001 0.1063
vn 0.9773 0.0000 0.2118
vn 0.9566 -0.0004 0.2914
vn 0.9492 0.0000 0.3147
vn 0.9232 0.0000 0.3844
vn 0.8301 -0.0003 0.5575
vn 0.6316 -0.0003 0.7753
vn 0.5106 -0.0001 0.8598
vn 0.3783 0.0002 0.9257
vn 0.3745 -0.0000 0.9272
vn -0.0000 -0.9976 0.0698
vn -0.0000 -0.9951 0.0985
vn -0.0000 -0.9907 0.1358
vn -0.0000 -0.9804 0.1971
vn -0.0000 -0.9801 0.1984
vn 0.0000 -0.9655 0.2604
vn 0.0000 -0.9558 0.2940
vn -0.0000 -0.9474 0.3202
vn 0.0000 -0.9218 0.3877
vn -0.0000 -0.9266 0.3759
vn -0.0000 -0.9047 0.4261
vn 0.0000 -0.8790 0.4767
vn 0.0000 -0.8825 0.4704
vn 0.0000 -0.8357 0.5492
vn 0.0000 -0.8284 0.5601
vn -0.0000 -0.7904 0.6125
vn -0.0000 -0.7710 0.6368
vn 0.0000 -0.7706 0.6373
vn -0.0000 -0.7538 0.6571
vn 0.0000 -0.7408 0.6717
vn 0.0000 -0.7084 0.7058
vn 0.0000 -0.7322 0.6811
vn -0.0000 -0.6345 0.7729
vn 0.0000 -0.6400 0.7684
vn -0.0000 -0.5637 0.8260
vn -0.0000 -0.4804 0.8770
vn 0.0000 -0.5406 0.8413
vn -0.0000 -0.5773 0.8165
vn 0.0004 -0.4153 0.9097
vn 0.0000 -0.3912 0.9203
vn 0.0002 -0.2817 0.9595
vn 0.0000 -0.2970 0.9549
vn 0.0000 -0.1993 0.9799
vn -0.0000 -0.1423 0.9898
vn 0.0000 -0.0997 0.9950
vn -0.0000 -0.0073 1.0000
vn -0.0002 -0.0143 0.9999
vn 0.0002 -0.0280 0.9996
vn -0.0000 -0.0410 0.9992
vn 0.0000 -0.0533 0.9986
vn -0.0000 -0.0758 0.9971
vn -0.0000 -0.0956 0.9954
vn -0.0000 -0.1283 0.9917
vn 0.0000 -0.1571 0.9876
vn 0.0000 -0.2054 0.9787
vn -0.0000 -0.2441 0.9697
vn 0.0001 -0.2762 0.9611
vn -0.0000 -0.3044 0.9525
vn 0.0000 -0.3552 0.9348
vn -0.0000 -0.4004 0.9163
vn -0.0000 -0.4411 0.8974
vn -0.0000 -0.5132 0.8583
vn -0.0000 0.0997 0.9950
vn 0.0000 0.1424 0.9898
vn -0.0000 0.0143 0.9999
vn -0.0000 0.0073 1.0000
vn -0.0000 0.1993 0.9799
vn 0.0003 0.2818 0.9595
vn 0.0000 0.2054 0.9787
vn 0.0000 0.2441 0.9697
vn -0.0002 0.2762 0.9611
vn -0.0000 0.3044 0.9525
vn 0.0000 0.3552 0.9348
vn 0.0004 0.4153 0.9097
vn -0.0000 0.4004 0.9163
vn 0.0000 0.4411 0.8974
vn 0.0000 0.5132 0.8582
vn 0.0000 0.5406 0.8413
vn 0.0000 0.5773 0.8165
vn 0.0000 0.5637 0.8260
vn -0.0000 0.6345 0.7729
vn -0.0000 0.6400 0.7684
vn 0.0000 0.7084 0.7058
vn -0.0000 0.2970 0.9549
vn 0.0000 0.3911 0.9203
vn 0.0000 0.4804 0.8770
vn -0.0000 0.7711 0.6368
vn 0.0000 0.7409 0.6716
vn 0.0000 0.7322 0.6811
vn 0.0000 0.8284 0.5601
vn -0.0000 0.7904 0.6125
vn -0.0000 0.7706 0.6373
vn -0.0000 0.7538 0.6571
vn -0.0000 0.8357 0.5492
vn -0.0000 0.8790 0.4768
vn 0.0000 0.8825 0.4704
vn -0.0000 0.9046 0.4262
vn 0.0000 0.9218 0.3877
vn 0.0000 0.9267 0.3759
vn -0.0000 0.9474 0.3202
vn -0.0000 0.9558 0.2940
vn 0.0000 0.9655 0.2604
vn -0.0000 0.9804 0.1971
vn -0.0000 0.9801 0.1984
vn 0.0000 0.9907 0.1358
vn 0.0000 0.9951 0.0985
vn 0.0000 0.9976 0.0698
vn -0.0000 0.1571 0.9876
vn -0.0000 0.1283 0.9917
vn -0.0000 0.0956 0.9954
vn -0.0000 0.0758 0.9971
vn 0.0000 0.0533 0.9986
vn 0.0000 0.0409 0.9992
vn 0.0000 0.0280 0.9996
vn 0.0000 -0.9898 -0.1423
vn 0.0000 -0.9595 -0.2817
vn 0.0000 -0.9096 -0.4154
vn 0.0000 -0.8413 -0.5406
vn 0.0000 -0.7557 -0.6549
vn 0.0000 -0.6549 -0.7557
vn 0.0000 -0.5406 -0.8413
vn 0.0000 -0.4154 -0.9096
vn 0.0000 -0.2817 -0.9595
vn 0.0000 -0.1423 -0.9898
vn 0.0000 0.1423 -0.9898
vn 0.0000 0.2817 -0.9595
vn 0.0000 0.4154 -0.9096
vn 0.0000 0.5406 -0.8413
vn 0.0000 0.6549 -0.7557
vn 0.0000 0.7558 -0.6549
vn 0.0000 0.7557 -0.6549
vn 0.0000 0.8413 -0.5406
vn 0.0000 0.9096 -0.4154
vn 0.0000 0.9595 -0.2817
vn 0.0000 0.9898 -0.1423
vn 0.8101 0.0000 -0.5862
vn 0.8101 -0.0000 -0.5863
vn -0.0461 -0.0000 0.9989
vn -0.0462 -0.0000 0.9989
vn 0.0558 -0.0000 0.9984
vn 0.1571 -0.0000 0.9876
vn 0.2568 0.0000 0.9665
vn 0.3539 -0.0000 0.9353
vn 0.4472 0.0000 0.8944
vn 0.5360 0.0000 0.8442
vn 0.6191 0.0000 0.7853
vn 0.6959 -0.0000 0.7182
vn 0.7653 -0.0000 0.6436
vn 0.8269 0.0000 0.5624
vn 0.8798 0.0000 0.4753
vn 0.9237 -0.0000 0.3832
vn 0.9579 0.0000 0.2872
vn 0.9821 0.0000 0.1882
vn 0.9962 0.0000 0.0873
vn 0.9999 0.0000 -0.0146
vn 0.9932 0.0000 -0.1163
vn 0.9762 0.0000 -0.2168
vn 0.9491 0.0000 -0.3150
vn 0.9121 0.0000 -0.4100
vn 0.8656 0.0000 -0.5007
vn -0.8710 0.0000 -0.4914
vn -0.8638 0.0001 -0.5038
vn -0.8710 -0.0000 -0.4913
vn -0.9121 0.0001 -0.4100
vn -0.9168 -0.0001 -0.3994
vn -0.9502 -0.0003 -0.3116
vn -0.9529 0.0003 -0.3033
vn -0.9778 -0.0001 -0.2097
vn -0.9790 0.0002 -0.2040
vn -0.9944 0.0000 -0.1053
vn -0.9947 -0.0000 -0.1025
vn -0.9986 0.0000 -0.0526
vn -0.8196 0.0003 -0.5729
vn -0.8059 0.0001 -0.5921
vn -0.8407 0.0000 -0.5415
vn -0.8215 0.0000 -0.5703
vn -0.8031 -0.0000 -0.5958
vn -0.7866 0.0000 -0.6175
vn -0.7727 0.0000 -0.6347
vn -0.7389 -0.0001 -0.6738
vn -0.7390 -0.0000 -0.6737
vn -0.6639 0.0000 -0.7479
vn -0.5813 0.0000 -0.8137
vn -0.4923 0.0000 -0.8704
vn -0.4923 -0.0002 -0.8704
vn -0.3978 0.0003 -0.9175
vn -0.4603 -0.0000 -0.8878
vn -0.3726 -0.0001 -0.9280
vn -0.2989 0.0002 -0.9543
vn -0.2814 -0.0003 -0.9596
vn -0.1966 0.0001 -0.9805
vn -0.1876 0.0000 -0.9823
vn -0.1967 0.0000 -0.9805
vn -0.2989 0.0000 -0.9543
vn -0.3978 0.0000 -0.9175
vn -0.3978 -0.0003 -0.9175
vn -0.4923 -0.0003 -0.8704
vn -0.4603 -0.0001 -0.8878
vn -0.5436 0.0001 -0.8393
vn -0.5813 -0.0003 -0.8137
vn -0.6220 0.0006 -0.7831
vn -0.6639 -0.0003 -0.7479
vn -0.6945 -0.0001 -0.7195
vn -0.7606 0.0005 -0.6492
vn -0.2989 -0.0002 -0.9543
vn -0.2814 0.0003 -0.9596
vn -0.1877 0.0001 -0.9822
vn -0.5436 -0.0002 -0.8393
vn -0.5813 0.0003 -0.8137
vn -0.7536 0.0000 -0.6573
vn -0.7558 -0.0000 -0.6548
vn -0.6220 -0.0006 -0.7830
vn -0.6639 0.0003 -0.7479
vn -0.6945 -0.0000 -0.7195
vn -0.7390 -0.0002 -0.6737
vn -0.7606 -0.0005 -0.6492
vn -0.8058 0.0001 -0.5921
vn -0.8407 -0.0000 -0.5416
vn -0.8638 -0.0000 -0.5038
vn -0.8600 -0.0000 -0.5102
vn -0.8796 -0.0000 -0.4757
vn -0.9121 -0.0001 -0.4100
vn -0.8993 -0.0000 -0.4374
vn -0.9184 0.0000 -0.3957
vn -0.9363 -0.0000 -0.3512
vn -0.9502 -0.0001 -0.3115
vn -0.9526 0.0000 -0.3043
vn -0.9667 -0.0000 -0.2559
vn -0.9778 0.0001 -0.2097
vn -0.9784 -0.0000 -0.2066
vn -0.9875 -0.0000 -0.1577
vn -0.9945 0.0000 -0.1051
vn -0.9947 -0.0003 -0.1027
vn -1.0000 -0.0002 -0.0000
vn -0.8196 -0.0003 -0.5729
vn -0.9168 0.0001 -0.3994
vn -0.9529 -0.0003 -0.3033
vn -0.9790 -0.0002 -0.2040
vn -0.7728 0.0000 -0.6347
vn -0.7624 -0.0000 -0.6472
vn -0.9784 0.0000 -0.2065
vn -0.8101 0.0000 -0.5863
vn -0.8101 0.0000 -0.5862
vn -0.8656 0.0000 -0.5007
vn -0.9121 0.0000 -0.4100
vn -0.9491 0.0000 -0.3151
vn -0.9762 0.0000 -0.2168
vn -0.9932 0.0000 -0.1163
vn -0.9999 0.0000 -0.0146
vn -0.9962 0.0000 0.0873
vn -0.9821 0.0000 0.1882
vn -0.9579 0.0000 0.2872
vn -0.9236 0.0000 0.3832
vn -0.8798 -0.0000 0.4753
vn -0.8269 -0.0000 0.5624
vn -0.7653 -0.0000 0.6436
vn -0.6959 -0.0000 0.7182
vn -0.6191 -0.0000 0.7853
vn -0.5360 -0.0000 0.8442
vn -0.4472 -0.0000 0.8944
vn -0.3539 -0.0000 0.9353
vn -0.2568 -0.0000 0.9665
vn -0.1571 -0.0000 0.9876
vn -0.0558 -0.0000 0.9984
vn 0.0462 -0.0000 0.9989
vn 0.8196 0.0003 -0.5729
vn 0.8710 0.0000 -0.4914
vn 0.8638 -0.0003 -0.5038
vn 0.8710 0.0000 -0.4913
vn 0.9121 0.0001 -0.4100
vn 0.9168 -0.0001 -0.3994
vn 0.9502 0.0003 -0.3116
vn 0.9529 -0.0000 -0.3033
vn 0.9778 -0.0002 -0.2096
vn 0.9790 0.0002 -0.2040
vn 0.9944 0.0000 -0.1054
vn 0.9947 0.0001 -0.1025
vn 0.9947 0.0000 -0.1024
vn 0.9944 0.0001 -0.1054
vn 0.9778 -0.0000 -0.2096
vn 0.9502 0.0000 -0.3115
vn 0.9790 -0.0002 -0.2040
vn 0.9778 -0.0003 -0.2097
vn 0.8638 -0.0000 -0.5038
vn 0.8059 -0.0003 -0.5921
vn 0.7606 0.0005 -0.6492
vn 0.7390 0.0000 -0.6737
vn 0.6945 0.0000 -0.7195
vn 0.6639 -0.0003 -0.7478
vn 0.6220 0.0001 -0.7830
vn 0.5813 -0.0003 -0.8137
vn 0.5436 0.0001 -0.8393
vn 0.4923 0.0000 -0.8704
vn 0.4602 0.0000 -0.8878
vn 0.3978 -0.0003 -0.9175
vn 0.3726 0.0004 -0.9280
vn 0.2989 -0.0002 -0.9543
vn 0.2814 0.0003 -0.9596
vn 0.1966 -0.0001 -0.9805
vn 0.1876 -0.0000 -0.9823
vn 0.1967 0.0000 -0.9805
vn 0.2989 0.0000 -0.9543
vn 0.3978 0.0000 -0.9175
vn 0.3978 0.0003 -0.9175
vn 0.4603 -0.0000 -0.8878
vn 0.5436 -0.0001 -0.8393
vn 0.5813 0.0003 -0.8137
vn 0.6220 -0.0001 -0.7830
vn 0.6639 -0.0000 -0.7479
vn 0.7606 -0.0005 -0.6492
vn 0.8059 0.0003 -0.5921
vn 0.8196 -0.0003 -0.5729
vn 0.8638 0.0003 -0.5038
vn 0.9121 0.0003 -0.4099
vn 0.9168 0.0001 -0.3994
vn 0.9502 -0.0001 -0.3116
vn 0.3726 -0.0004 -0.9280
vn 0.2989 0.0002 -0.9543
vn 0.2814 -0.0003 -0.9596
vn 0.1876 -0.0001 -0.9822
vn 0.8059 0.0000 -0.5921
vn 0.5813 0.0000 -0.8137
vn -0.4473 -0.0000 0.8944
vn 0.0019 -0.0000 1.0000
vn 0.0314 -0.0000 0.9995
vn 0.0609 -0.0000 0.9981
vn 0.0903 -0.0000 0.9959
vn -0.4998 -0.0000 0.8661
vn -0.5876 -0.0000 0.8091
vn -0.6690 -0.0000 0.7433
vn -0.7430 -0.0000 0.6693
vn -0.8089 -0.0000 0.5879
vn -0.8660 -0.0000 0.5001
vn -0.9135 -0.0000 0.4068
vn -0.9510 -0.0000 0.3091
vn -0.9781 -0.0000 0.2080
vn -0.9945 -0.0000 0.1046
vn 0.0797 -0.0000 0.9968
vn 0.0691 -0.0000 0.9976
vn 0.0585 -0.0000 0.9983
vn 0.0479 -0.0000 0.9989
vn 0.0372 -0.0000 0.9993
vn 0.0266 -0.0000 0.9996
vn 0.0160 -0.0000 0.9999
vn 0.0053 -0.0000 1.0000
vn -0.0053 -0.0000 1.0000
vn -0.0160 -0.0000 0.9999
vn -0.0372 -0.0000 0.9993
vn -0.0479 -0.0000 0.9989
vn -0.0585 -0.0000 0.9983
vn -0.0691 -0.0000 0.9976
vn -0.0797 -0.0000 0.9968
vn -0.0609 -0.0000 0.9981
vn -0.0314 -0.0000 0.9995
vn -0.0019 -0.0000 1.0000
vn 0.4998 0.0000 0.8661
vn 0.5876 -0.0000 0.8091
vn 0.6690 0.0000 0.7433
vn 0.7430 0.0000 0.6693
vn 0.8089 0.0000 0.5879
vn 0.8660 0.0000 0.5001
vn 0.9135 0.0000 0.4068
vn 0.9510 0.0000 0.3091
vn 0.9781 0.0000 0.2080
vn 0.9945 -0.0000 0.1046
vn 0.9996 0.0000 -0.0286
vn 0.9998 0.0000 -0.0191
vn 1.0000 0.0000 -0.0095
vn -0.9996 0.0000 -0.0286
vn -0.9998 -0.0000 -0.0190
vn -1.0000 -0.0000 -0.0096
usemtl Titanium_Brushed
s 1
f 1/1/1 2/2/1 3/3/1
f 3/3/1 2/2/1 4/4/1
f 3/3/1 4/4/1 5/5/1
f 3/3/1 5/5/1 6/6/1
f 6/6/1 5/5/1 7/7/1
f 6/6/1 7/7/1 8/8/1
f 8/8/1 9/9/1 6/6/1
f 6/6/1 9/9/1 10/10/1
f 6/6/1 10/10/1 11/11/1
f 11/11/1 12/12/1 6/6/1
f 6/6/1 12/12/1 13/13/1
f 13/13/1 12/12/1 14/14/1
f 14/14/1 12/12/1 15/15/1
f 15/15/1 12/12/1 16/16/1
f 16/16/1 12/12/1 17/17/1
f 17/17/1 12/12/1 18/18/1
f 17/17/1 18/18/1 19/19/1
f 19/19/1 18/18/1 20/20/1
f 20/20/1 18/18/1 21/21/1
f 21/21/1 18/18/1 22/22/1
f 21/21/1 22/22/1 23/23/1
f 23/23/1 22/22/1 24/24/1
f 24/24/1 22/22/1 25/25/1
f 25/25/1 22/22/1 26/26/1
f 25/25/1 26/26/1 27/27/1
f 27/27/1 26/26/1 28/28/1
f 28/28/1 26/26/1 29/29/1
f 29/29/1 26/26/1 30/30/1
f 30/30/1 26/26/1 31/31/1
f 31/31/1 26/26/1 32/32/1
f 31/31/1 32/32/1 33/33/1
f 34/34/1 35/35/1 12/12/1
f 12/12/1 35/35/1 36/36/1
f 12/12/1 36/36/1 18/18/1
f 37/37/1 38/38/1 34/34/1
f 34/34/1 38/38/1 39/39/1
f 34/34/1 39/39/1 40/40/1
f 37/37/1 41/41/1 38/38/1
f 38/38/1 41/41/1 42/42/1
f 42/42/1 41/41/1 43/43/1
f 42/42/1 43/43/1 44/44/1
f 44/44/1 45/45/1 42/42/1
f 42/42/1 45/45/1 46/46/1
f 42/42/1 46/46/1 47/47/1
f 47/47/1 48/48/1 42/42/1
f 42/42/1 48/48/1 49/49/1
f 42/42/1 49/49/1 50/50/1
f 50/50/1 51/51/1 42/42/1
f 42/42/1 51/51/1 52/52/1
f 42/42/1 52/52/1 53/53/1
f 53/53/1 54/54/1 42/42/1
f 42/42/1 54/54/1 55/55/1
f 42/42/1 55/55/1 56/56/1
f 56/56/1 55/55/1 57/57/1
f 56/56/1 57/57/1 58/58/1
f 58/58/1 57/57/1 59/59/1
f 58/58/1 59/59/1 60/60/1
f 60/60/1 59/59/1 61/61/1
f 60/60/1 61/61/1 62/62/1
f 62/62/1 61/61/1 63/63/1
f 63/63/1 61/61/1 64/64/1
f 64/64/1 61/61/1 65/65/1
f 64/64/1 65/65/1 66/66/1
f 66/66/1 67/67/1 64/64/1
f 40/40/1 35/35/1 34/34/1
f 68/68/1 69/69/1 22/22/1
f 22/22/1 69/69/1 70/70/1
f 22/22/1 70/70/1 71/71/1
f 68/68/1 72/72/2 69/69/1
f 69/69/1 72/72/2 73/73/3
f 69/69/1 73/73/3 74/74/1
f 74/74/1 75/75/1 69/69/1
f 69/69/1 75/75/1 76/76/1
f 69/69/1 76/76/1 77/77/1
f 77/77/1 78/78/1 69/69/1
f 69/69/1 78/78/1 79/79/2
f 69/69/1 79/79/2 80/80/1
f 80/80/1 79/79/2 81/81/1
f 81/81/1 79/79/2 82/82/1
f 82/82/1 79/79/2 83/83/1
f 83/83/1 79/79/2 84/84/1
f 84/84/1 79/79/2 85/85/1
f 84/84/1 85/85/1 86/86/1
f 86/86/1 85/85/1 87/87/1
f 87/87/1 85/85/1 88/88/3
f 88/88/3 85/85/1 89/89/1
f 89/89/1 85/85/1 90/90/1
f 78/78/1 91/91/1 79/79/2
f 79/79/2 91/91/1 92/92/1
f 71/71/1 93/93/1 22/22/1
f 22/22/1 93/93/1 94/94/1
f 22/22/1 94/94/1 95/95/1
f 95/95/1 96/96/1 22/22/1
f 22/22/1 96/96/1 97/97/1
f 22/22/1 97/97/1 98/98/1
f 98/98/1 99/99/1 22/22/1
f 22/22/1 99/99/1 100/100/1
f 22/22/1 100/100/1 101/101/1
f 101/101/1 26/26/1 22/22/1
f 33/33/1 102/102/1 31/31/1
f 31/31/1 102/102/1 103/103/1
f 31/31/1 103/103/1 104/104/2
f 104/104/2 105/105/1 31/31/1
f 31/31/1 105/105/1 106/106/1
f 106/106/1 105/105/1 107/107/2
f 106/106/1 107/107/2 108/108/1
f 108/108/1 109/109/4 106/106/1
f 110/110/5 111/111/6 112/112/5
f 112/112/5 111/111/6 3/113/7
f 112/112/5 3/113/7 113/114/5
f 113/114/5 3/113/7 6/115/8
f 113/114/5 6/115/8 114/116/9
f 114/116/9 6/115/8 115/117/10
f 115/117/10 6/115/8 116/118/11
f 116/118/11 6/115/8 117/119/12
f 117/119/12 6/115/8 118/120/13
f 118/120/13 6/115/8 119/121/14
f 119/121/14 6/115/8 120/122/15
f 120/122/15 6/115/8 121/123/16
f 121/123/16 6/115/8 122/124/17
f 122/124/17 6/115/8 123/125/18
f 123/125/18 6/115/8 124/126/19
f 124/126/19 6/115/8 125/127/20
f 125/127/20 6/115/8 126/128/21
f 126/128/21 6/115/8 127/129/22
f 127/129/22 6/115/8 128/130/23
f 128/130/23 6/115/8 13/131/24
f 128/130/23 13/131/24 129/132/25
f 129/132/25 13/131/24 130/133/26
f 130/133/26 13/131/24 131/134/27
f 131/134/27 13/131/24 132/135/28
f 132/135/28 13/131/24 133/136/29
f 133/136/29 13/131/24 134/137/30
f 134/137/30 13/131/24 135/138/31
f 135/138/31 13/131/24 136/139/32
f 136/139/32 13/131/24 137/140/33
f 137/140/33 13/131/24 14/141/34
f 137/140/33 14/141/34 138/142/35
f 138/142/35 14/141/34 139/143/36
f 139/143/36 14/141/34 140/144/37
f 140/144/37 14/141/34 141/145/38
f 141/145/38 14/141/34 142/146/39
f 142/146/39 14/141/34 143/147/40
f 143/147/40 14/141/34 144/148/41
f 144/148/41 14/141/34 15/149/42
f 144/148/41 15/149/42 145/150/43
f 145/150/43 15/149/42 146/151/44
f 146/151/44 15/149/42 147/152/45
f 147/152/45 15/149/42 148/153/46
f 148/153/46 15/149/42 149/154/47
f 149/154/47 15/149/42 150/155/48
f 150/155/48 15/149/42 151/156/49
f 151/156/49 15/149/42 152/157/50
f 152/157/50 15/149/42 16/158/51
f 152/157/50 16/158/51 153/159/52
f 153/159/52 16/158/51 154/160/53
f 154/160/53 16/158/51 155/161/54
f 155/161/54 16/158/51 156/162/55
f 156/162/55 16/158/51 157/163/56
f 157/163/56 16/158/51 158/164/57
f 158/164/57 16/158/51 159/165/58
f 159/165/58 16/158/51 160/166/59
f 160/166/59 16/158/51 17/167/60
f 160/166/59 17/167/60 161/168/61
f 161/168/61 17/167/60 162/169/62
f 162/169/62 17/167/60 163/170/63
f 163/170/63 17/167/60 164/171/64
f 164/171/64 17/167/60 165/172/65
f 165/172/65 17/167/60 166/173/66
f 166/173/66 17/167/60 167/174/67
f 167/174/67 17/167/60 168/175/68
f 168/175/68 17/167/60 169/176/69
f 169/176/69 17/167/60 170/177/70
f 170/177/70 17/167/60 171/178/71
f 171/178/71 17/167/60 172/179/72
f 172/179/72 17/167/60 173/180/73
f 173/180/73 17/167/60 174/181/73
f 174/181/73 17/167/60 19/182/74
f 174/181/73 19/182/74 175/183/75
f 175/183/75 19/182/74 176/184/75
f 176/184/75 19/182/74 177/185/76
f 176/184/75 177/185/76 178/186/77
f 178/186/77 177/185/76 179/187/77
f 179/187/77 177/185/76 180/188/78
f 179/187/77 180/188/78 181/189/77
f 181/189/77 180/188/78 182/190/77
f 182/190/77 180/188/78 183/191/71
f 183/191/71 180/188/78 184/192/70
f 184/192/70 180/188/78 185/193/69
f 185/193/69 180/188/78 186/194/79
f 186/194/79 180/188/78 187/195/80
f 187/195/80 180/188/78 188/196/66
f 188/196/66 180/188/78 189/197/65
f 189/197/65 180/188/78 190/198/64
f 190/198/64 180/188/78 191/199/81
f 191/199/81 180/188/78 192/200/62
f 192/200/62 180/188/78 193/201/82
f 193/201/82 180/188/78 194/202/83
f 194/202/83 180/188/78 195/203/84
f 194/202/83 195/203/84 196/204/58
f 196/204/58 195/203/84 197/205/85
f 197/205/85 195/203/84 198/206/56
f 198/206/56 195/203/84 199/207/55
f 199/207/55 195/203/84 200/208/54
f 200/208/54 195/203/84 201/209/86
f 201/209/86 195/203/84 202/210/87
f 202/210/87 195/203/84 203/211/88
f 203/211/88 195/203/84 204/212/89
f 203/211/88 204/212/89 205/213/90
f 205/213/90 204/212/89 206/214/91
f 206/214/91 204/212/89 207/215/47
f 207/215/47 204/212/89 208/216/46
f 208/216/46 204/212/89 209/217/92
f 209/217/92 204/212/89 210/218/93
f 210/218/93 204/212/89 211/219/94
f 211/219/94 204/212/89 212/220/95
f 212/220/95 204/212/89 213/221/96
f 212/220/95 213/221/96 214/222/97
f 214/222/97 213/221/96 215/223/39
f 215/223/39 213/221/96 216/224/38
f 216/224/38 213/221/96 217/225/37
f 217/225/37 213/221/96 218/226/98
f 218/226/98 213/221/96 219/227/99
f 219/227/99 213/221/96 220/228/100
f 220/228/100 213/221/96 221/229/101
f 220/228/100 221/229/101 222/230/102
f 222/230/102 221/229/101 223/231/103
f 223/231/103 221/229/101 224/232/104
f 224/232/104 221/229/101 225/233/29
f 225/233/29 221/229/101 226/234/105
f 226/234/105 221/229/101 227/235/106
f 227/235/106 221/229/101 228/236/107
f 228/236/107 221/229/101 229/237/108
f 229/237/108 221/229/101 230/238/23
f 230/238/23 221/229/101 231/239/109
f 230/238/23 231/239/109 232/240/110
f 232/240/110 231/239/109 233/241/111
f 233/241/111 231/239/109 234/242/20
f 234/242/20 231/239/109 235/243/112
f 235/243/112 231/239/109 236/244/113
f 236/244/113 231/239/109 237/245/114
f 237/245/114 231/239/109 238/246/115
f 238/246/115 231/239/109 239/247/116
f 239/247/116 231/239/109 240/248/117
f 240/248/117 231/239/109 241/249/118
f 241/249/118 231/239/109 242/250/12
f 242/250/12 231/239/109 243/251/12
f 243/251/12 231/239/109 244/252/10
f 244/252/10 231/239/109 245/253/9
f 245/253/9 231/239/109 110/110/5
f 110/110/5 231/239/109 111/111/6
f 177/185/76 19/182/74 246/254/119
f 246/254/119 19/182/74 20/255/119
f 246/254/119 20/255/119 247/256/120
f 247/256/120 20/255/119 21/257/120
f 247/256/120 21/257/120 248/258/121
f 248/258/121 21/257/120 23/259/121
f 248/258/121 23/259/121 249/260/122
f 249/260/122 23/259/121 24/261/122
f 249/260/122 24/261/122 250/262/123
f 250/262/123 24/261/122 25/263/123
f 250/262/123 25/263/123 251/264/124
f 251/264/124 25/263/123 27/265/124
f 251/264/124 27/265/124 252/266/125
f 252/266/125 27/265/124 28/267/125
f 252/266/125 28/267/125 253/268/126
f 253/268/126 28/267/125 29/269/126
f 253/268/126 29/269/126 254/270/127
f 254/270/127 29/269/126 30/271/127
f 254/270/127 30/271/127 255/272/128
f 255/272/128 30/271/127 31/273/128
f 255/272/128 31/273/128 256/274/129
f 256/274/129 31/273/128 106/275/129
f 257/276/130 231/277/130 258/278/130
f 258/278/130 231/277/130 221/279/130
f 258/278/130 221/279/130 213/280/130
f 257/276/130 259/281/130 231/277/130
f 231/277/130 259/281/130 260/282/130
f 231/277/130 260/282/130 261/283/130
f 261/283/130 262/284/130 231/277/130
f 231/277/130 262/284/130 263/285/130
f 231/277/130 263/285/130 111/286/130
f 111/286/130 263/285/130 264/287/130
f 111/286/130 264/287/130 265/288/130
f 265/288/130 266/289/130 111/286/130
f 213/280/130 204/290/130 258/278/130
f 258/278/130 204/290/130 195/291/130
f 258/278/130 195/291/130 180/292/130
f 258/278/130 180/292/130 267/293/130
f 267/293/130 180/292/130 177/294/130
f 267/293/130 177/294/130 246/295/130
f 246/295/130 247/296/130 267/293/130
f 267/293/130 247/296/130 268/297/130
f 268/297/130 247/296/130 248/298/130
f 268/297/130 248/298/130 249/299/130
f 249/299/130 250/300/130 268/297/130
f 268/297/130 250/300/130 269/301/130
f 268/297/130 269/301/130 270/302/130
f 270/302/130 269/301/130 271/303/130
f 271/303/130 269/301/130 272/304/130
f 271/303/130 272/304/130 273/305/130
f 273/305/130 272/304/130 274/306/130
f 274/306/130 272/304/130 275/307/130
f 275/307/130 272/304/130 276/308/130
f 275/307/130 276/308/130 277/309/130
f 250/300/130 251/310/130 269/301/130
f 269/301/130 251/310/130 252/311/130
f 269/301/130 252/311/130 253/312/130
f 253/312/130 254/313/130 269/301/130
f 269/301/130 254/313/130 255/314/130
f 269/301/130 255/314/130 278/315/130
f 278/315/130 255/314/130 279/316/130
f 279/316/130 255/314/130 280/317/130
f 280/317/130 255/314/130 281/318/130
f 281/318/130 255/314/130 282/319/130
f 282/319/130 255/314/130 283/320/130
f 283/320/130 255/314/130 256/321/130
f 283/320/130 256/321/130 284/322/130
f 284/322/130 256/321/130 285/323/130
f 285/323/130 256/321/130 286/324/130
f 275/307/130 277/309/130 287/325/130
f 287/325/130 277/309/130 288/326/130
f 287/325/130 288/326/130 289/327/130
f 289/327/130 290/328/130 287/325/130
f 287/325/130 290/328/130 291/329/130
f 287/325/130 291/329/130 292/330/130
f 292/330/130 293/331/130 287/325/130
f 287/325/130 293/331/130 294/332/130
f 287/325/130 294/332/130 295/333/130
f 295/333/130 296/334/130 287/325/130
f 287/325/130 296/334/130 297/335/130
f 287/325/130 297/335/130 298/336/130
f 298/336/130 299/337/130 287/325/130
f 287/325/130 299/337/130 300/338/130
f 287/325/130 300/338/130 301/339/130
f 301/339/130 300/338/130 302/340/130
f 301/339/130 302/340/130 303/341/130
f 303/341/130 302/340/130 304/342/130
f 303/341/130 304/342/130 305/343/130
f 305/343/130 304/342/130 306/344/130
f 305/343/130 306/344/130 307/345/130
f 307/345/130 306/344/130 308/346/131
f 308/346/131 306/344/130 309/347/130
f 309/347/130 306/344/130 310/348/130
f 309/347/130 310/348/130 311/349/130
f 311/349/130 312/350/130 309/347/130
f 313/351/130 314/352/130 267/293/130
f 267/293/130 314/352/130 315/353/130
f 267/293/130 315/353/130 316/354/130
f 313/351/130 317/355/130 314/352/130
f 314/352/130 317/355/130 318/356/130
f 314/352/130 318/356/130 319/357/130
f 319/357/130 320/358/130 314/352/130
f 314/352/130 320/358/130 321/359/130
f 314/352/130 321/359/130 322/360/130
f 322/360/130 323/361/130 314/352/130
f 314/352/130 323/361/130 324/362/130
f 314/352/130 324/362/130 325/363/130
f 325/363/130 324/362/130 326/364/130
f 326/364/130 324/362/130 327/365/130
f 327/365/130 324/362/130 328/366/130
f 328/366/130 324/362/130 329/367/130
f 329/367/130 324/362/130 330/368/130
f 329/367/130 330/368/130 331/369/130
f 331/369/130 330/368/130 332/370/130
f 332/370/130 330/368/130 333/371/130
f 333/371/130 330/368/130 334/372/130
f 334/372/130 330/368/130 335/373/130
f 323/361/130 336/374/132 324/362/130
f 324/362/130 336/374/132 337/375/130
f 316/354/130 338/376/130 267/293/130
f 267/293/130 338/376/130 339/377/130
f 267/293/130 339/377/130 340/378/130
f 340/378/130 341/379/130 267/293/130
f 267/293/130 341/379/130 342/380/130
f 267/293/130 342/380/130 343/381/130
f 343/381/130 344/382/130 267/293/130
f 267/293/130 344/382/130 345/383/130
f 267/293/130 345/383/130 346/384/130
f 346/384/130 258/278/130 267/293/130
f 347/385/133 348/386/130 349/387/133
f 349/387/133 348/386/130 350/388/130
f 349/387/133 350/388/130 351/389/130
f 347/385/133 352/390/130 348/386/130
f 348/386/130 352/390/130 353/391/130
f 348/386/130 353/391/130 354/392/130
f 354/392/130 353/391/130 355/393/130
f 355/393/130 353/391/130 356/394/130
f 356/394/130 353/391/130 357/395/130
f 356/394/130 357/395/130 358/396/130
f 358/396/130 357/395/130 359/397/130
f 358/396/130 359/397/130 360/398/130
f 361/399/130 362/400/130 357/395/130
f 357/395/130 362/400/130 363/401/130
f 357/395/130 363/401/130 364/402/130
f 361/399/130 365/403/130 362/400/130
f 362/400/130 365/403/130 366/404/130
f 362/400/130 366/404/130 367/405/130
f 367/405/130 368/406/130 362/400/130
f 362/400/130 368/406/130 369/407/130
f 362/400/130 369/407/130 370/408/130
f 370/408/130 369/407/130 371/409/130
f 370/408/130 371/409/130 372/410/130
f 372/410/130 373/411/130 370/408/130
f 364/402/130 374/412/130 357/395/130
f 357/395/130 374/412/130 359/397/130
f 360/398/130 375/413/130 358/396/130
f 358/396/130 375/413/130 376/414/130
f 376/414/130 375/413/130 377/415/130
f 376/414/130 377/415/130 378/416/130
f 376/414/130 378/416/130 379/417/130
f 379/417/130 378/416/130 380/418/130
f 379/417/130 380/418/130 381/419/130
f 379/417/130 381/419/130 382/420/130
f 382/420/130 381/419/130 383/421/130
f 382/420/130 383/421/130 384/422/130
f 382/420/130 384/422/130 385/423/130
f 385/423/130 384/422/130 386/424/130
f 385/423/130 386/424/130 387/425/130
f 387/425/130 388/426/130 385/423/130
f 385/423/130 388/426/130 389/427/130
f 385/423/130 389/427/130 390/428/130
f 390/428/130 389/427/130 391/429/130
f 391/429/130 389/427/130 392/430/130
f 392/430/130 389/427/130 393/431/130
f 393/431/130 389/427/130 394/432/130
f 394/432/130 389/427/130 395/433/130
f 395/433/130 389/427/130 396/434/130
f 395/433/130 396/434/130 397/435/130
f 397/435/130 396/434/130 398/436/130
f 398/436/130 396/434/130 399/437/130
f 382/420/130 385/423/130 400/438/130
f 400/438/130 385/423/130 401/439/130
f 400/438/130 401/439/130 402/440/130
f 402/440/130 401/439/130 403/441/130
f 403/441/130 401/439/130 404/442/130
f 404/442/130 401/439/130 405/443/132
f 404/442/130 405/443/132 406/444/132
f 406/444/132 407/445/130 404/442/130
f 404/442/130 407/445/130 408/446/130
f 408/446/130 407/445/130 409/447/130
f 409/447/130 407/445/130 410/448/130
f 410/448/130 407/445/130 411/449/130
f 410/448/130 411/449/130 412/450/130
f 412/450/130 411/449/130 413/451/130
f 407/445/130 414/452/130 411/449/130
f 351/389/130 415/453/130 349/387/133
f 349/387/133 415/453/130 416/454/130
f 349/387/133 416/454/130 417/455/130
f 415/453/130 418/456/130 416/454/130
f 416/454/130 418/456/130 419/457/130
f 373/458/134 420/459/134 370/460/135
f 370/460/135 420/459/134 421/461/134
f 370/460/135 421/461/134 422/462/134
f 422/462/134 421/461/134 423/463/136
f 422/462/134 423/463/136 424/464/136
f 424/464/136 423/463/136 425/465/137
f 424/464/136 425/465/137 426/466/137
f 426/466/137 425/465/137 427/467/138
f 426/466/137 427/467/138 428/468/138
f 428/468/138 427/467/138 429/469/139
f 428/468/138 429/469/139 430/470/139
f 430/471/139 429/472/139 431/473/140
f 431/473/140 429/472/139 432/474/140
f 431/473/140 432/474/140 433/475/141
f 433/475/141 432/474/140 434/476/141
f 433/475/141 434/476/141 435/477/142
f 435/477/142 434/476/141 436/478/142
f 435/477/142 436/478/142 437/479/143
f 437/479/143 436/478/142 438/480/143
f 437/479/143 438/480/143 439/481/144
f 439/481/144 438/480/143 440/482/143
f 439/481/144 440/482/143 441/483/143
f 441/483/143 440/482/143 442/484/142
f 441/483/143 442/484/142 443/485/142
f 443/485/142 442/484/142 444/486/141
f 443/485/142 444/486/141 445/487/141
f 445/487/141 444/486/141 446/488/140
f 445/487/141 446/488/140 447/489/140
f 447/489/140 446/488/140 448/490/139
f 447/489/140 448/490/139 368/491/139
f 368/492/139 448/493/139 369/494/138
f 369/494/138 448/493/139 449/495/138
f 369/494/138 449/495/138 371/496/137
f 371/496/137 449/495/138 450/497/137
f 371/496/137 450/497/137 372/498/136
f 372/498/136 450/497/137 451/499/136
f 372/498/136 451/499/136 373/458/134
f 373/458/134 451/499/136 420/459/134
f 368/491/139 367/500/140 447/489/140
f 447/489/140 367/500/140 452/501/141
f 447/489/140 452/501/141 445/487/141
f 445/487/141 452/501/141 453/502/142
f 445/487/141 453/502/142 443/485/142
f 443/485/142 453/502/142 454/503/143
f 443/485/142 454/503/143 441/483/143
f 441/483/143 454/503/143 439/481/144
f 367/500/140 366/504/141 452/501/141
f 452/501/141 366/504/141 455/505/142
f 452/501/141 455/505/142 453/502/142
f 453/502/142 455/505/142 456/506/143
f 453/502/142 456/506/143 454/503/143
f 454/503/143 456/506/143 357/507/144
f 454/503/143 357/507/144 439/481/144
f 366/504/141 365/508/142 455/505/142
f 455/505/142 365/508/142 457/509/143
f 455/505/142 457/509/143 456/506/143
f 456/506/143 457/509/143 357/507/144
f 365/508/142 361/510/143 457/509/143
f 457/509/143 361/510/143 357/507/144
f 430/470/139 458/511/138 428/468/138
f 428/468/138 458/511/138 459/512/137
f 428/468/138 459/512/137 426/466/137
f 426/466/137 459/512/137 460/513/136
f 426/466/137 460/513/136 424/464/136
f 424/464/136 460/513/136 461/514/134
f 424/464/136 461/514/134 422/462/134
f 422/462/134 461/514/134 370/460/135
f 458/511/138 462/515/137 459/512/137
f 459/512/137 462/515/137 463/516/136
f 459/512/137 463/516/136 460/513/136
f 460/513/136 463/516/136 464/517/134
f 460/513/136 464/517/134 461/514/134
f 461/514/134 464/517/134 465/518/145
f 461/514/134 465/518/145 370/460/135
f 462/515/137 466/519/136 463/516/136
f 463/516/136 466/519/136 467/520/134
f 463/516/136 467/520/134 464/517/134
f 464/517/134 467/520/134 465/518/145
f 466/519/136 468/521/134 467/520/134
f 467/520/134 468/521/134 465/518/145
f 421/461/134 420/459/134 469/522/136
f 469/522/136 420/459/134 451/499/136
f 469/522/136 451/499/136 470/523/137
f 470/523/137 451/499/136 450/497/137
f 470/523/137 450/497/137 471/524/138
f 471/524/138 450/497/137 449/495/138
f 471/524/138 449/495/138 472/525/139
f 472/525/139 449/495/138 448/493/139
f 472/526/139 448/490/139 446/488/140
f 421/461/134 469/522/136 423/463/136
f 423/463/136 469/522/136 473/527/137
f 423/463/136 473/527/137 425/465/137
f 425/465/137 473/527/137 474/528/138
f 425/465/137 474/528/138 427/467/138
f 427/467/138 474/528/138 475/529/139
f 427/467/138 475/529/139 429/469/139
f 429/472/139 475/530/139 432/474/140
f 473/527/137 469/522/136 470/523/137
f 473/527/137 470/523/137 476/531/138
f 476/531/138 470/523/137 471/524/138
f 476/531/138 471/524/138 477/532/139
f 477/532/139 471/524/138 472/525/139
f 477/533/139 472/526/139 478/534/140
f 478/534/140 472/526/139 446/488/140
f 478/534/140 446/488/140 444/486/141
f 473/527/137 476/531/138 474/528/138
f 474/528/138 476/531/138 479/535/139
f 474/528/138 479/535/139 475/529/139
f 475/530/139 479/536/139 480/537/140
f 475/530/139 480/537/140 432/474/140
f 432/474/140 480/537/140 434/476/141
f 479/535/139 476/531/138 477/532/139
f 479/536/139 477/533/139 481/538/140
f 481/538/140 477/533/139 478/534/140
f 481/538/140 478/534/140 482/539/141
f 482/539/141 478/534/140 444/486/141
f 482/539/141 444/486/141 442/484/142
f 479/536/139 481/538/140 480/537/140
f 480/537/140 481/538/140 483/540/141
f 480/537/140 483/540/141 434/476/141
f 434/476/141 483/540/141 436/478/142
f 483/540/141 481/538/140 482/539/141
f 483/540/141 482/539/141 484/541/142
f 484/541/142 482/539/141 442/484/142
f 484/541/142 442/484/142 440/482/143
f 438/480/143 436/478/142 484/541/142
f 484/541/142 436/478/142 483/540/141
f 438/480/143 484/541/142 440/482/143
f 357/507/144 353/542/144 439/481/144
f 439/481/144 353/542/144 485/543/144
f 486/544/146 487/545/147 488/546/148
f 488/546/148 487/545/147 489/547/149
f 488/546/148 489/547/149 490/548/150
f 490/548/150 489/547/149 491/549/151
f 490/548/150 491/549/151 385/550/152
f 385/550/152 491/549/151 492/551/152
f 490/548/150 385/550/152 493/552/150
f 493/552/150 385/550/152 390/553/150
f 493/552/150 390/553/150 494/554/148
f 494/554/148 390/553/150 391/555/148
f 494/554/148 391/555/148 495/556/153
f 495/556/153 391/555/148 392/557/153
f 495/556/153 392/557/153 496/558/154
f 496/558/154 392/557/153 393/559/154
f 496/558/154 393/559/154 497/560/155
f 497/560/155 393/559/154 394/561/155
f 497/562/155 394/563/155 498/564/156
f 498/564/156 394/563/155 395/565/156
f 498/564/156 395/565/156 499/566/157
f 499/566/157 395/565/156 397/567/157
f 499/566/157 397/567/157 500/568/158
f 500/568/158 397/567/157 398/569/158
f 500/568/158 398/569/158 501/570/159
f 501/570/159 398/569/158 399/571/159
f 501/570/159 399/571/159 396/572/160
f 396/572/160 502/573/160 501/570/159
f 501/570/159 502/573/160 503/574/161
f 501/570/159 503/574/161 500/568/158
f 500/568/158 503/574/161 504/575/162
f 500/568/158 504/575/162 499/566/157
f 499/566/157 504/575/162 505/576/163
f 499/566/157 505/576/163 498/564/156
f 498/564/156 505/576/163 506/577/164
f 498/564/156 506/577/164 497/562/155
f 497/562/155 506/577/164 507/578/165
f 497/560/155 507/579/165 496/558/154
f 496/558/154 507/579/165 508/580/154
f 496/558/154 508/580/154 495/556/153
f 495/556/153 508/580/154 509/581/166
f 495/556/153 509/581/166 494/554/148
f 494/554/148 509/581/166 488/546/148
f 494/554/148 488/546/148 493/552/150
f 493/552/150 488/546/148 490/548/150
f 502/573/160 510/582/167 503/574/161
f 503/574/161 510/582/167 511/583/168
f 503/574/161 511/583/168 512/584/169
f 503/574/161 512/584/169 504/575/162
f 504/575/162 512/584/169 513/585/170
f 504/575/162 513/585/170 514/586/171
f 504/575/162 514/586/171 505/576/163
f 505/576/163 514/586/171 515/587/172
f 505/576/163 515/587/172 506/577/164
f 506/577/164 515/587/172 516/588/173
f 506/577/164 516/588/173 507/578/165
f 507/578/165 516/588/173 517/589/174
f 507/579/165 517/590/174 518/591/175
f 507/579/165 518/591/175 508/580/154
f 508/580/154 518/591/175 519/592/176
f 508/580/154 519/592/176 520/593/177
f 508/580/154 520/593/177 509/581/166
f 509/581/166 520/593/177 521/594/178
f 509/581/166 521/594/178 486/544/146
f 509/581/166 486/544/146 488/546/148
f 522/595/179 388/596/180 523/597/179
f 523/597/179 388/596/180 524/598/181
f 523/597/179 524/598/181 525/599/182
f 525/599/182 524/598/181 526/600/183
f 526/600/183 524/598/181 527/601/184
f 527/601/184 524/598/181 528/602/179
f 528/602/179 524/598/181 529/603/185
f 529/603/185 524/598/181 530/604/179
f 530/604/179 524/598/181 531/605/186
f 531/605/186 524/598/181 532/606/187
f 532/606/187 524/598/181 533/607/188
f 533/607/188 524/598/181 534/608/189
f 534/608/189 524/598/181 535/609/190
f 535/609/190 524/598/181 536/610/191
f 536/610/191 524/598/181 537/611/192
f 537/611/192 524/598/181 538/612/193
f 538/612/193 524/598/181 539/613/194
f 539/613/194 524/598/181 540/614/195
f 539/613/194 540/614/195 541/615/196
f 541/615/196 540/614/195 542/616/197
f 542/616/197 540/614/195 543/617/198
f 543/617/198 540/614/195 544/618/199
f 544/618/199 540/614/195 545/619/200
f 545/619/200 540/614/195 546/620/201
f 545/619/200 546/620/201 547/621/160
f 522/595/179 548/622/202 388/596/180
f 388/596/180 548/622/202 549/623/203
f 388/596/180 549/623/203 550/624/186
f 550/624/186 551/625/179 388/596/180
f 388/596/180 551/625/179 552/626/179
f 388/596/180 552/626/179 553/627/187
f 553/627/187 554/628/188 388/596/180
f 388/596/180 554/628/188 555/629/189
f 388/596/180 555/629/189 556/630/190
f 556/630/190 557/631/204 388/596/180
f 388/596/180 557/631/204 558/632/205
f 388/596/180 558/632/205 559/633/206
f 559/633/206 560/634/207 388/596/180
f 388/596/180 560/634/207 389/635/208
f 389/635/208 560/634/207 561/636/209
f 389/635/208 561/636/209 562/637/210
f 562/637/210 563/638/198 389/635/208
f 389/635/208 563/638/198 564/639/211
f 389/635/208 564/639/211 565/640/212
f 502/573/160 396/572/160 565/640/212
f 565/640/212 396/572/160 389/635/208
f 524/598/181 388/596/180 566/641/213
f 566/641/213 388/596/180 387/642/213
f 566/641/213 387/642/213 567/643/214
f 567/643/214 387/642/213 386/644/214
f 567/643/214 386/644/214 568/645/215
f 568/645/215 386/644/214 384/646/215
f 568/645/215 384/646/215 569/647/216
f 569/647/216 384/646/215 383/648/216
f 569/647/216 383/648/216 570/649/217
f 570/649/217 383/648/216 381/650/217
f 570/649/217 381/650/217 571/651/218
f 571/651/218 381/650/217 380/652/218
f 571/651/218 380/652/218 572/653/219
f 572/653/219 380/652/218 378/654/219
f 572/653/219 378/654/219 573/655/220
f 573/655/220 378/654/219 377/656/220
f 573/655/220 377/656/220 574/657/221
f 574/657/221 377/656/220 375/658/222
f 574/657/221 375/658/222 575/659/223
f 575/659/223 375/658/222 576/660/223
f 576/660/223 375/658/222 577/661/224
f 577/661/224 375/658/222 578/662/225
f 578/662/225 375/658/222 579/663/226
f 579/663/226 375/658/222 580/664/227
f 580/664/227 375/658/222 581/665/228
f 581/665/228 375/658/222 582/666/229
f 582/666/229 375/658/222 583/667/230
f 583/667/230 375/658/222 584/668/231
f 584/668/231 375/658/222 360/669/232
f 584/668/231 360/669/232 585/670/233
f 585/670/233 360/669/232 586/671/234
f 586/671/234 360/669/232 587/672/235
f 587/672/235 360/669/232 588/673/236
f 588/673/236 360/669/232 589/674/232
f 589/674/232 360/669/232 590/675/237
f 590/675/237 360/669/232 591/676/238
f 591/676/238 360/669/232 592/677/239
f 592/677/239 360/669/232 593/678/240
f 593/678/240 360/669/232 594/679/241
f 594/679/241 360/669/232 359/680/242
f 594/679/241 359/680/242 595/681/243
f 595/681/243 359/680/242 596/682/244
f 596/682/244 359/680/242 597/683/245
f 597/683/245 359/680/242 598/684/246
f 598/684/246 359/680/242 599/685/247
f 599/685/247 359/680/242 600/686/248
f 600/686/248 359/680/242 374/687/249
f 600/686/248 374/687/249 601/688/250
f 601/688/250 374/687/249 602/689/251
f 602/689/251 374/687/249 603/690/252
f 603/690/252 374/687/249 604/691/253
f 604/691/253 374/687/249 605/692/254
f 605/692/254 374/687/249 606/693/255
f 606/693/255 374/687/249 607/694/256
f 607/694/256 374/687/249 364/695/257
f 607/694/256 364/695/257 608/696/258
f 608/696/258 364/695/257 609/697/259
f 609/697/259 364/695/257 610/698/260
f 610/698/260 364/695/257 611/699/261
f 611/699/261 364/695/257 612/700/262
f 612/700/262 364/695/257 613/701/263
f 613/701/263 364/695/257 363/702/264
f 613/701/263 363/702/264 614/703/265
f 614/703/265 363/702/264 615/704/266
f 615/704/266 363/702/264 616/705/267
f 616/705/267 363/702/264 617/706/268
f 617/706/268 363/702/264 618/707/269
f 618/707/269 363/702/264 619/708/270
f 619/708/270 363/702/264 620/709/271
f 620/709/271 363/702/264 362/710/272
f 620/709/271 362/710/272 621/711/273
f 621/711/273 362/710/272 622/712/274
f 622/712/274 362/710/272 623/713/275
f 623/713/275 362/710/272 624/714/276
f 624/714/276 362/710/272 625/715/277
f 625/715/277 362/710/272 626/716/278
f 626/716/278 362/710/272 627/717/279
f 627/717/279 362/710/272 628/718/280
f 628/718/280 362/710/272 629/719/281
f 629/719/281 362/710/272 370/460/135
f 629/719/281 370/460/135 630/720/282
f 630/720/282 370/460/135 631/721/283
f 631/721/283 370/460/135 632/722/284
f 632/722/284 370/460/135 633/723/285
f 633/723/285 370/460/135 634/724/286
f 634/724/286 370/460/135 635/725/287
f 635/725/287 370/460/135 636/726/288
f 636/726/288 370/460/135 637/727/289
f 637/727/289 370/460/135 638/728/289
f 638/728/289 370/460/135 639/729/290
f 639/729/290 370/460/135 465/518/145
f 639/729/290 465/518/145 640/730/289
f 640/730/289 465/518/145 641/731/289
f 641/731/289 465/518/145 642/732/291
f 642/732/291 465/518/145 643/733/292
f 643/733/292 465/518/145 644/734/293
f 644/734/293 465/518/145 645/735/294
f 645/735/294 465/518/145 646/736/295
f 646/736/295 465/518/145 647/737/296
f 647/737/296 465/518/145 648/738/282
f 648/738/282 465/518/145 649/739/281
f 649/739/281 465/518/145 650/740/297
f 649/739/281 650/740/297 651/741/298
f 651/741/298 650/740/297 652/742/299
f 652/742/299 650/740/297 653/743/300
f 653/743/300 650/740/297 654/744/277
f 654/744/277 650/740/297 655/745/276
f 655/745/276 650/740/297 656/746/301
f 656/746/301 650/740/297 657/747/302
f 657/747/302 650/740/297 658/748/303
f 658/748/303 650/740/297 659/749/304
f 659/749/304 650/740/297 660/750/305
f 659/749/304 660/750/305 661/751/306
f 661/751/306 660/750/305 662/752/307
f 662/752/307 660/750/305 663/753/268
f 663/753/268 660/750/305 664/754/267
f 664/754/267 660/750/305 665/755/266
f 665/755/266 660/750/305 666/756/308
f 666/756/308 660/750/305 667/757/309
f 667/757/309 660/750/305 668/758/310
f 667/757/309 668/758/310 669/759/262
f 669/759/262 668/758/310 670/760/311
f 670/760/311 668/758/310 671/761/260
f 671/761/260 668/758/310 672/762/259
f 672/762/259 668/758/310 673/763/312
f 673/763/312 668/758/310 674/764/313
f 674/764/313 668/758/310 675/765/314
f 674/764/313 675/765/314 676/766/315
f 676/766/315 675/765/314 677/767/316
f 677/767/316 675/765/314 678/768/253
f 678/768/253 675/765/314 679/769/252
f 679/769/252 675/765/314 680/770/317
f 680/770/317 675/765/314 681/771/318
f 681/771/318 675/765/314 682/772/319
f 682/772/319 675/765/314 683/773/320
f 682/772/319 683/773/320 684/774/321
f 684/774/321 683/773/320 685/775/246
f 685/775/246 683/773/320 686/776/322
f 686/776/322 683/773/320 687/777/244
f 687/777/244 683/773/320 688/778/323
f 688/778/323 683/773/320 689/779/324
f 689/779/324 683/773/320 690/780/325
f 689/779/324 690/780/325 691/781/326
f 691/781/326 690/780/325 692/782/327
f 692/782/327 690/780/325 693/783/238
f 693/783/238 690/780/325 694/784/237
f 694/784/237 690/780/325 695/785/328
f 695/785/328 690/780/325 696/786/236
f 696/786/236 690/780/325 697/787/329
f 697/787/329 690/780/325 698/788/330
f 698/788/330 690/780/325 699/789/233
f 699/789/233 690/780/325 700/790/231
f 700/790/231 690/780/325 574/657/221
f 700/790/231 574/657/221 701/791/331
f 701/791/331 574/657/221 702/792/332
f 702/792/332 574/657/221 703/793/333
f 703/793/333 574/657/221 704/794/334
f 704/794/334 574/657/221 705/795/335
f 705/795/335 574/657/221 706/796/225
f 706/796/225 574/657/221 707/797/336
f 707/797/336 574/657/221 708/798/223
f 708/798/223 574/657/221 575/659/223
f 110/799/337 112/800/144 709/801/144
f 709/801/144 112/800/144 113/802/338
f 709/801/144 113/802/338 710/803/339
f 710/803/339 113/802/338 114/804/340
f 710/803/339 114/804/340 711/805/341
f 711/805/341 114/804/340 115/806/342
f 711/805/341 115/806/342 712/807/343
f 712/807/343 115/806/342 116/808/344
f 712/807/343 116/808/344 117/809/345
f 712/807/343 117/809/345 713/810/346
f 713/810/346 117/809/345 118/811/347
f 713/810/346 118/811/347 714/812/348
f 714/812/348 118/811/347 119/813/349
f 714/812/348 119/813/349 715/814/350
f 715/814/350 119/813/349 120/815/351
f 715/814/350 120/815/351 716/816/352
f 716/816/352 120/815/351 121/817/353
f 716/816/352 121/817/353 122/818/354
f 716/816/352 122/818/354 717/819/355
f 717/819/355 122/818/354 123/820/356
f 717/819/355 123/820/356 718/821/357
f 718/821/357 123/820/356 124/822/358
f 718/821/357 124/822/358 719/823/359
f 719/823/359 124/822/358 125/824/360
f 719/823/359 125/824/360 720/825/361
f 720/825/361 125/824/360 126/826/362
f 720/825/361 126/826/362 127/827/363
f 720/825/361 127/827/363 721/828/364
f 721/828/364 127/827/363 128/829/365
f 721/828/364 128/829/365 722/830/366
f 722/831/366 128/832/365 129/833/367
f 722/831/366 129/833/367 723/834/368
f 723/834/368 129/833/367 130/835/369
f 723/834/368 130/835/369 131/836/370
f 723/834/368 131/836/370 724/837/371
f 724/837/371 131/836/370 132/838/372
f 724/837/371 132/838/372 725/839/373
f 725/839/373 132/838/372 133/840/374
f 725/839/373 133/840/374 726/841/375
f 726/841/375 133/840/374 134/842/376
f 726/841/375 134/842/376 727/843/377
f 727/843/377 134/842/376 135/844/378
f 727/843/377 135/844/378 136/845/379
f 727/843/377 136/845/379 728/846/380
f 728/846/380 136/845/379 137/847/381
f 728/846/380 137/847/381 729/848/382
f 729/848/382 137/847/381 138/849/383
f 729/848/382 138/849/383 730/850/384
f 730/850/384 138/849/383 139/851/385
f 730/850/384 139/851/385 731/852/386
f 731/852/386 139/851/385 140/853/387
f 731/852/386 140/853/387 141/854/388
f 731/852/386 141/854/388 732/855/389
f 732/855/389 141/854/388 142/856/390
f 732/855/389 142/856/390 733/857/391
f 733/857/391 142/856/390 143/858/392
f 733/857/391 143/858/392 734/859/130
f 734/859/130 143/858/392 144/860/393
f 734/859/130 144/860/393 145/861/394
f 734/859/130 145/861/394 735/862/395
f 735/862/395 145/861/394 146/863/396
f 735/862/395 146/863/396 736/864/397
f 736/864/397 146/863/396 147/865/398
f 736/864/397 147/865/398 737/866/399
f 737/866/399 147/865/398 148/867/400
f 737/866/399 148/867/400 149/868/401
f 737/866/399 149/868/401 738/869/402
f 738/869/402 149/868/401 150/870/403
f 738/869/402 150/870/403 739/871/404
f 739/871/404 150/870/403 151/872/405
f 739/871/404 151/872/405 740/873/406
f 740/873/406 151/872/405 152/874/407
f 740/873/406 152/874/407 741/875/408
f 741/875/408 152/874/407 153/876/409
f 741/875/408 153/876/409 154/877/410
f 741/875/408 154/877/410 742/878/411
f 742/878/411 154/877/410 155/879/412
f 742/878/411 155/879/412 743/880/413
f 743/880/413 155/879/412 156/881/414
f 743/880/413 156/881/414 744/882/415
f 744/882/415 156/881/414 157/883/416
f 744/882/415 157/883/416 745/884/417
f 745/884/417 157/883/416 158/885/418
f 745/884/417 158/885/418 159/886/419
f 745/884/417 159/886/419 746/887/420
f 746/887/420 159/886/419 160/888/421
f 746/889/420 160/890/421 747/891/422
f 747/891/422 160/890/421 161/892/423
f 747/891/422 161/892/423 748/893/424
f 748/893/424 161/892/423 162/894/425
f 748/893/424 162/894/425 163/895/426
f 748/893/424 163/895/426 749/896/427
f 749/896/427 163/895/426 164/897/428
f 749/896/427 164/897/428 750/898/429
f 750/898/429 164/897/428 165/899/430
f 750/898/429 165/899/430 751/900/431
f 751/900/431 165/899/430 166/901/432
f 751/900/431 166/901/432 752/902/433
f 752/902/433 166/901/432 167/903/434
f 752/902/433 167/903/434 168/904/435
f 752/902/433 168/904/435 753/905/436
f 753/905/436 168/904/435 169/906/437
f 753/905/436 169/906/437 754/907/438
f 754/907/438 169/906/437 170/908/439
f 754/907/438 170/908/439 755/909/440
f 755/909/440 170/908/439 171/910/441
f 755/909/440 171/910/441 756/911/442
f 756/911/442 171/910/441 172/912/443
f 756/911/442 172/912/443 173/913/444
f 756/911/442 173/913/444 757/914/445
f 757/914/445 173/913/444 174/915/446
f 757/914/445 174/915/446 758/916/447
f 758/916/447 174/915/446 175/917/448
f 758/916/447 175/917/448 759/918/449
f 759/918/449 175/917/448 176/919/152
f 759/918/449 176/919/152 178/920/450
f 759/918/449 178/920/450 760/921/451
f 760/921/451 178/920/450 179/922/452
f 760/921/451 179/922/452 761/923/453
f 761/923/453 179/922/452 181/924/454
f 761/923/453 181/924/454 762/925/455
f 762/925/455 181/924/454 182/926/456
f 762/925/455 182/926/456 183/927/457
f 762/925/455 183/927/457 763/928/458
f 763/928/458 183/927/457 184/929/459
f 763/928/458 184/929/459 764/930/460
f 764/930/460 184/929/459 185/931/461
f 764/930/460 185/931/461 765/932/462
f 765/932/462 185/931/461 186/933/463
f 765/932/462 186/933/463 766/934/464
f 766/934/464 186/933/463 187/935/465
f 766/934/464 187/935/465 188/936/466
f 766/934/464 188/936/466 767/937/467
f 767/937/467 188/936/466 189/938/468
f 767/937/467 189/938/468 768/939/469
f 768/939/469 189/938/468 190/940/470
f 768/939/469 190/940/470 769/941/471
f 769/941/471 190/940/470 191/942/472
f 769/941/471 191/942/472 770/943/473
f 770/943/473 191/942/472 192/944/474
f 770/943/473 192/944/474 193/945/475
f 770/943/473 193/945/475 771/946/476
f 771/946/476 193/945/475 194/947/477
f 771/948/476 194/949/477 772/950/478
f 772/950/478 194/949/477 196/951/479
f 772/950/478 196/951/479 773/952/480
f 773/952/480 196/951/479 197/953/481
f 773/952/480 197/953/481 198/954/482
f 773/952/480 198/954/482 774/955/483
f 774/955/483 198/954/482 199/956/484
f 774/955/483 199/956/484 775/957/485
f 775/957/485 199/956/484 200/958/486
f 775/957/485 200/958/486 776/959/487
f 776/959/487 200/958/486 201/960/488
f 776/959/487 201/960/488 777/961/489
f 777/961/489 201/960/488 202/962/490
f 777/961/489 202/962/490 203/963/491
f 777/961/489 203/963/491 778/964/492
f 778/964/492 203/963/491 205/965/493
f 778/964/492 205/965/493 779/966/494
f 779/966/494 205/965/493 206/967/495
f 779/966/494 206/967/495 780/968/496
f 780/968/496 206/967/495 207/969/497
f 780/968/496 207/969/497 781/970/498
f 781/970/498 207/969/497 208/971/499
f 781/970/498 208/971/499 209/972/500
f 781/970/498 209/972/500 782/973/501
f 782/973/501 209/972/500 210/974/502
f 782/973/501 210/974/502 783/975/503
f 783/975/503 210/974/502 211/976/504
f 783/975/503 211/976/504 784/977/1
f 784/977/1 211/976/504 212/978/505
f 784/977/1 212/978/505 214/979/506
f 784/977/1 214/979/506 785/980/507
f 785/980/507 214/979/506 215/981/508
f 785/980/507 215/981/508 786/982/509
f 786/982/509 215/981/508 216/983/510
f 786/982/509 216/983/510 787/984/511
f 787/984/511 216/983/510 217/985/512
f 787/984/511 217/985/512 218/986/513
f 787/984/511 218/986/513 788/987/514
f 788/987/514 218/986/513 219/988/515
f 788/987/514 219/988/515 789/989/516
f 789/989/516 219/988/515 220/990/517
f 789/989/516 220/990/517 790/991/518
f 790/991/518 220/990/517 222/992/519
f 790/991/518 222/992/519 791/993/520
f 791/993/520 222/992/519 223/994/521
f 791/993/520 223/994/521 224/995/522
f 791/993/520 224/995/522 792/996/523
f 792/996/523 224/995/522 225/997/524
f 792/996/523 225/997/524 793/998/525
f 793/998/525 225/997/524 226/999/526
f 793/998/525 226/999/526 794/1000/527
f 794/1000/527 226/999/526 227/1001/528
f 794/1000/527 227/1001/528 795/1002/529
f 795/1002/529 227/1001/528 228/1003/530
f 795/1002/529 228/1003/530 229/1004/531
f 795/1002/529 229/1004/531 796/1005/532
f 796/1005/532 229/1004/531 230/1006/533
f 796/1007/532 230/1008/533 797/1009/534
f 797/1009/534 230/1008/533 232/1010/535
f 797/1009/534 232/1010/535 798/1011/536
f 798/1011/536 232/1010/535 233/1012/537
f 798/1011/536 233/1012/537 234/1013/538
f 798/1011/536 234/1013/538 799/1014/539
f 799/1014/539 234/1013/538 235/1015/540
f 799/1014/539 235/1015/540 800/1016/541
f 800/1016/541 235/1015/540 236/1017/542
f 800/1016/541 236/1017/542 801/1018/543
f 801/1018/543 236/1017/542 237/1019/544
f 801/1018/543 237/1019/544 802/1020/545
f 802/1020/545 237/1019/544 238/1021/546
f 802/1020/545 238/1021/546 239/1022/547
f 802/1020/545 239/1022/547 803/1023/548
f 803/1023/548 239/1022/547 240/1024/549
f 803/1023/548 240/1024/549 804/1025/550
f 804/1025/550 240/1024/549 241/1026/551
f 804/1025/550 241/1026/551 805/1027/552
f 805/1027/552 241/1026/551 242/1028/553
f 805/1027/552 242/1028/553 806/1029/554
f 806/1029/554 242/1028/553 243/1030/555
f 806/1029/554 243/1030/555 244/1031/556
f 806/1029/554 244/1031/556 807/1032/557
f 807/1032/557 244/1031/556 245/1033/558
f 807/1032/557 245/1033/558 808/1034/559
f 808/1034/559 245/1033/558 110/799/337
f 808/1034/559 110/799/337 709/801/144
f 710/1035/219 809/1036/219 709/1037/219
f 709/1037/219 809/1036/219 810/1038/219
f 709/1037/219 810/1038/219 811/1039/219
f 809/1036/219 710/1035/219 812/1040/219
f 812/1040/219 710/1035/219 711/1041/219
f 812/1040/219 711/1041/219 813/1042/219
f 813/1042/219 711/1041/219 712/1043/219
f 813/1042/219 712/1043/219 814/1044/219
f 814/1044/219 712/1043/219 713/1045/219
f 814/1044/219 713/1045/219 815/1046/219
f 815/1046/219 713/1045/219 714/1047/219
f 815/1046/219 714/1047/219 816/1048/219
f 816/1048/219 714/1047/219 715/1049/219
f 816/1048/219 715/1049/219 817/1050/219
f 817/1050/219 715/1049/219 716/1051/219
f 817/1050/219 716/1051/219 818/1052/219
f 818/1052/219 716/1051/219 717/1053/219
f 818/1052/219 717/1053/219 819/1054/219
f 819/1054/219 717/1053/219 718/1055/219
f 819/1054/219 718/1055/219 820/1056/219
f 820/1056/219 718/1055/219 719/1057/219
f 820/1056/219 719/1057/219 821/1058/219
f 821/1058/219 719/1057/219 720/1059/219
f 821/1058/219 720/1059/219 822/1060/219
f 822/1060/219 720/1059/219 721/1061/219
f 822/1060/219 721/1061/219 823/1062/219
f 823/1062/219 721/1061/219 722/1063/219
f 823/1062/219 722/1063/219 824/1064/219
f 824/1064/219 722/1063/219 825/1065/219
f 825/1065/219 722/1063/219 723/1066/219
f 825/1065/219 723/1066/219 826/1067/219
f 826/1067/219 723/1066/219 724/1068/219
f 826/1067/219 724/1068/219 827/1069/219
f 827/1069/219 724/1068/219 725/1070/219
f 827/1069/219 725/1070/219 828/1071/219
f 828/1071/219 725/1070/219 726/1072/219
f 828/1071/219 726/1072/219 829/1073/219
f 829/1073/219 726/1072/219 727/1074/219
f 829/1073/219 727/1074/219 830/1075/219
f 830/1075/219 727/1074/219 728/1076/219
f 830/1075/219 728/1076/219 831/1077/219
f 831/1077/219 728/1076/219 729/1078/219
f 831/1077/219 729/1078/219 832/1079/219
f 832/1079/219 729/1078/219 730/1080/219
f 832/1079/219 730/1080/219 833/1081/219
f 833/1081/219 730/1080/219 731/1082/219
f 833/1081/219 731/1082/219 834/1083/219
f 834/1083/219 731/1082/219 732/1084/219
f 834/1083/219 732/1084/219 835/1085/219
f 835/1085/219 732/1084/219 733/1086/219
f 835/1085/219 733/1086/219 836/1087/219
f 836/1087/219 733/1086/219 734/1088/219
f 836/1087/219 734/1088/219 837/1089/219
f 837/1089/219 734/1088/219 838/1090/219
f 838/1090/219 734/1088/219 735/1091/219
f 838/1090/219 735/1091/219 839/1092/219
f 839/1092/219 735/1091/219 736/1093/219
f 839/1092/219 736/1093/219 840/1094/219
f 840/1094/219 736/1093/219 737/1095/219
f 840/1094/219 737/1095/219 841/1096/219
f 841/1096/219 737/1095/219 738/1097/219
f 841/1096/219 738/1097/219 842/1098/219
f 842/1098/219 738/1097/219 739/1099/219
f 842/1098/219 739/1099/219 843/1100/219
f 843/1100/219 739/1099/219 740/1101/219
f 843/1100/219 740/1101/219 844/1102/219
f 844/1102/219 740/1101/219 741/1103/219
f 844/1102/219 741/1103/219 845/1104/219
f 845/1104/219 741/1103/219 742/1105/219
f 845/1104/219 742/1105/219 846/1106/219
f 846/1106/219 742/1105/219 743/1107/219
f 846/1106/219 743/1107/219 847/1108/219
f 847/1108/219 743/1107/219 744/1109/219
f 847/1108/219 744/1109/219 848/1110/219
f 848/1110/219 744/1109/219 745/1111/219
f 848/1110/219 745/1111/219 849/1112/219
f 849/1112/219 745/1111/219 746/1113/219
f 849/1112/219 746/1113/219 850/1114/219
f 850/1114/219 746/1113/219 851/1115/219
f 851/1115/219 746/1113/219 747/1116/219
f 851/1115/219 747/1116/219 852/1117/219
f 852/1117/219 747/1116/219 748/1118/219
f 852/1117/219 748/1118/219 853/1119/219
f 853/1119/219 748/1118/219 749/1120/219
f 853/1119/219 749/1120/219 854/1121/219
f 854/1121/219 749/1120/219 750/1122/219
f 854/1121/219 750/1122/219 855/1123/219
f 855/1123/219 750/1122/219 751/1124/219
f 855/1123/219 751/1124/219 856/1125/219
f 856/1125/219 751/1124/219 752/1126/219
f 856/1125/219 752/1126/219 857/1127/219
f 857/1127/219 752/1126/219 753/1128/219
f 857/1127/219 753/1128/219 858/1129/219
f 858/1129/219 753/1128/219 754/1130/219
f 858/1129/219 754/1130/219 859/1131/219
f 859/1131/219 754/1130/219 755/1132/219
f 859/1131/219 755/1132/219 860/1133/219
f 860/1133/219 755/1132/219 756/1134/219
f 860/1133/219 756/1134/219 861/1135/219
f 861/1135/219 756/1134/219 757/1136/219
f 861/1135/219 757/1136/219 862/1137/219
f 862/1137/219 757/1136/219 758/1138/219
f 862/1137/219 758/1138/219 863/1139/219
f 863/1139/219 758/1138/219 759/1140/219
f 863/1139/219 759/1140/219 864/1141/219
f 864/1141/219 759/1140/219 865/1142/219
f 865/1142/219 759/1140/219 760/1143/219
f 865/1142/219 760/1143/219 866/1144/219
f 866/1144/219 760/1143/219 761/1145/219
f 866/1144/219 761/1145/219 867/1146/219
f 867/1146/219 761/1145/219 762/1147/219
f 867/1146/219 762/1147/219 868/1148/219
f 868/1148/219 762/1147/219 763/1149/219
f 868/1148/219 763/1149/219 869/1150/219
f 869/1150/219 763/1149/219 764/1151/219
f 869/1150/219 764/1151/219 870/1152/219
f 870/1152/219 764/1151/219 765/1153/219
f 870/1152/219 765/1153/219 871/1154/219
f 871/1154/219 765/1153/219 766/1155/219
f 871/1154/219 766/1155/219 872/1156/219
f 872/1156/219 766/1155/219 767/1157/219
f 872/1156/219 767/1157/219 873/1158/219
f 873/1158/219 767/1157/219 768/1159/219
f 873/1158/219 768/1159/219 874/1160/219
f 874/1160/219 768/1159/219 769/1161/219
f 874/1160/219 769/1161/219 875/1162/219
f 875/1162/219 769/1161/219 770/1163/219
f 875/1162/219 770/1163/219 876/1164/219
f 876/1164/219 770/1163/219 771/1165/219
f 876/1164/219 771/1165/219 877/1166/219
f 877/1166/219 771/1165/219 772/1167/219
f 877/1166/219 772/1167/219 878/1168/219
f 878/1168/219 772/1167/219 879/1169/219
f 879/1169/219 772/1167/219 773/1170/219
f 879/1169/219 773/1170/219 880/1171/219
f 880/1171/219 773/1170/219 774/1172/219
f 880/1171/219 774/1172/219 881/1173/219
f 881/1173/219 774/1172/219 775/1174/219
f 881/1173/219 775/1174/219 882/1175/219
f 882/1175/219 775/1174/219 776/1176/219
f 882/1175/219 776/1176/219 883/1177/219
f 883/1177/219 776/1176/219 777/1178/219
f 883/1177/219 777/1178/219 884/1179/219
f 884/1179/219 777/1178/219 778/1180/219
f 884/1179/219 778/1180/219 885/1181/219
f 885/1181/219 778/1180/219 779/1182/219
f 885/1181/219 779/1182/219 886/1183/219
f 886/1183/219 779/1182/219 780/1184/219
f 886/1183/219 780/1184/219 887/1185/219
f 887/1185/219 780/1184/219 781/1186/219
f 887/1185/219 781/1186/219 888/1187/219
f 888/1187/219 781/1186/219 782/1188/219
f 888/1187/219 782/1188/219 889/1189/219
f 889/1189/219 782/1188/219 783/1190/219
f 889/1189/219 783/1190/219 890/1191/219
f 890/1191/219 783/1190/219 784/1192/219
f 890/1191/219 784/1192/219 891/1193/219
f 891/1193/219 784/1192/219 892/1194/219
f 892/1194/219 784/1192/219 785/1195/219
f 892/1194/219 785/1195/219 893/1196/219
f 893/1196/219 785/1195/219 786/1197/219
f 893/1196/219 786/1197/219 894/1198/219
f 894/1198/219 786/1197/219 787/1199/219
f 894/1198/219 787/1199/219 895/1200/219
f 895/1200/219 787/1199/219 788/1201/219
f 895/1200/219 788/1201/219 896/1202/219
f 896/1202/219 788/1201/219 789/1203/219
f 896/1202/219 789/1203/219 897/1204/219
f 897/1204/219 789/1203/219 790/1205/219
f 897/1204/219 790/1205/219 898/1206/219
f 898/1206/219 790/1205/219 791/1207/219
f 898/1206/219 791/1207/219 899/1208/219
f 899/1208/219 791/1207/219 792/1209/219
f 899/1208/219 792/1209/219 900/1210/219
f 900/1210/219 792/1209/219 793/1211/219
f 900/1210/219 793/1211/219 901/1212/219
f 901/1212/219 793/1211/219 794/1213/219
f 901/1212/219 794/1213/219 902/1214/219
f 902/1214/219 794/1213/219 795/1215/219
f 902/1214/219 795/1215/219 903/1216/219
f 903/1216/219 795/1215/219 796/1217/219
f 903/1216/219 796/1217/219 904/1218/219
f 904/1218/219 796/1217/219 905/1219/219
f 905/1219/219 796/1217/219 797/1220/219
f 905/1219/219 797/1220/219 906/1221/219
f 906/1221/219 797/1220/219 798/1222/219
f 906/1221/219 798/1222/219 907/1223/219
f 907/1223/219 798/1222/219 799/1224/219
f 907/1223/219 799/1224/219 908/1225/219
f 908/1225/219 799/1224/219 800/1226/219
f 908/1225/219 800/1226/219 909/1227/219
f 909/1227/219 800/1226/219 801/1228/219
f 909/1227/219 801/1228/219 910/1229/219
f 910/1229/219 801/1228/219 802/1230/219
f 910/1229/219 802/1230/219 911/1231/219
f 911/1231/219 802/1230/219 803/1232/219
f 911/1231/219 803/1232/219 912/1233/219
f 912/1233/219 803/1232/219 804/1234/219
f 912/1233/219 804/1234/219 913/1235/219
f 913/1235/219 804/1234/219 805/1236/219
f 913/1235/219 805/1236/219 914/1237/219
f 914/1237/219 805/1236/219 806/1238/219
f 914/1237/219 806/1238/219 915/1239/219
f 915/1239/219 806/1238/219 807/1240/219
f 915/1239/219 807/1240/219 916/1241/219
f 916/1241/219 807/1240/219 808/1242/219
f 916/1241/219 808/1242/219 811/1039/219
f 811/1039/219 808/1242/219 709/1037/219
f 809/1243/560 638/1244/561 810/1245/562
f 810/1245/562 638/1244/561 639/1246/152
f 810/1245/562 639/1246/152 640/1247/448
f 638/1244/561 809/1243/560 637/1248/452
f 637/1248/452 809/1243/560 812/1249/563
f 637/1248/452 812/1249/563 636/1250/454
f 636/1250/454 812/1249/563 813/1251/564
f 636/1250/454 813/1251/564 635/1252/565
f 635/1252/565 813/1251/564 814/1253/566
f 635/1252/565 814/1253/566 634/1254/567
f 634/1254/567 814/1253/566 815/1255/568
f 634/1254/567 815/1255/568 633/1256/459
f 633/1256/459 815/1255/568 632/1257/569
f 632/1257/569 815/1255/568 816/1258/570
f 632/1257/569 816/1258/570 631/1259/571
f 631/1259/571 816/1258/570 817/1260/572
f 631/1259/571 817/1260/572 630/1261/573
f 630/1261/573 817/1260/572 818/1262/574
f 630/1261/573 818/1262/574 629/1263/575
f 629/1263/575 818/1262/574 819/1264/576
f 629/1263/575 819/1264/576 628/1265/577
f 628/1265/577 819/1264/576 820/1266/578
f 628/1265/577 820/1266/578 627/1267/579
f 627/1267/579 820/1266/578 821/1268/580
f 627/1267/579 821/1268/580 626/1269/581
f 626/1269/581 821/1268/580 625/1270/582
f 625/1270/582 821/1268/580 822/1271/583
f 625/1270/582 822/1271/583 624/1272/584
f 624/1272/584 822/1271/583 823/1273/585
f 624/1272/584 823/1273/585 623/1274/586
f 623/1274/586 823/1273/585 824/1275/587
f 623/1276/586 824/1277/587 622/1278/588
f 622/1278/588 824/1277/587 825/1279/589
f 622/1278/588 825/1279/589 621/1280/590
f 621/1280/590 825/1279/589 826/1281/591
f 621/1280/590 826/1281/591 620/1282/592
f 620/1282/592 826/1281/591 619/1283/593
f 619/1283/593 826/1281/591 827/1284/594
f 619/1283/593 827/1284/594 618/1285/595
f 618/1285/595 827/1284/594 828/1286/596
f 618/1285/595 828/1286/596 617/1287/597
f 617/1287/597 828/1286/596 829/1288/598
f 617/1287/597 829/1288/598 616/1289/599
f 616/1289/599 829/1288/598 830/1290/600
f 616/1289/599 830/1290/600 615/1291/601
f 615/1291/601 830/1290/600 831/1292/602
f 615/1291/601 831/1292/602 614/1293/603
f 614/1293/603 831/1292/602 832/1294/604
f 614/1293/603 832/1294/604 613/1295/605
f 613/1295/605 832/1294/604 612/1296/606
f 612/1296/606 832/1294/604 833/1297/607
f 612/1296/606 833/1297/607 611/1298/608
f 611/1298/608 833/1297/607 834/1299/609
f 611/1298/608 834/1299/609 610/1300/610
f 610/1300/610 834/1299/609 835/1301/611
f 610/1300/610 835/1301/611 609/1302/612
f 609/1302/612 835/1301/611 836/1303/613
f 609/1302/612 836/1303/613 608/1304/614
f 608/1304/614 836/1303/613 837/1305/615
f 608/1304/614 837/1305/615 607/1306/616
f 607/1306/616 837/1305/615 606/1307/617
f 606/1307/617 837/1305/615 838/1308/618
f 606/1307/617 838/1308/618 605/1309/619
f 605/1309/619 838/1308/618 839/1310/620
f 605/1309/619 839/1310/620 604/1311/621
f 604/1311/621 839/1310/620 840/1312/622
f 604/1311/621 840/1312/622 603/1313/623
f 603/1313/623 840/1312/622 841/1314/624
f 603/1313/623 841/1314/624 602/1315/625
f 602/1315/625 841/1314/624 842/1316/626
f 602/1315/625 842/1316/626 601/1317/627
f 601/1317/627 842/1316/626 600/1318/628
f 600/1318/628 842/1316/626 843/1319/629
f 600/1318/628 843/1319/629 599/1320/630
f 599/1320/630 843/1319/629 844/1321/631
f 599/1320/630 844/1321/631 598/1322/632
f 598/1322/632 844/1321/631 845/1323/633
f 598/1322/632 845/1323/633 597/1324/634
f 597/1324/634 845/1323/633 846/1325/635
f 597/1324/634 846/1325/635 596/1326/636
f 596/1326/636 846/1325/635 847/1327/637
f 596/1326/636 847/1327/637 595/1328/638
f 595/1328/638 847/1327/637 848/1329/639
f 595/1328/638 848/1329/639 594/1330/640
f 594/1330/640 848/1329/639 593/1331/641
f 593/1331/641 848/1329/639 849/1332/642
f 593/1331/641 849/1332/642 592/1333/643
f 592/1333/643 849/1332/642 850/1334/644
f 592/1333/643 850/1334/644 591/1335/645
f 591/1336/645 850/1337/644 851/1338/646
f 591/1336/645 851/1338/646 590/1339/647
f 590/1339/647 851/1338/646 852/1340/648
f 590/1339/647 852/1340/648 589/1341/649
f 589/1341/649 852/1340/648 853/1342/650
f 589/1341/649 853/1342/650 588/1343/651
f 588/1343/651 853/1342/650 587/1344/652
f 587/1344/652 853/1342/650 854/1345/653
f 587/1344/652 854/1345/653 586/1346/654
f 586/1346/654 854/1345/653 855/1347/655
f 586/1346/654 855/1347/655 585/1348/656
f 585/1348/656 855/1347/655 856/1349/657
f 585/1348/656 856/1349/657 584/1350/658
f 584/1350/658 856/1349/657 857/1351/659
f 584/1350/658 857/1351/659 583/1352/660
f 583/1352/660 857/1351/659 858/1353/661
f 583/1352/660 858/1353/661 582/1354/662
f 582/1354/662 858/1353/661 859/1355/663
f 582/1354/662 859/1355/663 581/1356/664
f 581/1356/664 859/1355/663 580/1357/553
f 580/1357/553 859/1355/663 860/1358/665
f 580/1357/553 860/1358/665 579/1359/666
f 579/1359/666 860/1358/665 861/1360/667
f 579/1359/666 861/1360/667 578/1361/668
f 578/1361/668 861/1360/667 862/1362/669
f 578/1361/668 862/1362/669 577/1363/670
f 577/1363/670 862/1362/669 863/1364/671
f 577/1363/670 863/1364/671 576/1365/672
f 576/1365/672 863/1364/671 864/1366/673
f 576/1365/672 864/1366/673 575/1367/144
f 575/1367/144 864/1366/673 708/1368/338
f 708/1368/338 864/1366/673 865/1369/674
f 708/1368/338 865/1369/674 707/1370/340
f 707/1370/340 865/1369/674 866/1371/675
f 707/1370/340 866/1371/675 706/1372/342
f 706/1372/342 866/1371/675 867/1373/676
f 706/1372/342 867/1373/676 705/1374/677
f 705/1374/677 867/1373/676 868/1375/678
f 705/1374/677 868/1375/678 704/1376/679
f 704/1376/679 868/1375/678 869/1377/680
f 704/1376/679 869/1377/680 703/1378/681
f 703/1378/681 869/1377/680 702/1379/682
f 702/1379/682 869/1377/680 870/1380/683
f 702/1379/682 870/1380/683 701/1381/684
f 701/1381/684 870/1380/683 871/1382/685
f 701/1381/684 871/1382/685 700/1383/686
f 700/1383/686 871/1382/685 872/1384/687
f 700/1383/686 872/1384/687 699/1385/688
f 699/1385/688 872/1384/687 873/1386/689
f 699/1385/688 873/1386/689 698/1387/690
f 698/1387/690 873/1386/689 874/1388/691
f 698/1387/690 874/1388/691 697/1389/692
f 697/1389/692 874/1388/691 875/1390/693
f 697/1389/692 875/1390/693 696/1391/694
f 696/1391/694 875/1390/693 695/1392/695
f 695/1392/695 875/1390/693 876/1393/696
f 695/1392/695 876/1393/696 694/1394/697
f 694/1394/697 876/1393/696 877/1395/698
f 694/1394/697 877/1395/698 693/1396/699
f 693/1396/699 877/1395/698 878/1397/700
f 693/1398/699 878/1399/700 692/1400/701
f 692/1400/701 878/1399/700 879/1401/702
f 692/1400/701 879/1401/702 691/1402/703
f 691/1402/703 879/1401/702 880/1403/704
f 691/1402/703 880/1403/704 689/1404/705
f 689/1404/705 880/1403/704 688/1405/706
f 688/1405/706 880/1403/704 881/1406/707
f 688/1405/706 881/1406/707 687/1407/708
f 687/1407/708 881/1406/707 882/1408/709
f 687/1407/708 882/1408/709 686/1409/710
f 686/1409/710 882/1408/709 883/1410/711
f 686/1409/710 883/1410/711 685/1411/712
f 685/1411/712 883/1410/711 884/1412/713
f 685/1411/712 884/1412/713 684/1413/714
f 684/1413/714 884/1412/713 885/1414/715
f 684/1413/714 885/1414/715 682/1415/716
f 682/1415/716 885/1414/715 886/1416/717
f 682/1415/716 886/1416/717 681/1417/718
f 681/1417/718 886/1416/717 680/1418/719
f 680/1418/719 886/1416/717 887/1419/720
f 680/1418/719 887/1419/720 679/1420/721
f 679/1420/721 887/1419/720 888/1421/722
f 679/1420/721 888/1421/722 678/1422/723
f 678/1422/723 888/1421/722 889/1423/724
f 678/1422/723 889/1423/724 677/1424/725
f 677/1424/725 889/1423/724 890/1425/726
f 677/1424/725 890/1425/726 676/1426/727
f 676/1426/727 890/1425/726 891/1427/728
f 676/1426/727 891/1427/728 674/1428/729
f 674/1428/729 891/1427/728 673/1429/730
f 673/1429/730 891/1427/728 892/1430/731
f 673/1429/730 892/1430/731 672/1431/732
f 672/1431/732 892/1430/731 893/1432/733
f 672/1431/732 893/1432/733 671/1433/734
f 671/1433/734 893/1432/733 894/1434/735
f 671/1433/734 894/1434/735 670/1435/736
f 670/1435/736 894/1434/735 895/1436/737
f 670/1435/736 895/1436/737 669/1437/738
f 669/1437/738 895/1436/737 896/1438/739
f 669/1437/738 896/1438/739 667/1439/740
f 667/1439/740 896/1438/739 666/1440/741
f 666/1440/741 896/1438/739 897/1441/742
f 666/1440/741 897/1441/742 665/1442/743
f 665/1442/743 897/1441/742 898/1443/744
f 665/1442/743 898/1443/744 664/1444/745
f 664/1444/745 898/1443/744 899/1445/746
f 664/1444/745 899/1445/746 663/1446/747
f 663/1446/747 899/1445/746 900/1447/748
f 663/1446/747 900/1447/748 662/1448/749
f 662/1448/749 900/1447/748 901/1449/750
f 662/1448/749 901/1449/750 661/1450/751
f 661/1450/751 901/1449/750 902/1451/752
f 661/1450/751 902/1451/752 659/1452/753
f 659/1452/753 902/1451/752 658/1453/754
f 658/1453/754 902/1451/752 903/1454/755
f 658/1453/754 903/1454/755 657/1455/756
f 657/1455/756 903/1454/755 904/1456/757
f 657/1455/756 904/1456/757 656/1457/758
f 656/1458/758 904/1459/757 905/1460/759
f 656/1458/758 905/1460/759 655/1461/760
f 655/1461/760 905/1460/759 906/1462/761
f 655/1461/760 906/1462/761 654/1463/762
f 654/1463/762 906/1462/761 907/1464/763
f 654/1463/762 907/1464/763 653/1465/764
f 653/1465/764 907/1464/763 652/1466/765
f 652/1466/765 907/1464/763 908/1467/766
f 652/1466/765 908/1467/766 651/1468/767
f 651/1468/767 908/1467/766 909/1469/768
f 651/1468/767 909/1469/768 649/1470/769
f 649/1470/769 909/1469/768 910/1471/770
f 649/1470/769 910/1471/770 648/1472/771
f 648/1472/771 910/1471/770 911/1473/772
f 648/1472/771 911/1473/772 647/1474/435
f 647/1474/435 911/1473/772 912/1475/773
f 647/1474/435 912/1475/773 646/1476/437
f 646/1476/437 912/1475/773 913/1477/774
f 646/1476/437 913/1477/774 645/1478/775
f 645/1478/775 913/1477/774 644/1479/776
f 644/1479/776 913/1477/774 914/1480/777
f 644/1479/776 914/1480/777 643/1481/778
f 643/1481/778 914/1480/777 915/1482/779
f 643/1481/778 915/1482/779 642/1483/444
f 642/1483/444 915/1482/779 916/1484/780
f 642/1483/444 916/1484/780 641/1485/446
f 641/1485/446 916/1484/780 811/1486/781
f 641/1485/446 811/1486/781 640/1247/448
f 640/1247/448 811/1486/781 810/1245/562
f 917/1487/152 918/1488/152 919/1489/782
f 919/1489/782 918/1488/152 920/1490/783
f 919/1489/782 920/1490/783 921/1491/784
f 919/1489/782 921/1491/784 922/1492/785
f 922/1492/785 921/1491/784 923/1493/786
f 922/1492/785 923/1493/786 924/1494/787
f 922/1492/785 924/1494/787 925/1495/153
f 925/1495/153 924/1494/787 926/1496/178
f 925/1495/153 926/1496/178 927/1497/177
f 925/1495/153 927/1497/177 928/1498/788
f 928/1498/788 927/1497/177 929/1499/176
f 928/1498/788 929/1499/176 930/1500/175
f 928/1498/788 930/1500/175 931/1501/155
f 931/1501/155 930/1500/175 932/1502/174
f 931/1503/155 932/1504/174 933/1505/173
f 931/1503/155 933/1505/173 934/1506/789
f 934/1506/789 933/1505/173 935/1507/172
f 934/1506/789 935/1507/172 936/1508/790
f 936/1508/790 935/1507/172 937/1509/171
f 936/1508/790 937/1509/171 938/1510/791
f 938/1510/791 937/1509/171 939/1511/792
f 938/1510/791 939/1511/792 940/1512/169
f 938/1510/791 940/1512/169 941/1513/159
f 941/1513/159 940/1512/169 942/1514/168
f 941/1513/159 942/1514/168 943/1515/167
f 547/621/160 546/620/201 943/1515/167
f 943/1515/167 546/620/201 941/1513/159
f 546/620/201 944/1516/159 941/1513/159
f 941/1513/159 944/1516/159 938/1510/791
f 944/1516/159 945/1517/158 938/1510/791
f 938/1510/791 945/1517/158 936/1508/790
f 945/1517/158 946/1518/157 936/1508/790
f 936/1508/790 946/1518/157 934/1506/789
f 946/1518/157 947/1519/156 934/1506/789
f 934/1506/789 947/1519/156 931/1503/155
f 947/1519/156 948/1520/155 931/1503/155
f 931/1501/155 948/1521/155 928/1498/788
f 948/1521/155 949/1522/154 928/1498/788
f 928/1498/788 949/1522/154 925/1495/153
f 949/1522/154 950/1523/153 925/1495/153
f 925/1495/153 950/1523/153 922/1492/785
f 950/1523/153 951/1524/148 922/1492/785
f 922/1492/785 951/1524/148 919/1489/782
f 951/1524/148 952/1525/150 919/1489/782
f 919/1489/782 952/1525/150 917/1487/152
f 492/551/152 953/1526/152 385/550/152
f 385/550/152 953/1526/152 954/1527/152
f 385/550/152 954/1527/152 955/1528/152
f 955/1528/152 956/1529/152 385/550/152
f 385/550/152 956/1529/152 957/1530/152
f 385/550/152 957/1530/152 958/1531/152
f 958/1531/152 959/1532/152 385/550/152
f 385/550/152 959/1532/152 401/1533/152
f 401/1533/152 959/1532/152 960/1534/152
f 401/1533/152 960/1534/152 961/1535/152
f 961/1535/152 962/1536/152 401/1533/152
f 401/1533/152 962/1536/152 963/1537/152
f 401/1533/152 963/1537/152 964/1538/152
f 401/1533/152 964/1538/152 965/1539/152
f 965/1539/152 964/1538/152 966/1540/152
f 965/1539/152 966/1540/152 967/1541/152
f 967/1541/152 968/1542/152 965/1539/152
f 965/1539/152 968/1542/152 969/1543/152
f 965/1539/152 969/1543/152 970/1544/152
f 970/1544/152 971/1545/152 965/1539/152
f 965/1539/152 971/1545/152 917/1487/152
f 917/1487/152 971/1545/152 972/1546/152
f 917/1487/152 972/1546/152 973/1547/152
f 973/1547/152 974/1548/152 917/1487/152
f 917/1487/152 974/1548/152 975/1549/152
f 917/1487/152 975/1549/152 976/1550/152
f 976/1550/152 977/1551/152 917/1487/152
f 917/1487/152 977/1551/152 918/1488/152
f 978/1552/1 979/1553/1 918/1554/1
f 918/1554/1 979/1553/1 980/1555/1
f 918/1554/1 980/1555/1 981/1556/1
f 918/1554/1 981/1556/1 920/1557/1
f 920/1557/1 981/1556/1 982/1558/1
f 920/1557/1 982/1558/1 921/1559/1
f 921/1559/1 982/1558/1 923/1560/1
f 918/1554/1 977/1561/1 978/1552/1
f 983/1562/130 491/1563/130 984/1564/130
f 984/1564/130 491/1563/130 489/1565/130
f 984/1564/130 489/1565/130 487/1566/130
f 491/1563/130 983/1562/130 492/1567/130
f 492/1567/130 983/1562/130 985/1568/130
f 492/1567/130 985/1568/130 986/1569/130
f 986/1569/130 987/1570/130 492/1567/130
f 492/1567/130 987/1570/130 953/1571/130
f 923/1560/1 982/1558/1 924/1572/793
f 924/1572/793 982/1558/1 988/1573/794
f 924/1572/793 988/1573/794 926/1574/795
f 926/1574/795 988/1573/794 989/1575/796
f 926/1574/795 989/1575/796 927/1576/797
f 927/1576/797 989/1575/796 929/1577/798
f 929/1577/798 989/1575/796 990/1578/799
f 929/1577/798 990/1578/799 930/1579/800
f 930/1579/800 990/1578/799 991/1580/801
f 930/1579/800 991/1580/801 932/1581/802
f 932/1581/802 991/1580/801 933/1582/803
f 933/1582/803 991/1580/801 992/1583/804
f 933/1582/803 992/1583/804 935/1584/805
f 935/1584/805 992/1583/804 937/1585/806
f 937/1585/806 992/1583/804 993/1586/807
f 937/1585/806 993/1586/807 939/1587/808
f 939/1587/808 993/1586/807 994/1588/809
f 939/1587/808 994/1588/809 940/1589/810
f 940/1589/810 994/1588/809 942/1590/811
f 942/1590/811 994/1588/809 943/1591/812
f 943/1591/812 994/1588/809 995/1592/813
f 943/1591/812 995/1592/813 547/1593/814
f 547/621/814 995/1594/813 545/619/815
f 545/619/815 995/1594/813 996/1595/816
f 545/619/815 996/1595/816 997/1596/817
f 998/1597/818 999/1598/819 997/1596/817
f 997/1596/817 999/1598/819 544/618/820
f 997/1596/817 544/618/820 545/619/815
f 999/1598/819 998/1597/818 1000/1599/821
f 1000/1599/821 998/1597/818 1001/1600/822
f 1000/1599/821 1001/1600/822 1002/1601/823
f 1002/1601/823 1001/1600/822 1003/1602/824
f 1002/1601/823 1003/1602/824 1004/1603/825
f 1002/1601/823 1004/1603/825 1005/1604/826
f 1005/1604/826 1004/1603/825 1006/1605/827
f 1005/1604/826 1006/1605/827 525/599/219
f 525/599/219 1006/1605/827 1007/1606/219
f 526/600/828 527/601/829 525/599/219
f 525/599/219 527/601/829 528/602/830
f 525/599/219 528/602/830 529/603/831
f 529/603/831 530/604/832 525/599/219
f 525/599/219 530/604/832 531/605/833
f 525/599/219 531/605/833 1005/1604/826
f 1005/1604/826 531/605/833 532/606/834
f 1005/1604/826 532/606/834 533/607/835
f 533/607/835 534/608/836 1005/1604/826
f 1005/1604/826 534/608/836 535/609/837
f 1005/1604/826 535/609/837 536/610/838
f 1005/1604/826 536/610/838 1002/1601/823
f 1002/1601/823 536/610/838 537/611/839
f 1002/1601/823 537/611/839 538/612/840
f 538/612/840 539/613/841 1002/1601/823
f 1002/1601/823 539/613/841 1000/1599/821
f 539/613/841 541/615/842 1000/1599/821
f 1000/1599/821 541/615/842 542/616/843
f 1000/1599/821 542/616/843 543/617/844
f 1000/1599/821 543/617/844 999/1598/819
f 999/1598/819 543/617/844 544/618/820
f 1007/1606/219 1008/1607/219 525/599/219
f 525/599/219 1008/1607/219 523/597/219
f 1009/1608/845 1010/1609/846 1008/1607/219
f 1008/1607/219 1010/1609/846 548/622/847
f 1008/1607/219 548/622/847 522/595/848
f 1009/1608/845 1011/1610/849 1010/1609/846
f 1010/1609/846 1011/1610/849 1012/1611/850
f 1010/1609/846 1012/1611/850 556/630/851
f 556/630/851 1012/1611/850 557/631/852
f 557/631/852 1012/1611/850 558/632/853
f 558/632/853 1012/1611/850 559/633/854
f 559/633/854 1012/1611/850 560/634/855
f 560/634/855 1012/1611/850 1013/1612/856
f 560/634/855 1013/1612/856 561/636/857
f 561/636/857 1013/1612/856 562/637/858
f 562/637/858 1013/1612/856 563/638/859
f 563/638/859 1013/1612/856 1014/1613/860
f 563/638/859 1014/1613/860 564/639/861
f 564/639/861 1014/1613/860 1015/1614/862
f 564/639/861 1015/1614/862 565/640/863
f 565/640/863 1015/1614/862 1016/1615/864
f 565/640/863 1016/1615/864 1017/1616/865
f 1011/1610/849 1018/1617/866 1012/1611/850
f 1012/1611/850 1018/1617/866 1019/1618/867
f 1012/1611/850 1019/1618/867 1013/1612/856
f 1013/1612/856 1019/1618/867 1020/1619/868
f 1013/1612/856 1020/1619/868 1014/1613/860
f 1014/1613/860 1020/1619/868 1015/1614/862
f 1021/1620/869 510/1621/870 1017/1622/865
f 1017/1622/865 510/1621/870 502/1623/871
f 1017/1616/865 502/573/871 565/640/863
f 1022/1624/872 513/1625/873 1021/1620/869
f 1021/1620/869 513/1625/873 512/1626/874
f 1021/1620/869 512/1626/874 511/1627/875
f 513/1625/873 1022/1624/872 514/1628/876
f 514/1628/876 1022/1624/872 1023/1629/877
f 514/1628/876 1023/1629/877 515/1630/878
f 515/1630/878 1023/1629/877 516/1631/879
f 516/1631/879 1023/1629/877 1024/1632/880
f 516/1631/879 1024/1632/880 517/1633/881
f 517/1633/881 1024/1632/880 518/1634/882
f 518/1634/882 1024/1632/880 1025/1635/883
f 518/1634/882 1025/1635/883 519/1636/884
f 519/1636/884 1025/1635/883 1026/1637/885
f 519/1636/884 1026/1637/885 520/1638/886
f 520/1638/886 1026/1637/885 521/1639/887
f 521/1639/887 1026/1637/885 1027/1640/888
f 521/1639/887 1027/1640/888 486/1641/889
f 486/1641/889 1027/1640/888 984/1564/130
f 486/1641/889 984/1564/130 487/1566/130
f 511/1627/875 510/1621/870 1021/1620/869
f 556/630/851 555/629/890 1010/1609/846
f 1010/1609/846 555/629/890 554/628/891
f 1010/1609/846 554/628/891 553/627/892
f 553/627/892 552/626/893 1010/1609/846
f 1010/1609/846 552/626/893 551/625/894
f 1010/1609/846 551/625/894 550/624/895
f 550/624/895 549/623/896 1010/1609/846
f 1010/1609/846 549/623/896 548/622/847
f 522/595/848 523/597/219 1008/1607/219
f 978/1552/1 977/1561/1 1028/1642/897
f 1028/1642/897 977/1561/1 976/1643/897
f 1028/1642/897 976/1643/897 1029/1644/898
f 1029/1644/898 976/1643/897 975/1645/898
f 1029/1644/898 975/1645/898 1030/1646/899
f 1030/1646/899 975/1645/898 974/1647/899
f 1030/1646/899 974/1647/899 1031/1648/900
f 1031/1648/900 974/1647/899 973/1649/900
f 1031/1648/900 973/1649/900 1032/1650/901
f 1032/1650/901 973/1649/900 972/1651/901
f 1032/1652/901 972/1653/901 1033/1654/902
f 1033/1654/902 972/1653/901 971/1655/902
f 1033/1654/902 971/1655/902 1034/1656/903
f 1034/1656/903 971/1655/902 970/1657/903
f 1034/1656/903 970/1657/903 1035/1658/904
f 1035/1658/904 970/1657/903 969/1659/904
f 1035/1658/904 969/1659/904 1036/1660/905
f 1036/1660/905 969/1659/904 968/1661/905
f 1036/1660/905 968/1661/905 1037/1662/906
f 1037/1662/906 968/1661/905 967/1663/906
f 1037/1662/906 967/1663/906 1038/1664/120
f 1038/1664/120 967/1663/906 966/1665/120
f 966/1665/120 964/1666/120 1038/1664/120
f 1038/1664/120 964/1666/120 1039/1667/120
f 1039/1667/120 964/1666/120 1040/1668/907
f 1040/1668/907 964/1666/120 963/1669/907
f 1040/1668/907 963/1669/907 1041/1670/908
f 1041/1670/908 963/1669/907 962/1671/908
f 1041/1670/908 962/1671/908 1042/1672/909
f 1042/1672/909 962/1671/908 961/1673/909
f 1042/1672/909 961/1673/909 1043/1674/910
f 1043/1674/910 961/1673/909 960/1675/910
f 1043/1674/910 960/1675/910 1044/1676/911
f 1044/1676/911 960/1675/910 959/1677/911
f 1044/1678/911 959/1679/911 1045/1680/912
f 1045/1680/912 959/1679/911 958/1681/913
f 1045/1680/912 958/1681/913 1046/1682/914
f 1046/1682/914 958/1681/913 957/1683/914
f 1046/1682/914 957/1683/914 1047/1684/915
f 1047/1684/915 957/1683/914 956/1685/915
f 1047/1684/915 956/1685/915 1048/1686/916
f 1048/1686/916 956/1685/915 955/1687/916
f 1048/1686/916 955/1687/916 1049/1688/917
f 1049/1688/917 955/1687/916 954/1689/917
f 1049/1688/917 954/1689/917 987/1570/130
f 987/1570/130 954/1689/917 953/1571/130
f 34/1690/918 12/1691/919 1050/1692/919
f 1050/1692/919 12/1691/919 1051/1693/919
f 1052/1694/920 64/1695/921 1053/1696/922
f 1053/1696/922 64/1695/921 67/1697/922
f 1053/1696/922 67/1697/922 1054/1698/923
f 1054/1698/923 67/1697/922 66/1699/923
f 1054/1698/923 66/1699/923 1055/1700/924
f 1055/1700/924 66/1699/923 65/1701/924
f 1055/1700/924 65/1701/924 1056/1702/925
f 1056/1702/925 65/1701/924 61/1703/925
f 1056/1702/925 61/1703/925 1057/1704/926
f 1057/1704/926 61/1703/925 59/1705/926
f 1057/1704/926 59/1705/926 1058/1706/927
f 1058/1706/927 59/1705/926 57/1707/927
f 1058/1706/927 57/1707/927 1059/1708/928
f 1059/1708/928 57/1707/927 55/1709/928
f 1059/1708/928 55/1709/928 1060/1710/929
f 1060/1710/929 55/1709/928 54/1711/929
f 1060/1712/929 54/1713/929 1061/1714/930
f 1061/1714/930 54/1713/929 53/1715/930
f 1061/1714/930 53/1715/930 1062/1716/931
f 1062/1716/931 53/1715/930 52/1717/931
f 1062/1716/931 52/1717/931 1063/1718/932
f 1063/1718/932 52/1717/931 51/1719/932
f 1063/1718/932 51/1719/932 1064/1720/933
f 1064/1720/933 51/1719/932 50/1721/933
f 1064/1720/933 50/1721/933 1065/1722/934
f 1065/1722/934 50/1721/933 49/1723/934
f 1065/1722/934 49/1723/934 1066/1724/935
f 1066/1724/935 49/1723/934 48/1725/935
f 1066/1724/935 48/1725/935 1067/1726/936
f 1067/1726/936 48/1725/935 47/1727/936
f 1067/1726/936 47/1727/936 1068/1728/937
f 1068/1728/937 47/1727/936 46/1729/937
f 1068/1728/937 46/1729/937 1069/1730/938
f 1069/1730/938 46/1729/937 45/1731/938
f 1069/1730/938 45/1731/938 1070/1732/939
f 1070/1732/939 45/1731/938 44/1733/939
f 1070/1732/939 44/1733/939 1071/1734/940
f 1071/1734/940 44/1733/939 43/1735/940
f 1071/1734/940 43/1735/940 1072/1736/941
f 1072/1736/941 43/1735/940 41/1737/941
f 1072/1736/941 41/1737/941 1073/1738/942
f 1073/1738/942 41/1737/941 37/1739/942
f 1073/1738/942 37/1739/942 1050/1692/919
f 1050/1692/919 37/1739/942 34/1690/918
f 269/1740/943 1074/1741/944 1075/1742/945
f 1075/1742/945 1074/1741/944 1076/1743/946
f 1075/1742/945 1076/1743/946 1077/1744/947
f 1077/1744/947 1076/1743/946 1078/1745/948
f 1077/1744/947 1078/1745/948 1079/1746/949
f 1079/1746/949 1078/1745/948 1080/1747/950
f 1079/1746/949 1080/1747/950 1081/1748/951
f 1081/1748/951 1080/1747/950 1082/1749/952
f 1081/1748/951 1082/1749/952 1083/1750/953
f 1083/1750/953 1082/1749/952 1084/1751/144
f 1084/1751/144 1082/1749/952 980/1752/954
f 1084/1751/144 980/1752/954 979/1753/144
f 269/1740/943 278/1754/955 1074/1741/944
f 1074/1741/944 278/1754/955 1085/1755/956
f 1074/1741/944 1085/1755/956 996/1756/957
f 996/1756/957 1085/1755/956 997/1757/958
f 997/1757/958 1085/1755/956 998/1758/959
f 998/1758/959 1085/1755/956 1001/1759/960
f 1001/1759/960 1085/1755/956 1003/1760/961
f 1003/1760/961 1085/1755/956 1086/1761/962
f 1003/1760/961 1086/1761/962 1087/1762/963
f 1087/1763/963 1086/1764/962 1088/1765/964
f 1087/1763/963 1088/1765/964 1089/1766/964
f 1089/1766/964 1088/1765/964 1090/1767/965
f 1089/1766/964 1090/1767/965 1091/1768/965
f 1091/1768/965 1090/1767/965 1092/1769/966
f 1091/1768/965 1092/1769/966 1093/1770/967
f 1093/1770/967 1092/1769/966 1094/1771/968
f 1093/1770/967 1094/1771/968 105/1772/969
f 105/1772/969 1094/1771/968 107/1773/970
f 107/1773/970 1094/1771/968 1095/1774/971
f 107/1773/970 1095/1774/971 108/1775/972
f 108/1775/972 1095/1774/971 1096/1776/973
f 108/1775/972 1096/1776/973 109/1777/974
f 109/1777/974 1096/1776/973 106/275/129
f 106/275/129 1096/1776/973 1097/1778/975
f 106/275/129 1097/1778/975 1098/1779/975
f 1098/1779/975 1097/1778/975 1099/1780/976
f 1098/1779/975 1099/1780/976 1100/1781/976
f 1100/1781/976 1099/1780/976 1101/1782/977
f 1100/1781/976 1101/1782/977 1102/1783/978
f 1102/1783/978 1101/1782/977 1103/1784/979
f 1102/1783/978 1103/1784/979 283/1785/980
f 283/1785/980 1103/1784/979 282/1786/981
f 282/1786/981 1103/1784/979 1104/1787/982
f 282/1786/981 1104/1787/982 281/1788/983
f 281/1788/983 1104/1787/982 1105/1789/984
f 281/1788/983 1105/1789/984 280/1790/985
f 280/1790/985 1105/1789/984 1086/1764/962
f 280/1791/985 1086/1761/962 279/1792/986
f 279/1792/986 1086/1761/962 1085/1755/956
f 279/1792/986 1085/1755/956 278/1754/955
f 283/1785/980 284/1793/970 1102/1783/978
f 1102/1783/978 284/1793/970 1106/1794/987
f 1102/1783/978 1106/1794/987 1100/1781/976
f 1100/1781/976 1106/1794/987 1107/1795/975
f 1100/1781/976 1107/1795/975 1098/1779/975
f 1098/1779/975 1107/1795/975 106/275/129
f 284/1793/970 285/1796/988 1106/1794/987
f 1106/1794/987 285/1796/988 1108/1797/975
f 1106/1794/987 1108/1797/975 1107/1795/975
f 1107/1795/975 1108/1797/975 106/275/129
f 285/1796/988 286/1798/989 1108/1797/975
f 1108/1797/975 286/1798/989 106/275/129
f 286/1798/989 256/274/129 106/275/129
f 105/1772/969 104/1799/990 1093/1770/967
f 1093/1770/967 104/1799/990 1109/1800/991
f 1093/1770/967 1109/1800/991 1091/1768/965
f 1091/1768/965 1109/1800/991 1110/1801/964
f 1091/1768/965 1110/1801/964 1089/1766/964
f 1089/1766/964 1110/1801/964 1111/1802/963
f 1089/1766/964 1111/1802/963 1087/1763/963
f 1087/1762/963 1111/1803/963 1007/1804/992
f 1087/1762/963 1007/1804/992 1006/1805/993
f 104/1799/990 103/1806/994 1109/1800/991
f 1109/1800/991 103/1806/994 1112/1807/995
f 1109/1800/991 1112/1807/995 1110/1801/964
f 1110/1801/964 1112/1807/995 1113/1808/963
f 1110/1801/964 1113/1808/963 1111/1802/963
f 1111/1803/963 1113/1809/963 1008/1810/992
f 1111/1803/963 1008/1810/992 1007/1804/992
f 103/1806/994 102/1811/996 1112/1807/995
f 1112/1807/995 102/1811/996 1114/1812/997
f 1112/1807/995 1114/1812/997 1113/1808/963
f 1113/1809/963 1114/1813/997 1020/1814/959
f 1113/1809/963 1020/1814/959 1019/1815/960
f 102/1816/996 33/1817/998 1114/1813/997
f 1114/1813/997 33/1817/998 1115/1818/999
f 1114/1813/997 1115/1818/999 1020/1814/959
f 1020/1814/959 1115/1818/999 1015/1819/958
f 1015/1819/958 1115/1818/999 1016/1820/1000
f 1016/1820/1000 1115/1818/999 1116/1821/1001
f 1016/1820/1000 1116/1821/1001 1017/1822/1002
f 1017/1822/1002 1116/1821/1001 1021/1823/1003
f 1021/1823/1003 1116/1821/1001 1117/1824/1004
f 1021/1823/1003 1117/1824/1004 1022/1825/1005
f 1022/1825/1005 1117/1824/1004 1023/1826/1006
f 1023/1826/1006 1117/1824/1004 1024/1827/1007
f 1024/1827/1007 1117/1824/1004 1118/1828/1008
f 1024/1827/1007 1118/1828/1008 1025/1829/1009
f 1025/1829/1009 1118/1828/1008 1026/1830/1010
f 1026/1830/1010 1118/1828/1008 1119/1831/1011
f 1026/1830/1010 1119/1831/1011 1027/1832/1012
f 1027/1832/1012 1119/1831/1011 984/1833/1013
f 984/1833/1013 1119/1831/1011 1120/1834/952
f 984/1833/1013 1120/1834/952 983/1835/1014
f 983/1835/1014 1120/1834/952 985/1836/954
f 985/1836/954 1120/1834/952 1121/1837/1015
f 985/1836/954 1121/1837/1015 1122/1838/1016
f 33/1817/998 32/1839/1017 1115/1818/999
f 1115/1818/999 32/1839/1017 1116/1821/1001
f 32/1839/1017 26/1840/943 1116/1821/1001
f 1116/1821/1001 26/1840/943 1123/1841/945
f 1116/1821/1001 1123/1841/945 1117/1824/1004
f 1117/1824/1004 1123/1841/945 1124/1842/1018
f 1117/1824/1004 1124/1842/1018 1118/1828/1008
f 1118/1828/1008 1124/1842/1018 1125/1843/1019
f 1118/1828/1008 1125/1843/1019 1119/1831/1011
f 1119/1831/1011 1125/1843/1019 1126/1844/1020
f 1119/1831/1011 1126/1844/1020 1120/1834/952
f 1120/1834/952 1126/1844/1020 1121/1837/1015
f 1122/1838/1016 986/1845/144 985/1836/954
f 1019/1815/960 1018/1846/1021 1113/1809/963
f 1113/1809/963 1018/1846/1021 1011/1847/1022
f 1113/1809/963 1011/1847/1022 1009/1848/993
f 1009/1848/993 1008/1810/992 1113/1809/963
f 1006/1805/993 1004/1849/1022 1087/1762/963
f 1087/1762/963 1004/1849/1022 1003/1760/961
f 996/1756/957 995/1850/1002 1074/1741/944
f 1074/1741/944 995/1850/1002 994/1851/1003
f 1074/1741/944 994/1851/1003 1076/1743/946
f 1076/1743/946 994/1851/1003 993/1852/1005
f 1076/1743/946 993/1852/1005 992/1853/1006
f 992/1853/1006 991/1854/1007 1076/1743/946
f 1076/1743/946 991/1854/1007 1078/1745/948
f 991/1854/1007 990/1855/1009 1078/1745/948
f 1078/1745/948 990/1855/1009 989/1856/1010
f 1078/1745/948 989/1856/1010 1080/1747/950
f 1080/1747/950 989/1856/1010 988/1857/1023
f 1080/1747/950 988/1857/1023 982/1858/1013
f 1080/1747/950 982/1858/1013 1082/1749/952
f 1082/1749/952 982/1858/1013 981/1859/1014
f 1082/1749/952 981/1859/1014 980/1752/954
f 1086/1764/962 1105/1789/984 1088/1765/964
f 1088/1765/964 1105/1789/984 1127/1860/965
f 1088/1765/964 1127/1860/965 1090/1767/965
f 1090/1767/965 1127/1860/965 1128/1861/966
f 1090/1767/965 1128/1861/966 1092/1769/966
f 1092/1769/966 1128/1861/966 1129/1862/977
f 1092/1769/966 1129/1862/977 1094/1771/968
f 1094/1771/968 1129/1862/977 1095/1774/971
f 1105/1789/984 1104/1787/982 1127/1860/965
f 1127/1860/965 1104/1787/982 1130/1863/966
f 1127/1860/965 1130/1863/966 1128/1861/966
f 1128/1861/966 1130/1863/966 1131/1864/977
f 1128/1861/966 1131/1864/977 1129/1862/977
f 1129/1862/977 1131/1864/977 1132/1865/976
f 1129/1862/977 1132/1865/976 1095/1774/971
f 1095/1774/971 1132/1865/976 1096/1776/973
f 1104/1787/982 1103/1784/979 1130/1863/966
f 1130/1863/966 1103/1784/979 1101/1782/977
f 1130/1863/966 1101/1782/977 1131/1864/977
f 1131/1864/977 1101/1782/977 1099/1780/976
f 1131/1864/977 1099/1780/976 1132/1865/976
f 1132/1865/976 1099/1780/976 1097/1778/975
f 1132/1865/976 1097/1778/975 1096/1776/973
f 1133/1866/1024 101/1867/1025 1134/1868/1026
f 1134/1868/1026 101/1867/1025 100/1869/1026
f 1134/1868/1026 100/1869/1026 1135/1870/1027
f 1135/1870/1027 100/1869/1026 99/1871/1027
f 1135/1870/1027 99/1871/1027 1136/1872/1028
f 1136/1872/1028 99/1871/1027 98/1873/1028
f 1136/1872/1028 98/1873/1028 1137/1874/1029
f 1137/1874/1029 98/1873/1028 97/1875/1029
f 1137/1874/1029 97/1875/1029 1138/1876/1030
f 1138/1876/1030 97/1875/1029 96/1877/1030
f 1138/1876/1030 96/1877/1030 1139/1878/1031
f 1139/1878/1031 96/1877/1030 95/1879/1031
f 1139/1878/1031 95/1879/1031 1140/1880/1032
f 1140/1880/1032 95/1879/1031 94/1881/1032
f 1140/1880/1032 94/1881/1032 1141/1882/1033
f 1141/1882/1033 94/1881/1032 93/1883/1033
f 1141/1882/1033 93/1883/1033 1142/1884/1034
f 1142/1884/1034 93/1883/1033 71/1885/1034
f 1142/1884/1034 71/1885/1034 1143/1886/1035
f 1143/1886/1035 71/1885/1034 70/1887/1035
f 1143/1886/1035 70/1887/1035 1144/1888/1036
f 1144/1888/1036 70/1887/1035 69/1889/1036
f 1144/1888/1036 69/1889/1036 1145/1890/1037
f 1145/1890/1037 69/1889/1036 80/1891/1037
f 1145/1890/1037 80/1891/1037 1146/1892/1038
f 1146/1892/1038 80/1891/1037 81/1893/1038
f 1146/1892/1038 81/1893/1038 1147/1894/1039
f 1147/1894/1039 81/1893/1038 82/1895/1039
f 1147/1896/1039 82/1897/1039 1148/1898/1040
f 1148/1898/1040 82/1897/1039 83/1899/1040
f 1148/1898/1040 83/1899/1040 1149/1900/1041
f 1149/1900/1041 83/1899/1040 84/1901/1041
f 1149/1900/1041 84/1901/1041 1150/1902/1042
f 1150/1902/1042 84/1901/1041 86/1903/1042
f 1150/1902/1042 86/1903/1042 1151/1904/1043
f 1151/1904/1043 86/1903/1042 87/1905/1043
f 1151/1904/1043 87/1905/1043 1152/1906/1044
f 1152/1906/1044 87/1905/1043 88/1907/1044
f 1152/1906/1044 88/1907/1044 1153/1908/1045
f 1153/1908/1045 88/1907/1044 89/1909/1045
f 1153/1908/1045 89/1909/1045 1154/1910/1046
f 1154/1910/1046 89/1909/1045 90/1911/1046
f 1154/1910/1046 90/1911/1046 1155/1912/1047
f 1155/1912/1047 90/1911/1046 85/1913/1047
f 26/1840/1024 101/1867/1025 1123/1841/1024
f 1123/1841/1024 101/1867/1025 1133/1866/1024
f 1156/1914/152 1157/1915/152 1158/1916/152
f 1158/1916/152 1157/1915/152 1159/1917/152
f 257/1918/1048 258/1919/1049 1160/1920/1050
f 1160/1920/1050 258/1919/1049 1161/1921/1051
f 1160/1920/1050 1161/1921/1051 1162/1922/1052
f 1162/1922/1052 1161/1921/1051 1163/1923/1053
f 1162/1922/1052 1163/1923/1053 1164/1924/1054
f 1164/1924/1054 1163/1923/1053 1165/1925/1055
f 1164/1924/1054 1165/1925/1055 1166/1926/1056
f 1166/1926/1056 1165/1925/1055 1167/1927/1057
f 1166/1926/1056 1167/1927/1057 1168/1928/1058
f 1168/1928/1058 1167/1927/1057 1169/1929/1059
f 1168/1928/1058 1169/1929/1059 1158/1916/152
f 1158/1916/152 1169/1929/1059 1156/1914/152
f 1170/1930/1060 1171/1931/1061 1158/1916/152
f 1158/1916/152 1171/1931/1061 1172/1932/1058
f 1158/1916/152 1172/1932/1058 1173/1933/1058
f 1173/1933/1058 1172/1932/1058 1174/1934/1062
f 1173/1933/1058 1174/1934/1062 1175/1935/1062
f 1175/1935/1062 1174/1934/1062 1176/1936/1063
f 1175/1935/1062 1176/1936/1063 1164/1924/1054
f 1164/1924/1054 1176/1936/1063 1162/1922/1052
f 1170/1930/1060 1177/1937/1064 1171/1931/1061
f 1171/1931/1061 1177/1937/1064 1178/1938/1065
f 1171/1931/1061 1178/1938/1065 1179/1939/1062
f 1179/1939/1062 1178/1938/1065 1180/1940/1063
f 1179/1939/1062 1180/1940/1063 1181/1941/1063
f 1181/1941/1063 1180/1940/1063 1182/1942/941
f 1181/1941/1063 1182/1942/941 1183/1943/941
f 1183/1943/941 1182/1942/941 1184/1944/1066
f 1183/1943/941 1184/1944/1066 1160/1920/1050
f 1160/1920/1050 1184/1944/1066 1185/1945/1067
f 1160/1920/1050 1185/1945/1067 257/1918/1048
f 257/1918/1048 1185/1945/1067 259/1946/1068
f 259/1946/1068 1185/1945/1067 1186/1947/1069
f 259/1946/1068 1186/1947/1069 260/1948/1070
f 260/1949/1070 1186/1950/1069 1187/1951/1071
f 260/1949/1070 1187/1951/1071 261/1952/1072
f 261/1952/1072 1187/1951/1071 1188/1953/1073
f 261/1952/1072 1188/1953/1073 262/1954/1074
f 262/1954/1074 1188/1953/1073 1189/1955/1075
f 262/1954/1074 1189/1955/1075 263/1956/1076
f 263/1956/1076 1189/1955/1075 1190/1957/1077
f 263/1956/1076 1190/1957/1077 264/1958/1078
f 264/1958/1078 1190/1957/1077 1191/1959/1079
f 264/1958/1078 1191/1959/1079 265/1960/1080
f 265/1960/1080 1191/1959/1079 1192/1961/1081
f 265/1960/1080 1192/1961/1081 266/1962/1082
f 266/1962/1082 1192/1961/1081 111/111/6
f 111/111/6 1192/1961/1081 1193/1963/1083
f 111/111/6 1193/1963/1083 1194/1964/1083
f 1194/1964/1083 1193/1963/1083 1195/1965/1084
f 1194/1964/1083 1195/1965/1084 1196/1966/1084
f 1196/1966/1084 1195/1965/1084 1197/1967/1085
f 1196/1966/1084 1197/1967/1085 1198/1968/1086
f 1198/1968/1086 1197/1967/1085 1199/1969/1075
f 1198/1968/1086 1199/1969/1075 5/1970/1087
f 5/1970/1087 1199/1969/1075 7/1971/1088
f 7/1971/1088 1199/1969/1075 1200/1972/1089
f 7/1971/1088 1200/1972/1089 8/1973/1090
f 8/1973/1090 1200/1972/1089 1201/1974/1091
f 8/1973/1090 1201/1974/1091 9/1975/1070
f 9/1975/1070 1201/1974/1091 1202/1976/1069
f 9/1977/1070 1202/1978/1069 10/1979/1092
f 10/1979/1092 1202/1978/1069 1203/1980/1093
f 10/1979/1092 1203/1980/1093 11/1981/1094
f 11/1981/1094 1203/1980/1093 1204/1982/1095
f 11/1981/1094 1204/1982/1095 12/1691/1049
f 12/1691/1049 1204/1982/1095 1051/1693/1051
f 1051/1693/1051 1204/1982/1095 1205/1983/1096
f 1051/1693/1051 1205/1983/1096 1206/1984/1097
f 1206/1984/1097 1205/1983/1096 1207/1985/1098
f 1206/1984/1097 1207/1985/1098 1208/1986/1055
f 1208/1986/1055 1207/1985/1098 1178/1938/1065
f 1208/1986/1055 1178/1938/1065 1177/1937/1064
f 5/1970/1087 4/1987/1099 1198/1968/1086
f 1198/1968/1086 4/1987/1099 1209/1988/1100
f 1198/1968/1086 1209/1988/1100 1196/1966/1084
f 1196/1966/1084 1209/1988/1100 1210/1989/1083
f 1196/1966/1084 1210/1989/1083 1194/1964/1083
f 1194/1964/1083 1210/1989/1083 111/111/6
f 4/1987/1099 2/1990/1101 1209/1988/1100
f 1209/1988/1100 2/1990/1101 1211/1991/1083
f 1209/1988/1100 1211/1991/1083 1210/1989/1083
f 1210/1989/1083 1211/1991/1083 111/111/6
f 2/1990/1101 1/1992/1102 1211/1991/1083
f 1211/1991/1083 1/1992/1102 111/111/6
f 1/1992/1102 3/113/7 111/111/6
f 1160/1920/1050 1162/1922/1052 1183/1943/941
f 1183/1943/941 1162/1922/1052 1176/1936/1063
f 1183/1943/941 1176/1936/1063 1181/1941/1063
f 1181/1941/1063 1176/1936/1063 1174/1934/1062
f 1181/1941/1063 1174/1934/1062 1179/1939/1062
f 1179/1939/1062 1174/1934/1062 1172/1932/1058
f 1179/1939/1062 1172/1932/1058 1171/1931/1061
f 1182/1942/941 1212/1993/941 1213/1994/1066
f 1213/1994/1066 1212/1993/941 1214/1995/1066
f 1213/1994/1066 1214/1995/1066 1215/1996/1103
f 1215/1996/1103 1214/1995/1066 1216/1997/1103
f 1215/1996/1103 1216/1997/1103 1217/1998/1069
f 1217/1998/1069 1216/1997/1103 1218/1999/1069
f 1217/2000/1069 1218/2001/1069 1219/2002/1091
f 1219/2002/1091 1218/2001/1069 1220/2003/1091
f 1219/2002/1091 1220/2003/1091 1221/2004/1104
f 1221/2004/1104 1220/2003/1091 1222/2005/1104
f 1221/2004/1104 1222/2005/1104 1223/2006/1075
f 1223/2006/1075 1222/2005/1104 1224/2007/1075
f 1223/2006/1075 1224/2007/1075 1225/2008/1085
f 1225/2008/1085 1224/2007/1075 1197/1967/1085
f 1225/2008/1085 1197/1967/1085 1195/1965/1084
f 1212/1993/941 1205/1983/1096 1214/1995/1066
f 1214/1995/1066 1205/1983/1096 1204/1982/1095
f 1214/1995/1066 1204/1982/1095 1216/1997/1103
f 1216/1997/1103 1204/1982/1095 1203/1980/1093
f 1216/1997/1103 1203/1980/1093 1218/1999/1069
f 1218/1999/1069 1203/1980/1093 1202/1978/1069
f 1218/2001/1069 1202/1976/1069 1220/2003/1091
f 1220/2003/1091 1202/1976/1069 1201/1974/1091
f 1220/2003/1091 1201/1974/1091 1222/2005/1104
f 1222/2005/1104 1201/1974/1091 1200/1972/1089
f 1222/2005/1104 1200/1972/1089 1224/2007/1075
f 1224/2007/1075 1200/1972/1089 1199/1969/1075
f 1224/2007/1075 1199/1969/1075 1197/1967/1085
f 1182/1942/941 1180/1940/1063 1212/1993/941
f 1212/1993/941 1180/1940/1063 1207/1985/1098
f 1212/1993/941 1207/1985/1098 1205/1983/1096
f 1182/1942/941 1213/1994/1066 1184/1944/1066
f 1184/1944/1066 1213/1994/1066 1226/2009/1103
f 1184/1944/1066 1226/2009/1103 1185/1945/1067
f 1185/1945/1067 1226/2009/1103 1186/1947/1069
f 1226/2009/1103 1213/1994/1066 1215/1996/1103
f 1178/1938/1065 1207/1985/1098 1180/1940/1063
f 1164/1924/1054 1166/1926/1056 1175/1935/1062
f 1175/1935/1062 1166/1926/1056 1227/2010/1058
f 1175/1935/1062 1227/2010/1058 1173/1933/1058
f 1173/1933/1058 1227/2010/1058 1158/1916/152
f 1158/1916/152 1227/2010/1058 1168/1928/1058
f 1168/1928/1058 1227/2010/1058 1166/1926/1056
f 1226/2009/1103 1215/1996/1103 1228/2011/1069
f 1228/2011/1069 1215/1996/1103 1217/1998/1069
f 1228/2012/1069 1217/2000/1069 1229/2013/1091
f 1229/2013/1091 1217/2000/1069 1219/2002/1091
f 1229/2013/1091 1219/2002/1091 1230/2014/1104
f 1230/2014/1104 1219/2002/1091 1221/2004/1104
f 1230/2014/1104 1221/2004/1104 1231/2015/1075
f 1231/2015/1075 1221/2004/1104 1223/2006/1075
f 1231/2015/1075 1223/2006/1075 1232/2016/1085
f 1232/2016/1085 1223/2006/1075 1225/2008/1085
f 1232/2016/1085 1225/2008/1085 1233/2017/1084
f 1233/2017/1084 1225/2008/1085 1195/1965/1084
f 1233/2017/1084 1195/1965/1084 1193/1963/1083
f 1187/1951/1071 1186/1950/1069 1228/2012/1069
f 1228/2011/1069 1186/1947/1069 1226/2009/1103
f 1187/1951/1071 1228/2012/1069 1229/2013/1091
f 1188/1953/1073 1187/1951/1071 1229/2013/1091
f 1188/1953/1073 1229/2013/1091 1230/2014/1104
f 1189/1955/1075 1188/1953/1073 1230/2014/1104
f 1189/1955/1075 1230/2014/1104 1231/2015/1075
f 1190/1957/1077 1189/1955/1075 1231/2015/1075
f 1190/1957/1077 1231/2015/1075 1232/2016/1085
f 1191/1959/1079 1190/1957/1077 1232/2016/1085
f 1191/1959/1079 1232/2016/1085 1233/2017/1084
f 1192/1961/1081 1191/1959/1079 1233/2017/1084
f 1192/1961/1081 1233/2017/1084 1193/1963/1083
f 1084/1751/144 1033/2018/144 1234/2019/144
f 1234/2019/144 1033/2018/144 1034/2020/144
f 1234/2019/144 1034/2020/144 1035/2021/144
f 979/1753/144 978/2022/144 1084/1751/144
f 1084/1751/144 978/2022/144 1028/2023/144
f 1084/1751/144 1028/2023/144 1029/2024/144
f 1029/2024/144 1030/2025/144 1084/1751/144
f 1084/1751/144 1030/2025/144 1031/2026/144
f 1084/1751/144 1031/2026/144 1032/2027/144
f 1032/2027/144 1033/2018/144 1084/1751/144
f 1035/2021/144 1036/2028/144 1234/2019/144
f 1234/2019/144 1036/2028/144 1037/2029/144
f 1234/2019/144 1037/2029/144 1038/2030/144
f 1038/2030/144 1039/2031/144 1234/2019/144
f 1234/2019/144 1039/2031/144 1235/2032/144
f 1235/2032/144 1039/2031/144 1040/2033/144
f 1235/2032/144 1040/2033/144 1041/2034/144
f 1041/2034/144 1042/2035/144 1235/2032/144
f 1235/2032/144 1042/2035/144 1043/2036/144
f 1235/2032/144 1043/2036/144 1044/2037/144
f 1235/2032/144 1044/2037/144 1122/1838/1016
f 1122/1838/1016 1044/2037/144 1045/2038/144
f 1122/1838/1016 1045/2038/144 1046/2039/144
f 1046/2039/144 1047/2040/144 1122/1838/1016
f 1122/1838/1016 1047/2040/144 1048/2041/144
f 1122/1838/1016 1048/2041/144 1049/2042/144
f 1049/2042/144 987/2043/144 1122/1838/1016
f 1122/1838/1016 987/2043/144 986/1845/144
f 258/1919/919 346/2044/919 1161/1921/919
f 1161/1921/919 346/2044/919 1236/2045/918
f 1236/2045/918 346/2044/919 1237/2046/942
f 1237/2046/942 346/2044/919 345/2047/942
f 1237/2046/942 345/2047/942 1238/2048/941
f 1238/2048/941 345/2047/942 344/2049/941
f 1238/2048/941 344/2049/941 1239/2050/940
f 1239/2050/940 344/2049/941 343/2051/940
f 1239/2050/940 343/2051/940 1240/2052/939
f 1240/2052/939 343/2051/940 342/2053/939
f 1240/2052/939 342/2053/939 1241/2054/938
f 1241/2054/938 342/2053/939 341/2055/938
f 1241/2054/938 341/2055/938 1242/2056/937
f 1242/2056/937 341/2055/938 340/2057/937
f 1242/2056/937 340/2057/937 1243/2058/936
f 1243/2058/936 340/2057/937 339/2059/936
f 1243/2058/936 339/2059/936 1244/2060/935
f 1244/2060/935 339/2059/936 338/2061/935
f 1244/2060/935 338/2061/935 1245/2062/934
f 1245/2062/934 338/2061/935 316/2063/934
f 1245/2062/934 316/2063/934 1246/2064/933
f 1246/2064/933 316/2063/934 315/2065/933
f 1246/2064/933 315/2065/933 1247/2066/932
f 1247/2066/932 315/2065/933 314/2067/932
f 1247/2066/932 314/2067/932 1248/2068/931
f 1248/2068/931 314/2067/932 325/2069/931
f 1248/2068/931 325/2069/931 1249/2070/930
f 1249/2070/930 325/2069/931 326/2071/930
f 1249/2070/930 326/2071/930 1250/2072/929
f 1250/2072/929 326/2071/930 327/2073/929
f 1250/2074/929 327/2075/929 1251/2076/928
f 1251/2076/928 327/2075/929 328/2077/928
f 1251/2076/928 328/2077/928 1252/2078/927
f 1252/2078/927 328/2077/928 329/2079/927
f 1252/2078/927 329/2079/927 1253/2080/926
f 1253/2080/926 329/2079/927 331/2081/926
f 1253/2080/926 331/2081/926 1254/2082/925
f 1254/2082/925 331/2081/926 332/2083/925
f 1254/2082/925 332/2083/925 1255/2084/924
f 1255/2084/924 332/2083/925 333/2085/924
f 1255/2084/924 333/2085/924 1256/2086/923
f 1256/2086/923 333/2085/924 334/2087/923
f 1256/2086/923 334/2087/923 1257/2088/922
f 1257/2088/922 334/2087/923 335/2089/922
f 1257/2088/922 335/2089/922 1258/2090/921
f 1258/2090/921 335/2089/922 330/2091/920
f 1259/2092/1047 309/2093/1047 1260/2094/1046
f 1260/2094/1046 309/2093/1047 312/2095/1046
f 1260/2094/1046 312/2095/1046 1261/2096/1045
f 1261/2096/1045 312/2095/1046 311/2097/1045
f 1261/2096/1045 311/2097/1045 1262/2098/1044
f 1262/2098/1044 311/2097/1045 310/2099/1044
f 1262/2098/1044 310/2099/1044 1263/2100/1043
f 1263/2100/1043 310/2099/1044 306/2101/1043
f 1263/2100/1043 306/2101/1043 1264/2102/1105
f 1264/2102/1105 306/2101/1043 304/2103/1042
f 1264/2102/1105 304/2103/1042 1265/2104/1041
f 1265/2104/1041 304/2103/1042 302/2105/1041
f 1265/2104/1041 302/2105/1041 1266/2106/1040
f 1266/2106/1040 302/2105/1041 300/2107/1040
f 1266/2106/1040 300/2107/1040 1267/2108/1039
f 1267/2108/1039 300/2107/1040 299/2109/1039
f 1267/2110/1039 299/2111/1039 1268/2112/1038
f 1268/2112/1038 299/2111/1039 298/2113/1038
f 1268/2112/1038 298/2113/1038 1269/2114/1037
f 1269/2114/1037 298/2113/1038 297/2115/1037
f 1269/2114/1037 297/2115/1037 1270/2116/1036
f 1270/2116/1036 297/2115/1037 296/2117/1036
f 1270/2116/1036 296/2117/1036 1271/2118/1035
f 1271/2118/1035 296/2117/1036 295/2119/1035
f 1271/2118/1035 295/2119/1035 1272/2120/1034
f 1272/2120/1034 295/2119/1035 294/2121/1034
f 1272/2120/1034 294/2121/1034 1273/2122/1033
f 1273/2122/1033 294/2121/1034 293/2123/1033
f 1273/2122/1033 293/2123/1033 1274/2124/1032
f 1274/2124/1032 293/2123/1033 292/2125/1032
f 1274/2124/1032 292/2125/1032 1275/2126/1031
f 1275/2126/1031 292/2125/1032 291/2127/1031
f 1275/2126/1031 291/2127/1031 1276/2128/1030
f 1276/2128/1030 291/2127/1031 290/2129/1030
f 1276/2128/1030 290/2129/1030 1277/2130/1029
f 1277/2130/1029 290/2129/1030 289/2131/1029
f 1277/2130/1029 289/2131/1029 1278/2132/1028
f 1278/2132/1028 289/2131/1029 288/2133/1028
f 1278/2132/1028 288/2133/1028 1279/2134/1027
f 1279/2134/1027 288/2133/1028 277/2135/1027
f 1279/2134/1027 277/2135/1027 1280/2136/1026
f 1280/2136/1026 277/2135/1027 276/2137/1026
f 1280/2136/1026 276/2137/1026 1281/2138/1025
f 1281/2138/1025 276/2137/1026 272/2139/1024
f 272/2139/1024 269/1740/1024 1281/2138/1025
f 1281/2138/1025 269/1740/1024 1075/1742/1024
f 308/2140/1106 1282/2141/1106 307/2142/1107
f 307/2142/1107 1282/2141/1106 1283/2143/1107
f 307/2142/1107 1283/2143/1107 305/2144/1108
f 305/2144/1108 1283/2143/1107 1284/2145/1108
f 305/2144/1108 1284/2145/1108 303/2146/1109
f 303/2146/1109 1284/2145/1108 1285/2147/1109
f 1286/2148/1110 1287/2149/1111 1288/2150/1110
f 1288/2150/1110 1287/2149/1111 1289/2151/1111
f 1288/2150/1110 1289/2151/1111 1290/2152/1111
f 1290/2152/1111 1289/2151/1111 1291/2153/1112
f 1291/2153/1112 1289/2151/1111 1292/2154/1112
f 1291/2153/1112 1292/2154/1112 1293/2155/1113
f 1293/2155/1113 1292/2154/1112 1294/2156/1113
f 1293/2157/1113 1294/2158/1113 1295/2159/1114
f 1295/2159/1114 1294/2158/1113 1296/2160/1114
f 1295/2159/1114 1296/2160/1114 1297/2161/1115
f 1297/2161/1115 1296/2160/1114 1298/2162/1115
f 1297/2161/1115 1298/2162/1115 1299/2163/1116
f 1299/2163/1116 1298/2162/1115 1300/2164/1116
f 1299/2163/1116 1300/2164/1116 1301/2165/1117
f 1301/2165/1117 1300/2164/1116 1302/2166/1117
f 1301/2165/1117 1302/2166/1117 1303/2167/1118
f 1303/2167/1118 1302/2166/1117 1304/2168/1118
f 1303/2167/1118 1304/2168/1118 1305/2169/1119
f 1305/2169/1119 1304/2168/1118 1306/2170/1119
f 1305/2169/1119 1306/2170/1119 1235/2032/144
f 1235/2032/144 1306/2170/1119 1307/2171/1119
f 1235/2032/144 1307/2171/1119 1308/2172/1119
f 1308/2172/1119 1307/2171/1119 1309/2173/1118
f 1308/2172/1119 1309/2173/1118 1310/2174/1118
f 1310/2174/1118 1309/2173/1118 1311/2175/1117
f 1310/2174/1118 1311/2175/1117 1312/2176/1117
f 1312/2176/1117 1311/2175/1117 1313/2177/1116
f 1313/2177/1116 1311/2175/1117 1314/2178/1116
f 1313/2177/1116 1314/2178/1116 1315/2179/1115
f 1315/2179/1115 1314/2178/1116 1316/2180/1115
f 1315/2179/1115 1316/2180/1115 1317/2181/1114
f 1317/2181/1114 1316/2180/1115 1318/2182/1114
f 1317/2181/1114 1318/2182/1114 1319/2183/1113
f 1319/2183/1113 1318/2182/1114 1320/2184/1113
f 1319/2185/1113 1320/2186/1113 1321/2187/1112
f 1321/2187/1112 1320/2186/1113 1322/2188/1112
f 1321/2187/1112 1322/2188/1112 1323/2189/1111
f 1323/2189/1111 1322/2188/1112 1324/2190/1111
f 1323/2189/1111 1324/2190/1111 1286/2148/1110
f 1286/2148/1110 1324/2190/1111 1325/2191/1111
f 1286/2148/1110 1325/2191/1111 1287/2149/1111
f 1287/2149/1111 1325/2191/1111 1326/2192/1112
f 1287/2149/1111 1326/2192/1112 1292/2154/1112
f 1292/2154/1112 1326/2192/1112 1294/2156/1113
f 1312/2176/1117 1327/2193/1118 1310/2174/1118
f 1310/2174/1118 1327/2193/1118 1328/2194/1119
f 1310/2174/1118 1328/2194/1119 1308/2172/1119
f 1308/2172/1119 1328/2194/1119 1234/2019/144
f 1308/2172/1119 1234/2019/144 1235/2032/144
f 1327/2193/1118 1329/2195/1119 1328/2194/1119
f 1328/2194/1119 1329/2195/1119 1234/2019/144
f 1325/2191/1111 1324/2190/1111 1330/2196/1112
f 1330/2196/1112 1324/2190/1111 1322/2188/1112
f 1330/2196/1112 1322/2188/1112 1331/2197/1113
f 1331/2197/1113 1322/2188/1112 1320/2186/1113
f 1331/2198/1113 1320/2184/1113 1332/2199/1114
f 1332/2199/1114 1320/2184/1113 1318/2182/1114
f 1332/2199/1114 1318/2182/1114 1333/2200/1115
f 1333/2200/1115 1318/2182/1114 1316/2180/1115
f 1333/2200/1115 1316/2180/1115 1334/2201/1116
f 1334/2201/1116 1316/2180/1115 1314/2178/1116
f 1334/2201/1116 1314/2178/1116 1335/2202/1117
f 1335/2202/1117 1314/2178/1116 1311/2175/1117
f 1335/2202/1117 1311/2175/1117 1309/2173/1118
f 1292/2154/1112 1289/2151/1111 1287/2149/1111
f 1325/2191/1111 1330/2196/1112 1326/2192/1112
f 1326/2192/1112 1330/2196/1112 1336/2203/1113
f 1326/2192/1112 1336/2203/1113 1294/2156/1113
f 1294/2158/1113 1336/2204/1113 1296/2160/1114
f 1336/2203/1113 1330/2196/1112 1331/2197/1113
f 1336/2204/1113 1331/2198/1113 1337/2205/1114
f 1337/2205/1114 1331/2198/1113 1332/2199/1114
f 1337/2205/1114 1332/2199/1114 1338/2206/1115
f 1338/2206/1115 1332/2199/1114 1333/2200/1115
f 1338/2206/1115 1333/2200/1115 1339/2207/1116
f 1339/2207/1116 1333/2200/1115 1334/2201/1116
f 1339/2207/1116 1334/2201/1116 1340/2208/1117
f 1340/2208/1117 1334/2201/1116 1335/2202/1117
f 1340/2208/1117 1335/2202/1117 1341/2209/1118
f 1341/2209/1118 1335/2202/1117 1309/2173/1118
f 1341/2209/1118 1309/2173/1118 1307/2171/1119
f 1298/2162/1115 1296/2160/1114 1337/2205/1114
f 1337/2205/1114 1296/2160/1114 1336/2204/1113
f 1298/2162/1115 1337/2205/1114 1338/2206/1115
f 1300/2164/1116 1298/2162/1115 1338/2206/1115
f 1300/2164/1116 1338/2206/1115 1339/2207/1116
f 1302/2166/1117 1300/2164/1116 1339/2207/1116
f 1302/2166/1117 1339/2207/1116 1340/2208/1117
f 1304/2168/1118 1302/2166/1117 1340/2208/1117
f 1304/2168/1118 1340/2208/1117 1341/2209/1118
f 1306/2170/1119 1304/2168/1118 1341/2209/1118
f 1306/2170/1119 1341/2209/1118 1307/2171/1119
f 78/2210/1109 410/2211/1109 91/2212/1108
f 91/2212/1108 410/2211/1109 412/2213/1108
f 91/2212/1108 412/2213/1108 92/2214/1107
f 92/2214/1107 412/2213/1108 413/2215/1107
f 92/2214/1107 413/2215/1107 79/2216/1106
f 79/2216/1106 413/2215/1107 411/2217/1106
f 303/2146/1109 1285/2147/1109 301/2218/1120
f 301/2218/1120 1285/2147/1109 1342/2219/1120
f 301/2218/1120 1342/2219/1120 287/2220/1121
f 287/2220/1121 1342/2219/1120 1343/2221/1121
f 287/2220/1121 1343/2221/1121 275/2222/1122
f 275/2222/1122 1343/2221/1121 1344/2223/1122
f 275/2222/1122 1344/2223/1122 274/2224/1123
f 274/2224/1123 1344/2223/1122 1345/2225/1123
f 274/2224/1123 1345/2225/1123 273/2226/1124
f 273/2226/1124 1345/2225/1123 1346/2227/1124
f 273/2226/1124 1346/2227/1124 271/2228/1125
f 271/2228/1125 1346/2227/1124 1347/2229/1125
f 271/2228/1125 1347/2229/1125 270/2230/1126
f 270/2230/1126 1347/2229/1125 1348/2231/1126
f 270/2230/1126 1348/2231/1126 268/2232/1127
f 268/2232/1127 1348/2231/1126 1349/2233/1127
f 268/2232/1127 1349/2233/1127 267/2234/1128
f 267/2234/1128 1349/2233/1127 1350/2235/1128
f 267/2234/1128 1350/2235/1128 313/2236/1129
f 313/2236/1129 1350/2235/1128 1351/2237/1129
f 313/2236/1129 1351/2237/1129 317/2238/231
f 317/2238/231 1351/2237/1129 1352/2239/231
f 317/2238/231 1352/2239/231 318/2240/1130
f 318/2240/1130 1352/2239/231 1353/2241/1130
f 318/2240/1130 1353/2241/1130 319/2242/1131
f 319/2242/1131 1353/2241/1130 1354/2243/1131
f 319/2242/1131 1354/2243/1131 320/2244/1132
f 320/2244/1132 1354/2243/1131 1355/2245/1132
f 320/2244/1132 1355/2245/1132 321/2246/1133
f 321/2246/1133 1355/2245/1132 1356/2247/1133
f 321/2246/1133 1356/2247/1133 322/2248/1134
f 322/2248/1134 1356/2247/1133 1357/2249/1134
f 322/2248/1134 1357/2249/1134 323/2250/292
f 323/2250/292 1357/2249/1134 1358/2251/292
f 58/2252/292 415/2253/292 56/2254/1134
f 56/2254/1134 415/2253/292 351/2255/1134
f 56/2254/1134 351/2255/1134 42/2256/1133
f 42/2256/1133 351/2255/1134 350/2257/1133
f 42/2256/1133 350/2257/1133 38/2258/1132
f 38/2258/1132 350/2257/1133 348/2259/1132
f 38/2258/1132 348/2259/1132 39/2260/1131
f 39/2260/1131 348/2259/1132 354/2261/1131
f 39/2260/1131 354/2261/1131 40/2262/1130
f 40/2262/1130 354/2261/1131 355/2263/1130
f 40/2262/1130 355/2263/1130 35/2264/231
f 35/2264/231 355/2263/1130 356/2265/231
f 35/2264/231 356/2265/231 36/2266/1129
f 36/2266/1129 356/2265/231 358/2267/1129
f 36/2266/1129 358/2267/1129 18/2268/1128
f 18/2268/1128 358/2267/1129 376/2269/1128
f 18/2268/1128 376/2269/1128 22/2270/1127
f 22/2270/1127 376/2269/1128 379/2271/1127
f 22/2270/1127 379/2271/1127 68/2272/1126
f 68/2272/1126 379/2271/1127 382/2273/1126
f 68/2272/1126 382/2273/1126 72/2274/1125
f 72/2274/1125 382/2273/1126 400/2275/1125
f 72/2274/1125 400/2275/1125 73/2276/1124
f 73/2276/1124 400/2275/1125 402/2277/1124
f 73/2276/1124 402/2277/1124 74/2278/1123
f 74/2278/1123 402/2277/1124 403/2279/1123
f 74/2278/1123 403/2279/1123 75/2280/1122
f 75/2280/1122 403/2279/1123 404/2281/1122
f 75/2280/1122 404/2281/1122 76/2282/1121
f 76/2282/1121 404/2281/1122 408/2283/1121
f 76/2282/1121 408/2283/1121 77/2284/1120
f 77/2284/1120 408/2283/1121 409/2285/1120
f 77/2284/1120 409/2285/1120 78/2210/1109
f 78/2210/1109 409/2285/1120 410/2211/1109
f 323/2250/292 1358/2251/292 336/2286/1135
f 336/2286/1135 1358/2251/292 1359/2287/1135
f 336/2286/1135 1359/2287/1135 337/2288/1136
f 337/2288/1136 1359/2287/1135 1360/2289/1136
f 337/2288/1136 1360/2289/1136 324/2290/1137
f 324/2290/1137 1360/2289/1136 1361/2291/1137
f 1362/2292/1138 1363/2293/1139 1364/2294/1138
f 1364/2294/1138 1363/2293/1139 1365/2295/1139
f 1364/2294/1138 1365/2295/1139 1366/2296/1139
f 1366/2296/1139 1365/2295/1139 1367/2297/1140
f 1367/2297/1140 1365/2295/1139 1368/2298/1140
f 1367/2297/1140 1368/2298/1140 1369/2299/1141
f 1369/2299/1141 1368/2298/1140 1370/2300/1141
f 1369/2301/1141 1370/2302/1141 1371/2303/1142
f 1371/2303/1142 1370/2302/1141 1372/2304/1142
f 1371/2303/1142 1372/2304/1142 1373/2305/1143
f 1373/2305/1143 1372/2304/1142 1374/2306/1143
f 1373/2305/1143 1374/2306/1143 1375/2307/1144
f 1375/2307/1144 1374/2306/1143 1376/2308/1144
f 1375/2307/1144 1376/2308/1144 1377/2309/1145
f 1377/2309/1145 1376/2308/1144 1378/2310/1145
f 1377/2309/1145 1378/2310/1145 1379/2311/1146
f 1379/2311/1146 1378/2310/1145 1380/2312/1146
f 1379/2311/1146 1380/2312/1146 1381/2313/1147
f 1381/2313/1147 1380/2312/1146 1382/2314/1147
f 1381/2313/1147 1382/2314/1147 1157/1915/152
f 1157/1915/152 1382/2314/1147 1383/2315/1147
f 1157/1915/152 1383/2315/1147 1384/2316/1147
f 1384/2316/1147 1383/2315/1147 1385/2317/1146
f 1384/2316/1147 1385/2317/1146 1386/2318/1146
f 1386/2318/1146 1385/2317/1146 1387/2319/1145
f 1386/2318/1146 1387/2319/1145 1388/2320/1145
f 1388/2320/1145 1387/2319/1145 1389/2321/1144
f 1389/2321/1144 1387/2319/1145 1390/2322/1144
f 1389/2321/1144 1390/2322/1144 1391/2323/1143
f 1391/2323/1143 1390/2322/1144 1392/2324/1143
f 1391/2323/1143 1392/2324/1143 1393/2325/1142
f 1393/2325/1142 1392/2324/1143 1394/2326/1142
f 1393/2325/1142 1394/2326/1142 1395/2327/1141
f 1395/2327/1141 1394/2326/1142 1396/2328/1141
f 1395/2329/1141 1396/2330/1141 1397/2331/1140
f 1397/2331/1140 1396/2330/1141 1398/2332/1140
f 1397/2331/1140 1398/2332/1140 1399/2333/1139
f 1399/2333/1139 1398/2332/1140 1400/2334/1139
f 1399/2333/1139 1400/2334/1139 1362/2292/1138
f 1362/2292/1138 1400/2334/1139 1401/2335/1139
f 1362/2292/1138 1401/2335/1139 1363/2293/1139
f 1363/2293/1139 1401/2335/1139 1402/2336/1140
f 1363/2293/1139 1402/2336/1140 1368/2298/1140
f 1368/2298/1140 1402/2336/1140 1370/2300/1141
f 1388/2320/1145 1403/2337/1146 1386/2318/1146
f 1386/2318/1146 1403/2337/1146 1404/2338/1147
f 1386/2318/1146 1404/2338/1147 1384/2316/1147
f 1384/2316/1147 1404/2338/1147 1159/1917/152
f 1384/2316/1147 1159/1917/152 1157/1915/152
f 1403/2337/1146 1405/2339/1147 1404/2338/1147
f 1404/2338/1147 1405/2339/1147 1159/1917/152
f 1401/2335/1139 1400/2334/1139 1406/2340/1140
f 1406/2340/1140 1400/2334/1139 1398/2332/1140
f 1406/2340/1140 1398/2332/1140 1407/2341/1141
f 1407/2341/1141 1398/2332/1140 1396/2330/1141
f 1407/2342/1141 1396/2328/1141 1408/2343/1142
f 1408/2343/1142 1396/2328/1141 1394/2326/1142
f 1408/2343/1142 1394/2326/1142 1409/2344/1143
f 1409/2344/1143 1394/2326/1142 1392/2324/1143
f 1409/2344/1143 1392/2324/1143 1410/2345/1144
f 1410/2345/1144 1392/2324/1143 1390/2322/1144
f 1410/2345/1144 1390/2322/1144 1411/2346/1145
f 1411/2346/1145 1390/2322/1144 1387/2319/1145
f 1411/2346/1145 1387/2319/1145 1385/2317/1146
f 1368/2298/1140 1365/2295/1139 1363/2293/1139
f 1401/2335/1139 1406/2340/1140 1402/2336/1140
f 1402/2336/1140 1406/2340/1140 1412/2347/1141
f 1402/2336/1140 1412/2347/1141 1370/2300/1141
f 1370/2302/1141 1412/2348/1141 1372/2304/1142
f 1412/2347/1141 1406/2340/1140 1407/2341/1141
f 1412/2348/1141 1407/2342/1141 1413/2349/1142
f 1413/2349/1142 1407/2342/1141 1408/2343/1142
f 1413/2349/1142 1408/2343/1142 1414/2350/1143
f 1414/2350/1143 1408/2343/1142 1409/2344/1143
f 1414/2350/1143 1409/2344/1143 1415/2351/1144
f 1415/2351/1144 1409/2344/1143 1410/2345/1144
f 1415/2351/1144 1410/2345/1144 1416/2352/1145
f 1416/2352/1145 1410/2345/1144 1411/2346/1145
f 1416/2352/1145 1411/2346/1145 1417/2353/1146
f 1417/2353/1146 1411/2346/1145 1385/2317/1146
f 1417/2353/1146 1385/2317/1146 1383/2315/1147
f 1374/2306/1143 1372/2304/1142 1413/2349/1142
f 1413/2349/1142 1372/2304/1142 1412/2348/1141
f 1374/2306/1143 1413/2349/1142 1414/2350/1143
f 1376/2308/1144 1374/2306/1143 1414/2350/1143
f 1376/2308/1144 1414/2350/1143 1415/2351/1144
f 1378/2310/1145 1376/2308/1144 1415/2351/1144
f 1378/2310/1145 1415/2351/1144 1416/2352/1145
f 1380/2312/1146 1378/2310/1145 1416/2352/1145
f 1380/2312/1146 1416/2352/1145 1417/2353/1146
f 1382/2314/1147 1380/2312/1146 1417/2353/1146
f 1382/2314/1147 1417/2353/1146 1383/2315/1147
f 63/2354/1137 416/2355/1137 62/2356/1136
f 62/2356/1136 416/2355/1137 419/2357/1136
f 62/2356/1136 419/2357/1136 60/2358/1135
f 60/2358/1135 419/2357/1136 418/2359/1135
f 60/2358/1135 418/2359/1135 58/2252/292
f 58/2252/292 418/2359/1135 415/2253/292
f 1418/2360/1047 1155/1912/1047 414/2361/1047
f 414/2361/1047 1155/1912/1047 85/1913/1047
f 414/2361/1047 85/1913/1047 79/2216/1047
f 79/2216/1047 411/2217/1047 414/2361/1047
f 1288/2362/130 1290/2363/130 1418/2364/130
f 1418/2364/130 1290/2363/130 1291/2365/130
f 1418/2364/130 1291/2365/130 1293/2366/130
f 1418/2364/130 1293/2366/130 1155/2367/130
f 1155/2367/130 1293/2366/130 1295/2368/130
f 1155/2367/130 1295/2368/130 1297/2369/130
f 1297/2369/130 1299/2370/130 1155/2367/130
f 1155/2367/130 1299/2370/130 1301/2371/130
f 1155/2367/130 1301/2371/130 1303/2372/130
f 1303/2372/130 1305/2373/130 1155/2367/130
f 1155/2367/130 1305/2373/130 1235/2374/130
f 1155/2367/130 1235/2374/130 1138/2375/130
f 1138/2375/130 1235/2374/130 1122/2376/130
f 1138/2375/130 1122/2376/130 1137/2377/130
f 1137/2377/130 1122/2376/130 1136/2378/130
f 1136/2378/130 1122/2376/130 1135/2379/130
f 1135/2379/130 1122/2376/130 1134/2380/132
f 1134/2380/132 1122/2376/130 1133/2381/130
f 1133/2381/130 1122/2376/130 1121/2382/130
f 1133/2381/130 1121/2382/130 1126/2383/130
f 1126/2383/130 1125/2384/130 1133/2381/130
f 1133/2381/130 1125/2384/130 1124/2385/130
f 1133/2381/130 1124/2385/130 1123/2386/130
f 1139/2387/130 1143/2388/130 1138/2375/130
f 1138/2375/130 1143/2388/130 1144/2389/130
f 1138/2375/130 1144/2389/130 1145/2390/130
f 1140/2391/130 1141/2392/130 1139/2387/130
f 1139/2387/130 1141/2392/130 1142/2393/130
f 1139/2387/130 1142/2393/130 1143/2388/130
f 1145/2390/130 1146/2394/130 1138/2375/130
f 1138/2375/130 1146/2394/130 1147/2395/130
f 1138/2375/130 1147/2395/130 1148/2396/130
f 1148/2396/130 1149/2397/130 1138/2375/130
f 1138/2375/130 1149/2397/130 1150/2398/130
f 1138/2375/130 1150/2398/130 1151/2399/130
f 1151/2399/130 1152/2400/130 1138/2375/130
f 1138/2375/130 1152/2400/130 1153/2401/130
f 1138/2375/130 1153/2401/130 1154/2402/130
f 1154/2402/130 1155/2367/130 1138/2375/130
f 1419/2403/921 417/2404/921 1052/1694/920
f 1052/1694/920 417/2404/921 64/1695/921
f 64/1695/921 417/2404/921 63/2354/921
f 63/2354/921 417/2404/921 416/2355/921
f 1362/2405/130 1419/2406/130 1399/2407/130
f 1399/2407/130 1419/2406/130 1397/2408/130
f 1397/2408/130 1419/2406/130 1395/2409/130
f 1395/2409/130 1419/2406/130 1052/2410/130
f 1395/2409/130 1052/2410/130 1393/2411/130
f 1393/2411/130 1052/2410/130 1391/2412/130
f 1391/2412/130 1052/2410/130 1389/2413/130
f 1389/2413/130 1052/2410/130 1388/2414/130
f 1388/2414/130 1052/2410/130 1403/2415/130
f 1403/2415/130 1052/2410/130 1405/2416/130
f 1405/2416/130 1052/2410/130 1159/2417/130
f 1159/2417/130 1052/2410/130 1069/2418/130
f 1159/2417/130 1069/2418/130 1158/2419/130
f 1158/2419/130 1069/2418/130 1070/2420/130
f 1158/2419/130 1070/2420/130 1071/2421/130
f 1052/2410/130 1053/2422/130 1069/2418/130
f 1069/2418/130 1053/2422/130 1054/2423/130
f 1069/2418/130 1054/2423/130 1055/2424/130
f 1055/2424/130 1056/2425/130 1069/2418/130
f 1069/2418/130 1056/2425/130 1057/2426/130
f 1069/2418/130 1057/2426/130 1058/2427/130
f 1058/2427/130 1059/2428/130 1069/2418/130
f 1069/2418/130 1059/2428/130 1060/2429/130
f 1069/2418/130 1060/2429/130 1061/2430/130
f 1061/2430/130 1062/2431/130 1069/2418/130
f 1069/2418/130 1062/2431/130 1063/2432/130
f 1069/2418/130 1063/2432/130 1064/2433/130
f 1064/2433/130 1065/2434/130 1069/2418/130
f 1069/2418/130 1065/2434/130 1068/2435/130
f 1068/2435/130 1065/2434/130 1066/2436/130
f 1068/2435/130 1066/2436/130 1067/2437/130
f 1071/2421/130 1072/2438/130 1158/2419/130
f 1158/2419/130 1072/2438/130 1073/2439/130
f 1158/2419/130 1073/2439/130 1050/2440/130
f 1051/2441/130 1206/2442/130 1050/2440/130
f 1050/2440/130 1206/2442/130 1208/2443/130
f 1050/2440/130 1208/2443/130 1177/2444/130
f 1177/2444/130 1170/2445/130 1050/2440/130
f 1050/2440/130 1170/2445/130 1158/2419/130
f 1286/2446/1 1420/2447/1 1323/2448/1
f 1323/2448/1 1420/2447/1 1321/2449/1
f 1321/2449/1 1420/2447/1 1319/2450/1
f 1319/2450/1 1420/2447/1 1259/2451/1
f 1319/2450/1 1259/2451/1 1317/2452/1
f 1317/2452/1 1259/2451/1 1315/2453/1
f 1315/2453/1 1259/2451/1 1313/2454/1
f 1313/2454/1 1259/2451/1 1312/2455/1
f 1312/2455/1 1259/2451/1 1327/2456/1
f 1327/2456/1 1259/2451/1 1329/2457/1
f 1329/2457/1 1259/2451/1 1234/2458/1
f 1234/2458/1 1259/2451/1 1276/2459/1
f 1234/2458/1 1276/2459/1 1084/2460/1
f 1084/2460/1 1276/2459/1 1277/2461/1
f 1084/2460/1 1277/2461/1 1278/2462/1
f 1259/2451/1 1260/2463/1 1276/2459/1
f 1276/2459/1 1260/2463/1 1261/2464/1
f 1276/2459/1 1261/2464/1 1262/2465/1
f 1262/2465/1 1263/2466/1 1276/2459/1
f 1276/2459/1 1263/2466/1 1264/2467/1
f 1276/2459/1 1264/2467/1 1265/2468/1
f 1265/2468/1 1266/2469/1 1276/2459/1
f 1276/2459/1 1266/2469/1 1267/2470/1
f 1276/2459/1 1267/2470/1 1268/2471/1
f 1268/2471/1 1269/2472/1 1276/2459/1
f 1276/2459/1 1269/2472/1 1270/2473/1
f 1276/2459/1 1270/2473/1 1271/2474/1
f 1271/2474/1 1272/2475/1 1276/2459/1
f 1276/2459/1 1272/2475/1 1275/2476/1
f 1275/2476/1 1272/2475/1 1273/2477/1
f 1275/2476/1 1273/2477/1 1274/2478/1
f 1278/2462/1 1279/2479/1 1084/2460/1
f 1084/2460/1 1279/2479/1 1280/2480/1
f 1084/2460/1 1280/2480/1 1281/2481/1
f 1075/2482/1 1077/2483/1 1281/2481/1
f 1281/2481/1 1077/2483/1 1079/2484/1
f 1281/2481/1 1079/2484/1 1081/2485/1
f 1081/2485/1 1083/2486/1 1281/2481/1
f 1281/2481/1 1083/2486/1 1084/2460/1
f 1364/2487/1 1366/2488/1 1421/2489/1
f 1421/2489/1 1366/2488/1 1367/2490/1
f 1421/2489/1 1367/2490/1 1369/2491/1
f 1421/2489/1 1369/2491/1 1258/2492/1
f 1258/2492/1 1369/2491/1 1371/2493/1
f 1258/2492/1 1371/2493/1 1373/2494/1
f 1373/2494/1 1375/2495/1 1258/2492/1
f 1258/2492/1 1375/2495/1 1377/2496/1
f 1258/2492/1 1377/2496/1 1379/2497/1
f 1379/2497/1 1381/2498/1 1258/2492/1
f 1258/2492/1 1381/2498/1 1157/2499/1
f 1258/2492/1 1157/2499/1 1241/2500/1
f 1241/2500/1 1157/2499/1 1156/2501/1
f 1241/2500/1 1156/2501/1 1240/2502/1
f 1240/2502/1 1156/2501/1 1239/2503/1
f 1239/2503/1 1156/2501/1 1238/2504/1
f 1238/2504/1 1156/2501/1 1237/2505/1
f 1237/2505/1 1156/2501/1 1236/2506/1
f 1236/2506/1 1156/2501/1 1169/2507/1
f 1236/2506/1 1169/2507/1 1167/2508/1
f 1167/2508/1 1165/2509/1 1236/2506/1
f 1236/2506/1 1165/2509/1 1163/2510/1
f 1236/2506/1 1163/2510/1 1161/2511/1
f 1242/2512/1 1246/2513/1 1241/2500/1
f 1241/2500/1 1246/2513/1 1247/2514/1
f 1241/2500/1 1247/2514/1 1248/2515/1
f 1243/2516/1 1244/2517/1 1242/2512/1
f 1242/2512/1 1244/2517/1 1245/2518/1
f 1242/2512/1 1245/2518/1 1246/2513/1
f 1248/2515/1 1249/2519/1 1241/2500/1
f 1241/2500/1 1249/2519/1 1250/2520/1
f 1241/2500/1 1250/2520/1 1251/2521/1
f 1251/2521/1 1252/2522/1 1241/2500/1
f 1241/2500/1 1252/2522/1 1253/2523/1
f 1241/2500/1 1253/2523/1 1254/2524/1
f 1254/2524/1 1255/2525/1 1241/2500/1
f 1241/2500/1 1255/2525/1 1256/2526/1
f 1241/2500/1 1256/2526/1 1257/2527/1
f 1257/2527/1 1258/2492/1 1241/2500/1
f 1282/2141/1047 308/2140/1047 1422/2528/1047
f 1422/2528/1047 308/2140/1047 309/2093/1047
f 1422/2528/1047 309/2093/1047 1259/2092/1047
f 1259/2092/1047 1420/2529/1047 1422/2528/1047
f 1361/2291/921 1423/2530/921 324/2290/921
f 324/2290/921 1423/2530/921 330/2091/920
f 330/2091/920 1423/2530/921 1258/2090/921
f 1258/2090/921 1423/2530/921 1421/2531/921
f 407/2532/1148 406/2533/1149 1424/2534/1148
f 1424/2534/1148 406/2533/1149 1425/2535/1149
f 1425/2535/1149 406/2533/1149 1426/2536/1150
f 1426/2536/1150 406/2533/1149 405/2537/1150
f 1426/2536/1150 405/2537/1150 965/1539/152
f 965/1539/152 405/2537/1150 401/1533/152
f 1423/2538/1 1361/2539/1 1427/2540/1
f 1427/2540/1 1361/2539/1 1358/2541/1
f 1427/2540/1 1358/2541/1 1357/2542/1
f 1360/2543/1 1359/2544/1 1361/2539/1
f 1361/2539/1 1359/2544/1 1358/2541/1
f 1357/2542/1 1356/2545/1 1427/2540/1
f 1427/2540/1 1356/2545/1 1355/2546/1
f 1427/2540/1 1355/2546/1 1428/2547/1
f 1428/2547/1 1355/2546/1 1429/2548/1
f 1429/2548/1 1355/2546/1 485/2549/1
f 485/2549/1 1355/2546/1 1354/2550/1
f 485/2549/1 1354/2550/1 1353/2551/1
f 1353/2551/1 1352/2552/1 485/2549/1
f 485/2549/1 1352/2552/1 439/2553/1
f 439/2553/1 1352/2552/1 1351/2554/1
f 439/2553/1 1351/2554/1 683/2555/1
f 683/2555/1 1351/2554/1 690/2556/1
f 690/2556/1 1351/2554/1 574/2557/1
f 574/2557/1 1351/2554/1 1350/2558/1
f 574/2557/1 1350/2558/1 573/2559/1
f 573/2559/1 1350/2558/1 572/2560/1
f 572/2560/1 1350/2558/1 1349/2561/1
f 572/2560/1 1349/2561/1 571/2562/1
f 571/2562/1 1349/2561/1 570/2563/1
f 570/2563/1 1349/2561/1 1348/2564/1
f 570/2563/1 1348/2564/1 569/2565/1
f 569/2565/1 1348/2564/1 568/2566/1
f 568/2566/1 1348/2564/1 917/2567/1
f 568/2566/1 917/2567/1 567/2568/1
f 567/2568/1 917/2567/1 566/2569/1
f 566/2569/1 917/2567/1 524/2570/1
f 524/2570/1 917/2567/1 540/2571/1
f 540/2571/1 917/2567/1 952/2572/1
f 540/2571/1 952/2572/1 951/2573/1
f 1348/2564/1 1347/2574/1 917/2567/1
f 917/2567/1 1347/2574/1 965/2575/1
f 965/2575/1 1347/2574/1 1346/2576/1
f 965/2575/1 1346/2576/1 1345/2577/1
f 1345/2577/1 1344/2578/1 965/2575/1
f 965/2575/1 1344/2578/1 1426/2579/1
f 1426/2579/1 1344/2578/1 1425/2580/1
f 1425/2580/1 1344/2578/1 1424/2581/1
f 1424/2581/1 1344/2578/1 1343/2582/1
f 1424/2581/1 1343/2582/1 1342/2583/1
f 1342/2583/1 1285/2584/1 1424/2581/1
f 1424/2581/1 1285/2584/1 1282/2585/1
f 1424/2581/1 1282/2585/1 1422/2586/1
f 1285/2584/1 1284/2587/1 1282/2585/1
f 1282/2585/1 1284/2587/1 1283/2588/1
f 951/2573/1 950/2589/1 540/2571/1
f 540/2571/1 950/2589/1 949/2590/1
f 540/2571/1 949/2590/1 948/2591/1
f 948/2591/1 947/2592/1 540/2571/1
f 540/2571/1 947/2592/1 546/2593/1
f 546/2593/1 947/2592/1 946/2594/1
f 546/2593/1 946/2594/1 945/2595/1
f 945/2595/1 944/2596/1 546/2593/1
f 683/2555/1 675/2597/1 439/2553/1
f 439/2553/1 675/2597/1 668/2598/1
f 439/2553/1 668/2598/1 660/2599/1
f 660/2599/1 650/2600/1 439/2553/1
f 439/2553/1 650/2600/1 437/2601/1
f 437/2601/1 650/2600/1 435/2602/1
f 435/2602/1 650/2600/1 433/2603/1
f 433/2603/1 650/2600/1 431/2604/1
f 431/2604/1 650/2600/1 430/2605/1
f 430/2605/1 650/2600/1 458/2606/1
f 458/2606/1 650/2600/1 465/2607/1
f 458/2606/1 465/2607/1 462/2608/1
f 462/2608/1 465/2607/1 466/2609/1
f 466/2609/1 465/2607/1 468/2610/1
f 349/2611/1151 1427/2612/1151 347/2613/1152
f 347/2613/1152 1427/2612/1151 1428/2614/1152
f 347/2613/1152 1428/2614/1152 352/2615/1153
f 352/2615/1153 1428/2614/1152 1429/2616/1153
f 352/2615/1153 1429/2616/1153 353/542/144
f 353/542/144 1429/2616/1153 485/543/144
f 414/2617/152 407/2532/152 1288/2618/152
f 1288/2618/152 407/2532/152 1424/2534/152
f 1288/2618/152 1424/2534/152 1286/2619/152
f 1286/2619/152 1424/2534/152 1422/2620/152
f 1286/2619/152 1422/2620/152 1420/2621/152
f 1288/2618/152 1418/2622/152 414/2617/152
f 349/2611/144 1362/2623/144 1427/2612/144
f 1427/2612/144 1362/2623/144 1364/2624/144
f 1427/2612/144 1364/2624/144 1423/2625/144
f 1423/2625/144 1364/2624/144 1421/2626/144
f 349/2611/144 417/2627/144 1362/2623/144
f 1362/2623/144 417/2627/144 1419/2628/144
