# WaveFront *.obj file (generated by Autodesk ATF)

mtllib Puck1Unterseite.mtl

g Puck1Unterseite

v 20.525717 -11.252036 1.809171
v 20.528518 -11.309945 1.809171
v 20.536895 -11.367312 1.809171
v 20.550770 -11.423604 1.809171
v 20.570012 -11.478293 1.809171
v 20.594444 -11.530870 1.809171
v 20.623835 -11.580844 1.809171
v 20.657913 -11.627747 1.809171
v 20.696358 -11.671143 1.809171
v 20.738812 -11.710626 1.809171
v 20.784878 -11.745826 1.809171
v 20.834127 -11.776417 1.809171
v 20.886098 -11.802111 1.809171
v 20.940307 -11.822670 1.809171
v 20.996247 -11.837901 1.809171
v 21.053395 -11.847661 1.809171
v 21.111219 -11.851861 1.809171
v 21.169178 -11.850460 1.809171
v 21.226731 -11.843472 1.809171
v 21.283342 -11.830961 1.809171
v 21.338480 -11.813046 1.809171
v 21.391632 -11.789892 1.809171
v 21.442301 -11.761717 1.809171
v 21.490015 -11.728783 1.809171
v 21.534327 -11.691397 1.809171
v 21.574824 -11.649910 1.809171
v 21.611127 -11.604707 1.809171
v 21.642899 -11.556212 1.809171
v 21.669842 -11.504877 1.809171
v 21.691704 -11.451181 1.809171
v 21.708282 -11.395626 1.809171
v 21.719421 -11.338730 1.809171
v 21.725017 -11.281024 1.809171
v 21.725017 -11.223048 1.809171
v 21.719421 -11.165343 1.809171
v 21.708282 -11.108447 1.809171
v 21.691704 -11.052891 1.809171
v 21.669842 -10.999195 1.809171
v 21.642899 -10.947860 1.809171
v 21.611127 -10.899365 1.809171
v 21.574824 -10.854163 1.809171
v 21.534327 -10.812675 1.809171
v 21.490015 -10.775290 1.809171
v 21.442301 -10.742355 1.809171
v 21.391632 -10.714180 1.809171
v 21.338480 -10.691026 1.809171
v 21.283342 -10.673111 1.809171
v 21.226731 -10.660601 1.809171
v 21.169178 -10.653612 1.809171
v 21.111219 -10.652211 1.809171
v 21.053395 -10.656411 1.809171
v 20.996247 -10.666172 1.809171
v 20.940307 -10.681402 1.809171
v 20.886098 -10.701961 1.809171
v 20.834127 -10.727655 1.809171
v 20.784878 -10.758246 1.809171
v 20.738812 -10.793447 1.809171
v 20.696358 -10.832929 1.809171
v 20.657913 -10.876325 1.809171
v 20.623835 -10.923229 1.809171
v 20.594444 -10.973202 1.809171
v 20.570012 -11.025779 1.809171
v 20.550770 -11.080469 1.809171
v 20.536895 -11.136760 1.809171
v 20.528518 -11.194128 1.809171
v 20.525717 -11.252036 1.309171
v 20.528518 -11.194128 1.309171
v 20.536895 -11.136760 1.309171
v 20.550770 -11.080469 1.309171
v 20.570012 -11.025779 1.309171
v 20.594444 -10.973202 1.309171
v 20.623835 -10.923229 1.309171
v 20.657913 -10.876325 1.309171
v 20.696358 -10.832929 1.309171
v 20.738812 -10.793447 1.309171
v 20.784878 -10.758246 1.309171
v 20.834127 -10.727655 1.309171
v 20.886098 -10.701961 1.309171
v 20.940307 -10.681402 1.309171
v 20.996247 -10.666172 1.309171
v 21.053395 -10.656411 1.309171
v 21.111219 -10.652211 1.309171
v 21.169178 -10.653612 1.309171
v 21.226731 -10.660601 1.309171
v 21.283342 -10.673111 1.309171
v 21.338480 -10.691026 1.309171
v 21.391632 -10.714180 1.309171
v 21.442301 -10.742355 1.309171
v 21.490015 -10.775290 1.309171
v 21.534327 -10.812675 1.309171
v 21.574824 -10.854163 1.309171
v 21.611127 -10.899365 1.309171
v 21.642899 -10.947860 1.309171
v 21.669842 -10.999195 1.309171
v 21.691704 -11.052891 1.309171
v 21.708282 -11.108447 1.309171
v 21.719421 -11.165343 1.309171
v 21.725017 -11.223048 1.309171
v 21.725017 -11.281024 1.309171
v 21.719421 -11.338730 1.309171
v 21.708282 -11.395626 1.309171
v 21.691704 -11.451181 1.309171
v 21.669842 -11.504877 1.309171
v 21.642899 -11.556212 1.309171
v 21.611127 -11.604707 1.309171
v 21.574824 -11.649910 1.309171
v 21.534327 -11.691397 1.309171
v 21.490015 -11.728783 1.309171
v 21.442301 -11.761717 1.309171
v 21.391632 -11.789892 1.309171
v 21.338480 -11.813046 1.309171
v 21.283342 -11.830961 1.309171
v 21.226731 -11.843472 1.309171
v 21.169178 -11.850460 1.309171
v 21.111219 -11.851861 1.309171
v 21.053395 -11.847661 1.309171
v 20.996247 -11.837901 1.309171
v 20.940307 -11.822670 1.309171
v 20.886098 -11.802111 1.309171
v 20.834127 -11.776417 1.309171
v 20.784878 -11.745826 1.309171
v 20.738812 -11.710626 1.309171
v 20.696358 -11.671143 1.309171
v 20.657913 -11.627747 1.309171
v 20.623835 -11.580844 1.309171
v 20.594444 -11.530870 1.309171
v 20.570012 -11.478293 1.309171
v 20.550770 -11.423604 1.309171
v 20.536895 -11.367312 1.309171
v 20.528518 -11.309945 1.309171
v 26.325717 -8.852036 1.809171
v 26.328518 -8.909945 1.809171
v 26.336895 -8.967312 1.809171
v 26.350770 -9.023604 1.809171
v 26.370012 -9.078293 1.809171
v 26.394444 -9.130870 1.809171
v 26.423835 -9.180844 1.809171
v 26.457913 -9.227747 1.809171
v 26.496358 -9.271143 1.809171
v 26.538812 -9.310626 1.809171
v 26.584878 -9.345826 1.809171
v 26.634127 -9.376417 1.809171
v 26.686098 -9.402111 1.809171
v 26.740307 -9.422670 1.809171
v 26.796247 -9.437901 1.809171
v 26.853395 -9.447661 1.809171
v 26.911219 -9.451861 1.809171
v 26.969178 -9.450460 1.809171
v 27.026731 -9.443472 1.809171
v 27.083342 -9.430961 1.809171
v 27.138480 -9.413046 1.809171
v 27.191632 -9.389892 1.809171
v 27.242301 -9.361717 1.809171
v 27.290015 -9.328783 1.809171
v 27.334327 -9.291397 1.809171
v 27.374824 -9.249910 1.809171
v 27.411127 -9.204707 1.809171
v 27.442899 -9.156212 1.809171
v 27.469842 -9.104877 1.809171
v 27.491704 -9.051181 1.809171
v 27.508282 -8.995626 1.809171
v 27.519421 -8.938730 1.809171
v 27.525017 -8.881024 1.809171
v 27.525017 -8.823048 1.809171
v 27.519421 -8.765343 1.809171
v 27.508282 -8.708447 1.809171
v 27.491704 -8.652891 1.809171
v 27.469842 -8.599195 1.809171
v 27.442899 -8.547860 1.809171
v 27.411127 -8.499365 1.809171
v 27.374824 -8.454163 1.809171
v 27.334327 -8.412675 1.809171
v 27.290015 -8.375290 1.809171
v 27.242301 -8.342355 1.809171
v 27.191632 -8.314180 1.809171
v 27.138480 -8.291026 1.809171
v 27.083342 -8.273111 1.809171
v 27.026731 -8.260601 1.809171
v 26.969178 -8.253612 1.809171
v 26.911219 -8.252211 1.809171
v 26.853395 -8.256411 1.809171
v 26.796247 -8.266172 1.809171
v 26.740307 -8.281402 1.809171
v 26.686098 -8.301961 1.809171
v 26.634127 -8.327655 1.809171
v 26.584878 -8.358246 1.809171
v 26.538812 -8.393447 1.809171
v 26.496358 -8.432929 1.809171
v 26.457913 -8.476325 1.809171
v 26.423835 -8.523229 1.809171
v 26.394444 -8.573202 1.809171
v 26.370012 -8.625779 1.809171
v 26.350770 -8.680469 1.809171
v 26.336895 -8.736760 1.809171
v 26.328518 -8.794128 1.809171
v 26.325717 -8.852036 1.309171
v 26.328518 -8.794128 1.309171
v 26.336895 -8.736760 1.309171
v 26.350770 -8.680469 1.309171
v 26.370012 -8.625779 1.309171
v 26.394444 -8.573202 1.309171
v 26.423835 -8.523229 1.309171
v 26.457913 -8.476325 1.309171
v 26.496358 -8.432929 1.309171
v 26.538812 -8.393447 1.309171
v 26.584878 -8.358246 1.309171
v 26.634127 -8.327655 1.309171
v 26.686098 -8.301961 1.309171
v 26.740307 -8.281402 1.309171
v 26.796247 -8.266172 1.309171
v 26.853395 -8.256411 1.309171
v 26.911219 -8.252211 1.309171
v 26.969178 -8.253612 1.309171
v 27.026731 -8.260601 1.309171
v 27.083342 -8.273111 1.309171
v 27.138480 -8.291026 1.309171
v 27.191632 -8.314180 1.309171
v 27.242301 -8.342355 1.309171
v 27.290015 -8.375290 1.309171
v 27.334327 -8.412675 1.309171
v 27.374824 -8.454163 1.309171
v 27.411127 -8.499365 1.309171
v 27.442899 -8.547860 1.309171
v 27.469842 -8.599195 1.309171
v 27.491704 -8.652891 1.309171
v 27.508282 -8.708447 1.309171
v 27.519421 -8.765343 1.309171
v 27.525017 -8.823048 1.309171
v 27.525017 -8.881024 1.309171
v 27.519421 -8.938730 1.309171
v 27.508282 -8.995626 1.309171
v 27.491704 -9.051181 1.309171
v 27.469842 -9.104877 1.309171
v 27.442899 -9.156212 1.309171
v 27.411127 -9.204707 1.309171
v 27.374824 -9.249910 1.309171
v 27.334327 -9.291397 1.309171
v 27.290015 -9.328783 1.309171
v 27.242301 -9.361717 1.309171
v 27.191632 -9.389892 1.309171
v 27.138480 -9.413046 1.309171
v 27.083342 -9.430961 1.309171
v 27.026731 -9.443472 1.309171
v 26.969178 -9.450460 1.309171
v 26.911219 -9.451861 1.309171
v 26.853395 -9.447661 1.309171
v 26.796247 -9.437901 1.309171
v 26.740307 -9.422670 1.309171
v 26.686098 -9.402111 1.309171
v 26.634127 -9.376417 1.309171
v 26.584878 -9.345826 1.309171
v 26.538812 -9.310626 1.309171
v 26.496358 -9.271143 1.309171
v 26.457913 -9.227747 1.309171
v 26.423835 -9.180844 1.309171
v 26.394444 -9.130870 1.309171
v 26.370012 -9.078293 1.309171
v 26.350770 -9.023604 1.309171
v 26.336895 -8.967312 1.309171
v 26.328518 -8.909945 1.309171
v 20.525717 -8.852036 1.809171
v 20.528518 -8.909945 1.809171
v 20.536895 -8.967312 1.809171
v 20.550770 -9.023604 1.809171
v 20.570012 -9.078293 1.809171
v 20.594444 -9.130870 1.809171
v 20.623835 -9.180844 1.809171
v 20.657913 -9.227747 1.809171
v 20.696358 -9.271143 1.809171
v 20.738812 -9.310626 1.809171
v 20.784878 -9.345826 1.809171
v 20.834127 -9.376417 1.809171
v 20.886098 -9.402111 1.809171
v 20.940307 -9.422670 1.809171
v 20.996247 -9.437901 1.809171
v 21.053395 -9.447661 1.809171
v 21.111219 -9.451861 1.809171
v 21.169178 -9.450460 1.809171
v 21.226731 -9.443472 1.809171
v 21.283342 -9.430961 1.809171
v 21.338480 -9.413046 1.809171
v 21.391632 -9.389892 1.809171
v 21.442301 -9.361717 1.809171
v 21.490015 -9.328783 1.809171
v 21.534327 -9.291397 1.809171
v 21.574824 -9.249910 1.809171
v 21.611127 -9.204707 1.809171
v 21.642899 -9.156212 1.809171
v 21.669842 -9.104877 1.809171
v 21.691704 -9.051181 1.809171
v 21.708282 -8.995626 1.809171
v 21.719421 -8.938730 1.809171
v 21.725017 -8.881024 1.809171
v 21.725017 -8.823048 1.809171
v 21.719421 -8.765343 1.809171
v 21.708282 -8.708447 1.809171
v 21.691704 -8.652891 1.809171
v 21.669842 -8.599195 1.809171
v 21.642899 -8.547860 1.809171
v 21.611127 -8.499365 1.809171
v 21.574824 -8.454163 1.809171
v 21.534327 -8.412675 1.809171
v 21.490015 -8.375290 1.809171
v 21.442301 -8.342355 1.809171
v 21.391632 -8.314180 1.809171
v 21.338480 -8.291026 1.809171
v 21.283342 -8.273111 1.809171
v 21.226731 -8.260601 1.809171
v 21.169178 -8.253612 1.809171
v 21.111219 -8.252211 1.809171
v 21.053395 -8.256411 1.809171
v 20.996247 -8.266172 1.809171
v 20.940307 -8.281402 1.809171
v 20.886098 -8.301961 1.809171
v 20.834127 -8.327655 1.809171
v 20.784878 -8.358246 1.809171
v 20.738812 -8.393447 1.809171
v 20.696358 -8.432929 1.809171
v 20.657913 -8.476325 1.809171
v 20.623835 -8.523229 1.809171
v 20.594444 -8.573202 1.809171
v 20.570012 -8.625779 1.809171
v 20.550770 -8.680469 1.809171
v 20.536895 -8.736760 1.809171
v 20.528518 -8.794128 1.809171
v 20.525717 -8.852036 1.309171
v 20.528518 -8.794128 1.309171
v 20.536895 -8.736760 1.309171
v 20.550770 -8.680469 1.309171
v 20.570012 -8.625779 1.309171
v 20.594444 -8.573202 1.309171
v 20.623835 -8.523229 1.309171
v 20.657913 -8.476325 1.309171
v 20.696358 -8.432929 1.309171
v 20.738812 -8.393447 1.309171
v 20.784878 -8.358246 1.309171
v 20.834127 -8.327655 1.309171
v 20.886098 -8.301961 1.309171
v 20.940307 -8.281402 1.309171
v 20.996247 -8.266172 1.309171
v 21.053395 -8.256411 1.309171
v 21.111219 -8.252211 1.309171
v 21.169178 -8.253612 1.309171
v 21.226731 -8.260601 1.309171
v 21.283342 -8.273111 1.309171
v 21.338480 -8.291026 1.309171
v 21.391632 -8.314180 1.309171
v 21.442301 -8.342355 1.309171
v 21.490015 -8.375290 1.309171
v 21.534327 -8.412675 1.309171
v 21.574824 -8.454163 1.309171
v 21.611127 -8.499365 1.309171
v 21.642899 -8.547860 1.309171
v 21.669842 -8.599195 1.309171
v 21.691704 -8.652891 1.309171
v 21.708282 -8.708447 1.309171
v 21.719421 -8.765343 1.309171
v 21.725017 -8.823048 1.309171
v 21.725017 -8.881024 1.309171
v 21.719421 -8.938730 1.309171
v 21.708282 -8.995626 1.309171
v 21.691704 -9.051181 1.309171
v 21.669842 -9.104877 1.309171
v 21.642899 -9.156212 1.309171
v 21.611127 -9.204707 1.309171
v 21.574824 -9.249910 1.309171
v 21.534327 -9.291397 1.309171
v 21.490015 -9.328783 1.309171
v 21.442301 -9.361717 1.309171
v 21.391632 -9.389892 1.309171
v 21.338480 -9.413046 1.309171
v 21.283342 -9.430961 1.309171
v 21.226731 -9.443472 1.309171
v 21.169178 -9.450460 1.309171
v 21.111219 -9.451861 1.309171
v 21.053395 -9.447661 1.309171
v 20.996247 -9.437901 1.309171
v 20.940307 -9.422670 1.309171
v 20.886098 -9.402111 1.309171
v 20.834127 -9.376417 1.309171
v 20.784878 -9.345826 1.309171
v 20.738812 -9.310626 1.309171
v 20.696358 -9.271143 1.309171
v 20.657913 -9.227747 1.309171
v 20.623835 -9.180844 1.309171
v 20.594444 -9.130870 1.309171
v 20.570012 -9.078293 1.309171
v 20.550770 -9.023604 1.309171
v 20.536895 -8.967312 1.309171
v 20.528518 -8.909945 1.309171
v 26.325717 -11.252036 1.809171
v 26.328518 -11.309945 1.809171
v 26.336895 -11.367312 1.809171
v 26.350770 -11.423604 1.809171
v 26.370012 -11.478293 1.809171
v 26.394444 -11.530870 1.809171
v 26.423835 -11.580844 1.809171
v 26.457913 -11.627747 1.809171
v 26.496358 -11.671143 1.809171
v 26.538812 -11.710626 1.809171
v 26.584878 -11.745826 1.809171
v 26.634127 -11.776417 1.809171
v 26.686098 -11.802111 1.809171
v 26.740307 -11.822670 1.809171
v 26.796247 -11.837901 1.809171
v 26.853395 -11.847661 1.809171
v 26.911219 -11.851861 1.809171
v 26.969178 -11.850460 1.809171
v 27.026731 -11.843472 1.809171
v 27.083342 -11.830961 1.809171
v 27.138480 -11.813046 1.809171
v 27.191632 -11.789892 1.809171
v 27.242301 -11.761717 1.809171
v 27.290015 -11.728783 1.809171
v 27.334327 -11.691397 1.809171
v 27.374824 -11.649910 1.809171
v 27.411127 -11.604707 1.809171
v 27.442899 -11.556212 1.809171
v 27.469842 -11.504877 1.809171
v 27.491704 -11.451181 1.809171
v 27.508282 -11.395626 1.809171
v 27.519421 -11.338730 1.809171
v 27.525017 -11.281024 1.809171
v 27.525017 -11.223048 1.809171
v 27.519421 -11.165343 1.809171
v 27.508282 -11.108447 1.809171
v 27.491704 -11.052891 1.809171
v 27.469842 -10.999195 1.809171
v 27.442899 -10.947860 1.809171
v 27.411127 -10.899365 1.809171
v 27.374824 -10.854163 1.809171
v 27.334327 -10.812675 1.809171
v 27.290015 -10.775290 1.809171
v 27.242301 -10.742355 1.809171
v 27.191632 -10.714180 1.809171
v 27.138480 -10.691026 1.809171
v 27.083342 -10.673111 1.809171
v 27.026731 -10.660601 1.809171
v 26.969178 -10.653612 1.809171
v 26.911219 -10.652211 1.809171
v 26.853395 -10.656411 1.809171
v 26.796247 -10.666172 1.809171
v 26.740307 -10.681402 1.809171
v 26.686098 -10.701961 1.809171
v 26.634127 -10.727655 1.809171
v 26.584878 -10.758246 1.809171
v 26.538812 -10.793447 1.809171
v 26.496358 -10.832929 1.809171
v 26.457913 -10.876325 1.809171
v 26.423835 -10.923229 1.809171
v 26.394444 -10.973202 1.809171
v 26.370012 -11.025779 1.809171
v 26.350770 -11.080469 1.809171
v 26.336895 -11.136760 1.809171
v 26.328518 -11.194128 1.809171
v 26.325717 -11.252036 1.309171
v 26.328518 -11.194128 1.309171
v 26.336895 -11.136760 1.309171
v 26.350770 -11.080469 1.309171
v 26.370012 -11.025779 1.309171
v 26.394444 -10.973202 1.309171
v 26.423835 -10.923229 1.309171
v 26.457913 -10.876325 1.309171
v 26.496358 -10.832929 1.309171
v 26.538812 -10.793447 1.309171
v 26.584878 -10.758246 1.309171
v 26.634127 -10.727655 1.309171
v 26.686098 -10.701961 1.309171
v 26.740307 -10.681402 1.309171
v 26.796247 -10.666172 1.309171
v 26.853395 -10.656411 1.309171
v 26.911219 -10.652211 1.309171
v 26.969178 -10.653612 1.309171
v 27.026731 -10.660601 1.309171
v 27.083342 -10.673111 1.309171
v 27.138480 -10.691026 1.309171
v 27.191632 -10.714180 1.309171
v 27.242301 -10.742355 1.309171
v 27.290015 -10.775290 1.309171
v 27.334327 -10.812675 1.309171
v 27.374824 -10.854163 1.309171
v 27.411127 -10.899365 1.309171
v 27.442899 -10.947860 1.309171
v 27.469842 -10.999195 1.309171
v 27.491704 -11.052891 1.309171
v 27.508282 -11.108447 1.309171
v 27.519421 -11.165343 1.309171
v 27.525017 -11.223048 1.309171
v 27.525017 -11.281024 1.309171
v 27.519421 -11.338730 1.309171
v 27.508282 -11.395626 1.309171
v 27.491704 -11.451181 1.309171
v 27.469842 -11.504877 1.309171
v 27.442899 -11.556212 1.309171
v 27.411127 -11.604707 1.309171
v 27.374824 -11.649910 1.309171
v 27.334327 -11.691397 1.309171
v 27.290015 -11.728783 1.309171
v 27.242301 -11.761717 1.309171
v 27.191632 -11.789892 1.309171
v 27.138480 -11.813046 1.309171
v 27.083342 -11.830961 1.309171
v 27.026731 -11.843472 1.309171
v 26.969178 -11.850460 1.309171
v 26.911219 -11.851861 1.309171
v 26.853395 -11.847661 1.309171
v 26.796247 -11.837901 1.309171
v 26.740307 -11.822670 1.309171
v 26.686098 -11.802111 1.309171
v 26.634127 -11.776417 1.309171
v 26.584878 -11.745826 1.309171
v 26.538812 -11.710626 1.309171
v 26.496358 -11.671143 1.309171
v 26.457913 -11.627747 1.309171
v 26.423835 -11.580844 1.309171
v 26.394444 -11.530870 1.309171
v 26.370012 -11.478293 1.309171
v 26.350770 -11.423604 1.309171
v 26.336895 -11.367312 1.309171
v 26.328518 -11.309945 1.309171
v 19.019027 -10.050679 1.809171
v 19.021849 -9.882711 1.809171
v 19.030312 -9.714933 1.809171
v 19.044407 -9.547534 1.809171
v 19.064117 -9.380702 1.809171
v 19.089421 -9.214627 1.809171
v 19.120289 -9.049496 1.809171
v 19.156688 -8.885495 1.809171
v 19.198575 -8.722809 1.809171
v 19.245903 -8.561622 1.809171
v 19.298620 -8.402116 1.809171
v 19.356666 -8.244471 1.809171
v 19.419974 -8.088865 1.809171
v 19.488475 -7.935474 1.809171
v 19.562089 -7.784470 1.809171
v 19.640735 -7.636025 1.809171
v 19.724323 -7.490305 1.809171
v 19.812759 -7.347475 1.809171
v 19.905944 -7.207697 1.809171
v 20.003771 -7.071129 1.809171
v 20.106131 -6.937924 1.809171
v 20.212909 -6.808232 1.809171
v 20.323982 -6.682201 1.809171
v 20.439227 -6.559973 1.809171
v 20.558513 -6.441685 1.809171
v 20.681706 -6.327470 1.809171
v 20.808665 -6.217459 1.809171
v 20.939249 -6.111775 1.809171
v 21.073309 -6.010538 1.809171
v 21.210695 -5.913861 1.809171
v 21.351250 -5.821854 1.809171
v 21.494818 -5.734620 1.809171
v 21.641234 -5.652259 1.809171
v 21.790335 -5.574863 1.809171
v 21.941952 -5.502520 1.809171
v 22.095913 -5.435310 1.809171
v 22.252046 -5.373311 1.809171
v 22.410173 -5.316592 1.809171
v 22.570116 -5.265216 1.809171
v 22.731694 -5.219243 1.809171
v 22.894726 -5.178724 1.809171
v 23.059028 -5.143705 1.809171
v 23.224412 -5.114225 1.809171
v 23.390694 -5.090317 1.809171
v 23.557685 -5.072009 1.809171
v 23.725197 -5.059321 1.809171
v 23.893041 -5.052267 1.809171
v 24.061026 -5.050856 1.809171
v 24.228965 -5.055089 1.809171
v 24.396666 -5.064961 1.809171
v 24.563941 -5.080461 1.809171
v 24.730601 -5.101572 1.809171
v 24.896458 -5.128270 1.809171
v 25.061324 -5.160524 1.809171
v 25.225014 -5.198299 1.809171
v 25.387342 -5.241551 1.809171
v 25.548126 -5.290232 1.809171
v 25.707183 -5.344287 1.809171
v 25.864335 -5.403655 1.809171
v 26.019404 -5.468268 1.809171
v 26.172214 -5.538054 1.809171
v 26.322594 -5.612935 1.809171
v 26.470374 -5.692825 1.809171
v 26.615386 -5.777634 1.809171
v 26.757468 -5.867267 1.809171
v 26.896458 -5.961622 1.809171
v 27.032200 -6.060593 1.809171
v 27.164541 -6.164069 1.809171
v 27.293331 -6.271932 1.809171
v 27.418424 -6.384060 1.809171
v 27.539681 -6.500328 1.809171
v 27.656963 -6.620603 1.809171
v 27.770138 -6.744750 1.809171
v 27.879079 -6.872630 1.809171
v 27.983662 -7.004096 1.809171
v 28.083770 -7.139002 1.809171
v 28.179289 -7.277195 1.809171
v 28.270113 -7.418519 1.809171
v 28.356137 -7.562814 1.809171
v 28.437265 -7.709917 1.809171
v 28.513406 -7.859663 1.809171
v 28.584474 -8.011882 1.809171
v 28.650387 -8.166402 1.809171
v 28.711073 -8.323050 1.809171
v 28.766462 -8.481648 1.809171
v 28.816492 -8.642017 1.809171
v 28.861106 -8.803976 1.809171
v 28.900254 -8.967342 1.809171
v 28.933892 -9.131932 1.809171
v 28.961982 -9.297558 1.809171
v 28.984493 -9.464035 1.809171
v 29.001397 -9.631174 1.809171
v 29.012678 -9.798787 1.809171
v 29.018321 -9.966684 1.809171
v 29.018321 -10.134675 1.809171
v 29.012678 -10.302572 1.809171
v 29.001397 -10.470185 1.809171
v 28.984493 -10.637324 1.809171
v 28.961982 -10.803800 1.809171
v 28.933892 -10.969427 1.809171
v 28.900254 -11.134017 1.809171
v 28.861106 -11.297383 1.809171
v 28.816492 -11.459342 1.809171
v 28.766462 -11.619711 1.809171
v 28.711073 -11.778309 1.809171
v 28.650387 -11.934957 1.809171
v 28.584474 -12.089477 1.809171
v 28.513406 -12.241696 1.809171
v 28.437265 -12.391442 1.809171
v 28.356137 -12.538545 1.809171
v 28.270113 -12.682840 1.809171
v 28.179289 -12.824164 1.809171
v 28.083770 -12.962357 1.809171
v 27.983662 -13.097263 1.809171
v 27.879079 -13.228729 1.809171
v 27.770138 -13.356609 1.809171
v 27.656963 -13.480756 1.809171
v 27.539681 -13.601031 1.809171
v 27.418424 -13.717299 1.809171
v 27.293331 -13.829427 1.809171
v 27.164541 -13.937290 1.809171
v 27.032200 -14.040766 1.809171
v 26.896458 -14.139737 1.809171
v 26.757468 -14.234092 1.809171
v 26.615386 -14.323725 1.809171
v 26.470374 -14.408534 1.809171
v 26.322594 -14.488424 1.809171
v 26.172214 -14.563304 1.809171
v 26.019404 -14.633091 1.809171
v 25.864335 -14.697704 1.809171
v 25.707183 -14.757072 1.809171
v 25.548126 -14.811127 1.809171
v 25.387342 -14.859808 1.809171
v 25.225014 -14.903060 1.809171
v 25.061324 -14.940835 1.809171
v 24.896458 -14.973089 1.809171
v 24.730601 -14.999787 1.809171
v 24.563941 -15.020898 1.809171
v 24.396666 -15.036398 1.809171
v 24.228965 -15.046270 1.809171
v 24.061026 -15.050503 1.809171
v 23.893041 -15.049092 1.809171
v 23.725197 -15.042038 1.809171
v 23.557685 -15.029350 1.809171
v 23.390694 -15.011042 1.809171
v 23.224412 -14.987134 1.809171
v 23.059028 -14.957654 1.809171
v 22.894726 -14.922635 1.809171
v 22.731694 -14.882116 1.809171
v 22.570116 -14.836142 1.809171
v 22.410173 -14.784767 1.809171
v 22.252046 -14.728048 1.809171
v 22.095913 -14.666049 1.809171
v 21.941952 -14.598839 1.809171
v 21.790335 -14.526496 1.809171
v 21.641234 -14.449100 1.809171
v 21.494818 -14.366739 1.809171
v 21.351250 -14.279505 1.809171
v 21.210695 -14.187498 1.809171
v 21.073309 -14.090821 1.809171
v 20.939249 -13.989584 1.809171
v 20.808665 -13.883900 1.809171
v 20.681706 -13.773889 1.809171
v 20.558513 -13.659674 1.809171
v 20.439227 -13.541386 1.809171
v 20.323982 -13.419158 1.809171
v 20.212909 -13.293127 1.809171
v 20.106131 -13.163435 1.809171
v 20.003771 -13.030230 1.809171
v 19.905944 -12.893661 1.809171
v 19.812759 -12.753884 1.809171
v 19.724323 -12.611054 1.809171
v 19.640735 -12.465334 1.809171
v 19.562089 -12.316889 1.809171
v 19.488475 -12.165885 1.809171
v 19.419974 -12.012494 1.809171
v 19.356666 -11.856888 1.809171
v 19.298620 -11.699243 1.809171
v 19.245903 -11.539737 1.809171
v 19.198575 -11.378550 1.809171
v 19.156688 -11.215864 1.809171
v 19.120289 -11.051863 1.809171
v 19.089421 -10.886732 1.809171
v 19.064117 -10.720657 1.809171
v 19.044407 -10.553825 1.809171
v 19.030312 -10.386426 1.809171
v 19.021849 -10.218647 1.809171
v 19.019027 -10.050679 1.309171
v 19.021849 -10.218647 1.309171
v 19.030312 -10.386426 1.309171
v 19.044407 -10.553825 1.309171
v 19.064117 -10.720657 1.309171
v 19.089421 -10.886732 1.309171
v 19.120289 -11.051863 1.309171
v 19.156688 -11.215864 1.309171
v 19.198575 -11.378550 1.309171
v 19.245903 -11.539737 1.309171
v 19.298620 -11.699243 1.309171
v 19.356666 -11.856888 1.309171
v 19.419974 -12.012494 1.309171
v 19.488475 -12.165885 1.309171
v 19.562089 -12.316889 1.309171
v 19.640735 -12.465334 1.309171
v 19.724323 -12.611054 1.309171
v 19.812759 -12.753884 1.309171
v 19.905944 -12.893661 1.309171
v 20.003771 -13.030230 1.309171
v 20.106131 -13.163435 1.309171
v 20.212909 -13.293127 1.309171
v 20.323982 -13.419158 1.309171
v 20.439227 -13.541386 1.309171
v 20.558513 -13.659674 1.309171
v 20.681706 -13.773889 1.309171
v 20.808665 -13.883900 1.309171
v 20.939249 -13.989584 1.309171
v 21.073309 -14.090821 1.309171
v 21.210695 -14.187498 1.309171
v 21.351250 -14.279505 1.309171
v 21.494818 -14.366739 1.309171
v 21.641234 -14.449100 1.309171
v 21.790335 -14.526496 1.309171
v 21.941952 -14.598839 1.309171
v 22.095913 -14.666049 1.309171
v 22.252046 -14.728048 1.309171
v 22.410173 -14.784767 1.309171
v 22.570116 -14.836142 1.309171
v 22.731694 -14.882116 1.309171
v 22.894726 -14.922635 1.309171
v 23.059028 -14.957654 1.309171
v 23.224412 -14.987134 1.309171
v 23.390694 -15.011042 1.309171
v 23.557685 -15.029350 1.309171
v 23.725197 -15.042038 1.309171
v 23.893041 -15.049092 1.309171
v 24.061026 -15.050503 1.309171
v 24.228965 -15.046270 1.309171
v 24.396666 -15.036398 1.309171
v 24.563941 -15.020898 1.309171
v 24.730601 -14.999787 1.309171
v 24.896458 -14.973089 1.309171
v 25.061324 -14.940835 1.309171
v 25.225014 -14.903060 1.309171
v 25.387342 -14.859808 1.309171
v 25.548126 -14.811127 1.309171
v 25.707183 -14.757072 1.309171
v 25.864335 -14.697704 1.309171
v 26.019404 -14.633091 1.309171
v 26.172214 -14.563304 1.309171
v 26.322594 -14.488424 1.309171
v 26.470374 -14.408534 1.309171
v 26.615386 -14.323725 1.309171
v 26.757468 -14.234092 1.309171
v 26.896458 -14.139737 1.309171
v 27.032200 -14.040766 1.309171
v 27.164541 -13.937290 1.309171
v 27.293331 -13.829427 1.309171
v 27.418424 -13.717299 1.309171
v 27.539681 -13.601031 1.309171
v 27.656963 -13.480756 1.309171
v 27.770138 -13.356609 1.309171
v 27.879079 -13.228729 1.309171
v 27.983662 -13.097263 1.309171
v 28.083770 -12.962357 1.309171
v 28.179289 -12.824164 1.309171
v 28.270113 -12.682840 1.309171
v 28.356137 -12.538545 1.309171
v 28.437265 -12.391442 1.309171
v 28.513406 -12.241696 1.309171
v 28.584474 -12.089477 1.309171
v 28.650387 -11.934957 1.309171
v 28.711073 -11.778309 1.309171
v 28.766462 -11.619711 1.309171
v 28.816492 -11.459342 1.309171
v 28.861106 -11.297383 1.309171
v 28.900254 -11.134017 1.309171
v 28.933892 -10.969427 1.309171
v 28.961982 -10.803800 1.309171
v 28.984493 -10.637324 1.309171
v 29.001397 -10.470185 1.309171
v 29.012678 -10.302572 1.309171
v 29.018321 -10.134675 1.309171
v 29.018321 -9.966684 1.309171
v 29.012678 -9.798787 1.309171
v 29.001397 -9.631174 1.309171
v 28.984493 -9.464035 1.309171
v 28.961982 -9.297558 1.309171
v 28.933892 -9.131932 1.309171
v 28.900254 -8.967342 1.309171
v 28.861106 -8.803976 1.309171
v 28.816492 -8.642017 1.309171
v 28.766462 -8.481648 1.309171
v 28.711073 -8.323050 1.309171
v 28.650387 -8.166402 1.309171
v 28.584474 -8.011882 1.309171
v 28.513406 -7.859663 1.309171
v 28.437265 -7.709917 1.309171
v 28.356137 -7.562814 1.309171
v 28.270113 -7.418519 1.309171
v 28.179289 -7.277195 1.309171
v 28.083770 -7.139002 1.309171
v 27.983662 -7.004096 1.309171
v 27.879079 -6.872630 1.309171
v 27.770138 -6.744750 1.309171
v 27.656963 -6.620603 1.309171
v 27.539681 -6.500328 1.309171
v 27.418424 -6.384060 1.309171
v 27.293331 -6.271932 1.309171
v 27.164541 -6.164069 1.309171
v 27.032200 -6.060593 1.309171
v 26.896458 -5.961622 1.309171
v 26.757468 -5.867267 1.309171
v 26.615386 -5.777634 1.309171
v 26.470374 -5.692825 1.309171
v 26.322594 -5.612935 1.309171
v 26.172214 -5.538054 1.309171
v 26.019404 -5.468268 1.309171
v 25.864335 -5.403655 1.309171
v 25.707183 -5.344287 1.309171
v 25.548126 -5.290232 1.309171
v 25.387342 -5.241551 1.309171
v 25.225014 -5.198299 1.309171
v 25.061324 -5.160524 1.309171
v 24.896458 -5.128270 1.309171
v 24.730601 -5.101572 1.309171
v 24.563941 -5.080461 1.309171
v 24.396666 -5.064961 1.309171
v 24.228965 -5.055089 1.309171
v 24.061026 -5.050856 1.309171
v 23.893041 -5.052267 1.309171
v 23.725197 -5.059321 1.309171
v 23.557685 -5.072009 1.309171
v 23.390694 -5.090317 1.309171
v 23.224412 -5.114225 1.309171
v 23.059028 -5.143705 1.309171
v 22.894726 -5.178724 1.309171
v 22.731694 -5.219243 1.309171
v 22.570116 -5.265216 1.309171
v 22.410173 -5.316592 1.309171
v 22.252046 -5.373311 1.309171
v 22.095913 -5.435310 1.309171
v 21.941952 -5.502520 1.309171
v 21.790335 -5.574863 1.309171
v 21.641234 -5.652259 1.309171
v 21.494818 -5.734620 1.309171
v 21.351250 -5.821854 1.309171
v 21.210695 -5.913861 1.309171
v 21.073309 -6.010538 1.309171
v 20.939249 -6.111775 1.309171
v 20.808665 -6.217459 1.309171
v 20.681706 -6.327470 1.309171
v 20.558513 -6.441685 1.309171
v 20.439227 -6.559973 1.309171
v 20.323982 -6.682201 1.309171
v 20.212909 -6.808232 1.309171
v 20.106131 -6.937924 1.309171
v 20.003771 -7.071129 1.309171
v 19.905944 -7.207697 1.309171
v 19.812759 -7.347475 1.309171
v 19.724323 -7.490305 1.309171
v 19.640735 -7.636025 1.309171
v 19.562089 -7.784470 1.309171
v 19.488475 -7.935474 1.309171
v 19.419974 -8.088865 1.309171
v 19.356666 -8.244471 1.309171
v 19.298620 -8.402116 1.309171
v 19.245903 -8.561622 1.309171
v 19.198575 -8.722809 1.309171
v 19.156688 -8.885495 1.309171
v 19.120289 -9.049496 1.309171
v 19.089421 -9.214627 1.309171
v 19.064117 -9.380702 1.309171
v 19.044407 -9.547534 1.309171
v 19.030312 -9.714933 1.309171
v 19.021849 -9.882711 1.309171
vt 0.050000 -0.182696 0.000000
vt 0.000000 -0.182696 0.000000
vt 0.050000 -0.188496 0.000000
vt 0.000000 -0.188496 0.000000
vt 0.050000 0.188496 0.000000
vt 0.000000 0.188496 0.000000
vt 0.050000 0.182696 0.000000
vt 0.000000 0.182696 0.000000
vt 0.050000 0.176896 0.000000
vt 0.000000 0.176896 0.000000
vt 0.050000 0.171096 0.000000
vt 0.000000 0.171096 0.000000
vt 0.050000 0.165296 0.000000
vt 0.000000 0.165296 0.000000
vt 0.050000 0.159496 0.000000
vt 0.000000 0.159496 0.000000
vt 0.050000 0.153696 0.000000
vt 0.000000 0.153696 0.000000
vt 0.050000 0.147897 0.000000
vt 0.000000 0.147897 0.000000
vt 0.050000 0.142097 0.000000
vt 0.000000 0.142097 0.000000
vt 0.050000 0.136297 0.000000
vt 0.000000 0.136297 0.000000
vt 0.050000 0.130497 0.000000
vt 0.000000 0.130497 0.000000
vt 0.050000 0.124697 0.000000
vt 0.000000 0.124697 0.000000
vt 0.050000 0.118897 0.000000
vt 0.000000 0.118897 0.000000
vt 0.050000 0.113097 0.000000
vt 0.000000 0.113097 0.000000
vt 0.050000 0.107297 0.000000
vt 0.000000 0.107297 0.000000
vt 0.050000 0.101498 0.000000
vt 0.000000 0.101498 0.000000
vt 0.050000 0.095698 0.000000
vt 0.000000 0.095698 0.000000
vt 0.050000 0.089898 0.000000
vt 0.000000 0.089898 0.000000
vt 0.050000 0.084098 0.000000
vt 0.000000 0.084098 0.000000
vt 0.050000 0.078298 0.000000
vt 0.000000 0.078298 0.000000
vt 0.050000 0.072498 0.000000
vt 0.000000 0.072498 0.000000
vt 0.050000 0.066698 0.000000
vt 0.000000 0.066698 0.000000
vt 0.050000 0.060899 0.000000
vt 0.000000 0.060899 0.000000
vt 0.050000 0.055099 0.000000
vt 0.000000 0.055099 0.000000
vt 0.050000 0.049299 0.000000
vt -0.000000 0.049299 0.000000
vt 0.050000 0.043499 0.000000
vt -0.000000 0.043499 0.000000
vt 0.050000 0.037699 0.000000
vt 0.000000 0.037699 0.000000
vt 0.050000 0.031899 0.000000
vt 0.000000 0.031899 0.000000
vt 0.050000 0.026099 0.000000
vt 0.000000 0.026099 0.000000
vt 0.050000 0.020300 0.000000
vt -0.000000 0.020300 0.000000
vt 0.050000 0.014500 0.000000
vt -0.000000 0.014500 0.000000
vt 0.050000 0.008700 0.000000
vt -0.000000 0.008700 0.000000
vt 0.050000 0.002900 0.000000
vt -0.000000 0.002900 0.000000
vt 0.050000 -0.002900 0.000000
vt -0.000000 -0.002900 0.000000
vt 0.050000 -0.008700 0.000000
vt -0.000000 -0.008700 0.000000
vt 0.050000 -0.014500 0.000000
vt -0.000000 -0.014500 0.000000
vt 0.050000 -0.020300 0.000000
vt -0.000000 -0.020300 0.000000
vt 0.050000 -0.026099 0.000000
vt -0.000000 -0.026099 0.000000
vt 0.050000 -0.031899 0.000000
vt -0.000000 -0.031899 0.000000
vt 0.050000 -0.037699 0.000000
vt -0.000000 -0.037699 0.000000
vt 0.050000 -0.043499 0.000000
vt -0.000000 -0.043499 0.000000
vt 0.050000 -0.049299 0.000000
vt -0.000000 -0.049299 0.000000
vt 0.050000 -0.055099 0.000000
vt -0.000000 -0.055099 0.000000
vt 0.050000 -0.060899 0.000000
vt -0.000000 -0.060899 0.000000
vt 0.050000 -0.066698 0.000000
vt -0.000000 -0.066698 0.000000
vt 0.050000 -0.072498 0.000000
vt -0.000000 -0.072498 0.000000
vt 0.050000 -0.078298 0.000000
vt -0.000000 -0.078298 0.000000
vt 0.050000 -0.084098 0.000000
vt -0.000000 -0.084098 0.000000
vt 0.050000 -0.089898 0.000000
vt -0.000000 -0.089898 0.000000
vt 0.050000 -0.095698 0.000000
vt -0.000000 -0.095698 0.000000
vt 0.050000 -0.101498 0.000000
vt -0.000000 -0.101498 0.000000
vt 0.050000 -0.107297 0.000000
vt -0.000000 -0.107297 0.000000
vt 0.050000 -0.113097 0.000000
vt -0.000000 -0.113097 0.000000
vt 0.050000 -0.118897 0.000000
vt -0.000000 -0.118897 0.000000
vt 0.050000 -0.124697 0.000000
vt -0.000000 -0.124697 0.000000
vt 0.050000 -0.130497 0.000000
vt -0.000000 -0.130497 0.000000
vt 0.050000 -0.136297 0.000000
vt -0.000000 -0.136297 0.000000
vt 0.050000 -0.142097 0.000000
vt 0.000000 -0.142097 0.000000
vt 0.050000 -0.147897 0.000000
vt 0.000000 -0.147897 0.000000
vt 0.050000 -0.153696 0.000000
vt 0.000000 -0.153696 0.000000
vt 0.050000 -0.159496 0.000000
vt -0.000000 -0.159496 0.000000
vt 0.050000 -0.165296 0.000000
vt 0.000000 -0.165296 0.000000
vt 0.050000 -0.171096 0.000000
vt 0.000000 -0.171096 0.000000
vt 0.050000 -0.176896 0.000000
vt 0.000000 -0.176896 0.000000
vt 0.050000 -0.182696 0.000000
vt 0.000000 -0.182696 0.000000
vt 0.050000 -0.188496 0.000000
vt 0.000000 -0.188496 0.000000
vt 0.050000 0.188496 0.000000
vt 0.000000 0.188496 0.000000
vt 0.050000 0.182696 0.000000
vt 0.000000 0.182696 0.000000
vt 0.050000 0.176896 0.000000
vt 0.000000 0.176896 0.000000
vt 0.050000 0.171096 0.000000
vt 0.000000 0.171096 0.000000
vt 0.050000 0.165296 0.000000
vt 0.000000 0.165296 0.000000
vt 0.050000 0.159496 0.000000
vt 0.000000 0.159496 0.000000
vt 0.050000 0.153696 0.000000
vt 0.000000 0.153696 0.000000
vt 0.050000 0.147897 0.000000
vt 0.000000 0.147897 0.000000
vt 0.050000 0.142097 0.000000
vt 0.000000 0.142097 0.000000
vt 0.050000 0.136297 0.000000
vt 0.000000 0.136297 0.000000
vt 0.050000 0.130497 0.000000
vt 0.000000 0.130497 0.000000
vt 0.050000 0.124697 0.000000
vt 0.000000 0.124697 0.000000
vt 0.050000 0.118897 0.000000
vt 0.000000 0.118897 0.000000
vt 0.050000 0.113097 0.000000
vt 0.000000 0.113097 0.000000
vt 0.050000 0.107297 0.000000
vt 0.000000 0.107297 0.000000
vt 0.050000 0.101498 0.000000
vt 0.000000 0.101498 0.000000
vt 0.050000 0.095698 0.000000
vt 0.000000 0.095698 0.000000
vt 0.050000 0.089898 0.000000
vt 0.000000 0.089898 0.000000
vt 0.050000 0.084098 0.000000
vt 0.000000 0.084098 0.000000
vt 0.050000 0.078298 0.000000
vt 0.000000 0.078298 0.000000
vt 0.050000 0.072498 0.000000
vt 0.000000 0.072498 0.000000
vt 0.050000 0.066698 0.000000
vt 0.000000 0.066698 0.000000
vt 0.050000 0.060899 0.000000
vt 0.000000 0.060899 0.000000
vt 0.050000 0.055099 0.000000
vt 0.000000 0.055099 0.000000
vt 0.050000 0.049299 0.000000
vt -0.000000 0.049299 0.000000
vt 0.050000 0.043499 0.000000
vt -0.000000 0.043499 0.000000
vt 0.050000 0.037699 0.000000
vt 0.000000 0.037699 0.000000
vt 0.050000 0.031899 0.000000
vt 0.000000 0.031899 0.000000
vt 0.050000 0.026099 0.000000
vt 0.000000 0.026099 0.000000
vt 0.050000 0.020300 0.000000
vt -0.000000 0.020300 0.000000
vt 0.050000 0.014500 0.000000
vt -0.000000 0.014500 0.000000
vt 0.050000 0.008700 0.000000
vt -0.000000 0.008700 0.000000
vt 0.050000 0.002900 0.000000
vt -0.000000 0.002900 0.000000
vt 0.050000 -0.002900 0.000000
vt -0.000000 -0.002900 0.000000
vt 0.050000 -0.008700 0.000000
vt -0.000000 -0.008700 0.000000
vt 0.050000 -0.014500 0.000000
vt -0.000000 -0.014500 0.000000
vt 0.050000 -0.020300 0.000000
vt -0.000000 -0.020300 0.000000
vt 0.050000 -0.026099 0.000000
vt -0.000000 -0.026099 0.000000
vt 0.050000 -0.031899 0.000000
vt -0.000000 -0.031899 0.000000
vt 0.050000 -0.037699 0.000000
vt -0.000000 -0.037699 0.000000
vt 0.050000 -0.043499 0.000000
vt -0.000000 -0.043499 0.000000
vt 0.050000 -0.049299 0.000000
vt -0.000000 -0.049299 0.000000
vt 0.050000 -0.055099 0.000000
vt -0.000000 -0.055099 0.000000
vt 0.050000 -0.060899 0.000000
vt -0.000000 -0.060899 0.000000
vt 0.050000 -0.066698 0.000000
vt -0.000000 -0.066698 0.000000
vt 0.050000 -0.072498 0.000000
vt -0.000000 -0.072498 0.000000
vt 0.050000 -0.078298 0.000000
vt -0.000000 -0.078298 0.000000
vt 0.050000 -0.084098 0.000000
vt -0.000000 -0.084098 0.000000
vt 0.050000 -0.089898 0.000000
vt -0.000000 -0.089898 0.000000
vt 0.050000 -0.095698 0.000000
vt -0.000000 -0.095698 0.000000
vt 0.050000 -0.101498 0.000000
vt -0.000000 -0.101498 0.000000
vt 0.050000 -0.107297 0.000000
vt -0.000000 -0.107297 0.000000
vt 0.050000 -0.113097 0.000000
vt -0.000000 -0.113097 0.000000
vt 0.050000 -0.118897 0.000000
vt -0.000000 -0.118897 0.000000
vt 0.050000 -0.124697 0.000000
vt -0.000000 -0.124697 0.000000
vt 0.050000 -0.130497 0.000000
vt -0.000000 -0.130497 0.000000
vt 0.050000 -0.136297 0.000000
vt -0.000000 -0.136297 0.000000
vt 0.050000 -0.142097 0.000000
vt 0.000000 -0.142097 0.000000
vt 0.050000 -0.147897 0.000000
vt -0.000000 -0.147897 0.000000
vt 0.050000 -0.153696 0.000000
vt 0.000000 -0.153696 0.000000
vt 0.050000 -0.159496 0.000000
vt -0.000000 -0.159496 0.000000
vt 0.050000 -0.165296 0.000000
vt 0.000000 -0.165296 0.000000
vt 0.050000 -0.171096 0.000000
vt 0.000000 -0.171096 0.000000
vt 0.050000 -0.176896 0.000000
vt 0.000000 -0.176896 0.000000
vt 0.050000 -0.182696 0.000000
vt 0.000000 -0.182696 0.000000
vt 0.050000 -0.188496 0.000000
vt 0.000000 -0.188496 0.000000
vt 0.050000 0.188496 0.000000
vt 0.000000 0.188496 0.000000
vt 0.050000 0.182696 0.000000
vt 0.000000 0.182696 0.000000
vt 0.050000 0.176896 0.000000
vt 0.000000 0.176896 0.000000
vt 0.050000 0.171096 0.000000
vt 0.000000 0.171096 0.000000
vt 0.050000 0.165296 0.000000
vt 0.000000 0.165296 0.000000
vt 0.050000 0.159496 0.000000
vt 0.000000 0.159496 0.000000
vt 0.050000 0.153696 0.000000
vt 0.000000 0.153696 0.000000
vt 0.050000 0.147897 0.000000
vt 0.000000 0.147897 0.000000
vt 0.050000 0.142097 0.000000
vt 0.000000 0.142097 0.000000
vt 0.050000 0.136297 0.000000
vt 0.000000 0.136297 0.000000
vt 0.050000 0.130497 0.000000
vt 0.000000 0.130497 0.000000
vt 0.050000 0.124697 0.000000
vt 0.000000 0.124697 0.000000
vt 0.050000 0.118897 0.000000
vt 0.000000 0.118897 0.000000
vt 0.050000 0.113097 0.000000
vt 0.000000 0.113097 0.000000
vt 0.050000 0.107297 0.000000
vt 0.000000 0.107297 0.000000
vt 0.050000 0.101498 0.000000
vt 0.000000 0.101498 0.000000
vt 0.050000 0.095698 0.000000
vt 0.000000 0.095698 0.000000
vt 0.050000 0.089898 0.000000
vt 0.000000 0.089898 0.000000
vt 0.050000 0.084098 0.000000
vt 0.000000 0.084098 0.000000
vt 0.050000 0.078298 0.000000
vt 0.000000 0.078298 0.000000
vt 0.050000 0.072498 0.000000
vt 0.000000 0.072498 0.000000
vt 0.050000 0.066698 0.000000
vt 0.000000 0.066698 0.000000
vt 0.050000 0.060899 0.000000
vt 0.000000 0.060899 0.000000
vt 0.050000 0.055099 0.000000
vt 0.000000 0.055099 0.000000
vt 0.050000 0.049299 0.000000
vt -0.000000 0.049299 0.000000
vt 0.050000 0.043499 0.000000
vt -0.000000 0.043499 0.000000
vt 0.050000 0.037699 0.000000
vt 0.000000 0.037699 0.000000
vt 0.050000 0.031899 0.000000
vt 0.000000 0.031899 0.000000
vt 0.050000 0.026099 0.000000
vt 0.000000 0.026099 0.000000
vt 0.050000 0.020300 0.000000
vt -0.000000 0.020300 0.000000
vt 0.050000 0.014500 0.000000
vt -0.000000 0.014500 0.000000
vt 0.050000 0.008700 0.000000
vt -0.000000 0.008700 0.000000
vt 0.050000 0.002900 0.000000
vt -0.000000 0.002900 0.000000
vt 0.050000 -0.002900 0.000000
vt -0.000000 -0.002900 0.000000
vt 0.050000 -0.008700 0.000000
vt -0.000000 -0.008700 0.000000
vt 0.050000 -0.014500 0.000000
vt -0.000000 -0.014500 0.000000
vt 0.050000 -0.020300 0.000000
vt -0.000000 -0.020300 0.000000
vt 0.050000 -0.026099 0.000000
vt -0.000000 -0.026099 0.000000
vt 0.050000 -0.031899 0.000000
vt -0.000000 -0.031899 0.000000
vt 0.050000 -0.037699 0.000000
vt -0.000000 -0.037699 0.000000
vt 0.050000 -0.043499 0.000000
vt -0.000000 -0.043499 0.000000
vt 0.050000 -0.049299 0.000000
vt -0.000000 -0.049299 0.000000
vt 0.050000 -0.055099 0.000000
vt -0.000000 -0.055099 0.000000
vt 0.050000 -0.060899 0.000000
vt -0.000000 -0.060899 0.000000
vt 0.050000 -0.066698 0.000000
vt -0.000000 -0.066698 0.000000
vt 0.050000 -0.072498 0.000000
vt -0.000000 -0.072498 0.000000
vt 0.050000 -0.078298 0.000000
vt -0.000000 -0.078298 0.000000
vt 0.050000 -0.084098 0.000000
vt -0.000000 -0.084098 0.000000
vt 0.050000 -0.089898 0.000000
vt -0.000000 -0.089898 0.000000
vt 0.050000 -0.095698 0.000000
vt -0.000000 -0.095698 0.000000
vt 0.050000 -0.101498 0.000000
vt -0.000000 -0.101498 0.000000
vt 0.050000 -0.107297 0.000000
vt -0.000000 -0.107297 0.000000
vt 0.050000 -0.113097 0.000000
vt -0.000000 -0.113097 0.000000
vt 0.050000 -0.118897 0.000000
vt -0.000000 -0.118897 0.000000
vt 0.050000 -0.124697 0.000000
vt -0.000000 -0.124697 0.000000
vt 0.050000 -0.130497 0.000000
vt -0.000000 -0.130497 0.000000
vt 0.050000 -0.136297 0.000000
vt -0.000000 -0.136297 0.000000
vt 0.050000 -0.142097 0.000000
vt 0.000000 -0.142097 0.000000
vt 0.050000 -0.147897 0.000000
vt -0.000000 -0.147897 0.000000
vt 0.050000 -0.153696 0.000000
vt 0.000000 -0.153696 0.000000
vt 0.050000 -0.159496 0.000000
vt -0.000000 -0.159496 0.000000
vt 0.050000 -0.165296 0.000000
vt 0.000000 -0.165296 0.000000
vt 0.050000 -0.171096 0.000000
vt 0.000000 -0.171096 0.000000
vt 0.050000 -0.176896 0.000000
vt 0.000000 -0.176896 0.000000
vt 0.050000 -0.182696 0.000000
vt 0.000000 -0.182696 0.000000
vt 0.050000 -0.188496 0.000000
vt 0.000000 -0.188496 0.000000
vt 0.050000 0.188496 0.000000
vt 0.000000 0.188496 0.000000
vt 0.050000 0.182696 0.000000
vt 0.000000 0.182696 0.000000
vt 0.050000 0.176896 0.000000
vt 0.000000 0.176896 0.000000
vt 0.050000 0.171096 0.000000
vt 0.000000 0.171096 0.000000
vt 0.050000 0.165296 0.000000
vt 0.000000 0.165296 0.000000
vt 0.050000 0.159496 0.000000
vt 0.000000 0.159496 0.000000
vt 0.050000 0.153696 0.000000
vt 0.000000 0.153696 0.000000
vt 0.050000 0.147897 0.000000
vt 0.000000 0.147897 0.000000
vt 0.050000 0.142097 0.000000
vt 0.000000 0.142097 0.000000
vt 0.050000 0.136297 0.000000
vt 0.000000 0.136297 0.000000
vt 0.050000 0.130497 0.000000
vt 0.000000 0.130497 0.000000
vt 0.050000 0.124697 0.000000
vt 0.000000 0.124697 0.000000
vt 0.050000 0.118897 0.000000
vt 0.000000 0.118897 0.000000
vt 0.050000 0.113097 0.000000
vt 0.000000 0.113097 0.000000
vt 0.050000 0.107297 0.000000
vt 0.000000 0.107297 0.000000
vt 0.050000 0.101498 0.000000
vt 0.000000 0.101498 0.000000
vt 0.050000 0.095698 0.000000
vt 0.000000 0.095698 0.000000
vt 0.050000 0.089898 0.000000
vt 0.000000 0.089898 0.000000
vt 0.050000 0.084098 0.000000
vt 0.000000 0.084098 0.000000
vt 0.050000 0.078298 0.000000
vt 0.000000 0.078298 0.000000
vt 0.050000 0.072498 0.000000
vt 0.000000 0.072498 0.000000
vt 0.050000 0.066698 0.000000
vt 0.000000 0.066698 0.000000
vt 0.050000 0.060899 0.000000
vt 0.000000 0.060899 0.000000
vt 0.050000 0.055099 0.000000
vt 0.000000 0.055099 0.000000
vt 0.050000 0.049299 0.000000
vt -0.000000 0.049299 0.000000
vt 0.050000 0.043499 0.000000
vt -0.000000 0.043499 0.000000
vt 0.050000 0.037699 0.000000
vt 0.000000 0.037699 0.000000
vt 0.050000 0.031899 0.000000
vt 0.000000 0.031899 0.000000
vt 0.050000 0.026099 0.000000
vt 0.000000 0.026099 0.000000
vt 0.050000 0.020300 0.000000
vt -0.000000 0.020300 0.000000
vt 0.050000 0.014500 0.000000
vt -0.000000 0.014500 0.000000
vt 0.050000 0.008700 0.000000
vt -0.000000 0.008700 0.000000
vt 0.050000 0.002900 0.000000
vt -0.000000 0.002900 0.000000
vt 0.050000 -0.002900 0.000000
vt -0.000000 -0.002900 0.000000
vt 0.050000 -0.008700 0.000000
vt -0.000000 -0.008700 0.000000
vt 0.050000 -0.014500 0.000000
vt -0.000000 -0.014500 0.000000
vt 0.050000 -0.020300 0.000000
vt -0.000000 -0.020300 0.000000
vt 0.050000 -0.026099 0.000000
vt -0.000000 -0.026099 0.000000
vt 0.050000 -0.031899 0.000000
vt -0.000000 -0.031899 0.000000
vt 0.050000 -0.037699 0.000000
vt -0.000000 -0.037699 0.000000
vt 0.050000 -0.043499 0.000000
vt -0.000000 -0.043499 0.000000
vt 0.050000 -0.049299 0.000000
vt -0.000000 -0.049299 0.000000
vt 0.050000 -0.055099 0.000000
vt -0.000000 -0.055099 0.000000
vt 0.050000 -0.060899 0.000000
vt -0.000000 -0.060899 0.000000
vt 0.050000 -0.066698 0.000000
vt -0.000000 -0.066698 0.000000
vt 0.050000 -0.072498 0.000000
vt -0.000000 -0.072498 0.000000
vt 0.050000 -0.078298 0.000000
vt -0.000000 -0.078298 0.000000
vt 0.050000 -0.084098 0.000000
vt -0.000000 -0.084098 0.000000
vt 0.050000 -0.089898 0.000000
vt -0.000000 -0.089898 0.000000
vt 0.050000 -0.095698 0.000000
vt -0.000000 -0.095698 0.000000
vt 0.050000 -0.101498 0.000000
vt -0.000000 -0.101498 0.000000
vt 0.050000 -0.107297 0.000000
vt -0.000000 -0.107297 0.000000
vt 0.050000 -0.113097 0.000000
vt -0.000000 -0.113097 0.000000
vt 0.050000 -0.118897 0.000000
vt -0.000000 -0.118897 0.000000
vt 0.050000 -0.124697 0.000000
vt -0.000000 -0.124697 0.000000
vt 0.050000 -0.130497 0.000000
vt -0.000000 -0.130497 0.000000
vt 0.050000 -0.136297 0.000000
vt -0.000000 -0.136297 0.000000
vt 0.050000 -0.142097 0.000000
vt 0.000000 -0.142097 0.000000
vt 0.050000 -0.147897 0.000000
vt 0.000000 -0.147897 0.000000
vt 0.050000 -0.153696 0.000000
vt 0.000000 -0.153696 0.000000
vt 0.050000 -0.159496 0.000000
vt -0.000000 -0.159496 0.000000
vt 0.050000 -0.165296 0.000000
vt 0.000000 -0.165296 0.000000
vt 0.050000 -0.171096 0.000000
vt 0.000000 -0.171096 0.000000
vt 0.050000 -0.176896 0.000000
vt 0.000000 -0.176896 0.000000
vt -0.050000 1.553996 0.000000
vt -0.000000 1.553996 0.000000
vt -0.050000 1.570796 0.000000
vt -0.000000 1.570796 0.000000
vt -0.050000 -1.570796 0.000000
vt -0.000000 -1.570796 0.000000
vt -0.050000 -1.553996 0.000000
vt -0.000000 -1.553996 0.000000
vt -0.050000 -1.537196 0.000000
vt -0.000000 -1.537196 0.000000
vt -0.050000 -1.520396 0.000000
vt -0.000000 -1.520396 0.000000
vt -0.050000 -1.503596 0.000000
vt -0.000000 -1.503596 0.000000
vt -0.050000 -1.486797 0.000000
vt -0.000000 -1.486797 0.000000
vt -0.050000 -1.469997 0.000000
vt -0.000000 -1.469997 0.000000
vt -0.050000 -1.453197 0.000000
vt -0.000000 -1.453197 0.000000
vt -0.050000 -1.436397 0.000000
vt -0.000000 -1.436397 0.000000
vt -0.050000 -1.419597 0.000000
vt -0.000000 -1.419597 0.000000
vt -0.050000 -1.402797 0.000000
vt -0.000000 -1.402797 0.000000
vt -0.050000 -1.385997 0.000000
vt -0.000000 -1.385997 0.000000
vt -0.050000 -1.369197 0.000000
vt -0.000000 -1.369197 0.000000
vt -0.050000 -1.352397 0.000000
vt 0.000000 -1.352397 0.000000
vt -0.050000 -1.335597 0.000000
vt 0.000000 -1.335597 0.000000
vt -0.050000 -1.318797 0.000000
vt 0.000000 -1.318797 0.000000
vt -0.050000 -1.301997 0.000000
vt 0.000000 -1.301997 0.000000
vt -0.050000 -1.285197 0.000000
vt 0.000000 -1.285197 0.000000
vt -0.050000 -1.268397 0.000000
vt 0.000000 -1.268397 0.000000
vt -0.050000 -1.251597 0.000000
vt 0.000000 -1.251597 0.000000
vt -0.050000 -1.234797 0.000000
vt 0.000000 -1.234797 0.000000
vt -0.050000 -1.217997 0.000000
vt 0.000000 -1.217997 0.000000
vt -0.050000 -1.201197 0.000000
vt 0.000000 -1.201197 0.000000
vt -0.050000 -1.184397 0.000000
vt 0.000000 -1.184397 0.000000
vt -0.050000 -1.167597 0.000000
vt 0.000000 -1.167597 0.000000
vt -0.050000 -1.150797 0.000000
vt 0.000000 -1.150797 0.000000
vt -0.050000 -1.133997 0.000000
vt 0.000000 -1.133997 0.000000
vt -0.050000 -1.117197 0.000000
vt 0.000000 -1.117197 0.000000
vt -0.050000 -1.100397 0.000000
vt 0.000000 -1.100397 0.000000
vt -0.050000 -1.083597 0.000000
vt 0.000000 -1.083597 0.000000
vt -0.050000 -1.066798 0.000000
vt 0.000000 -1.066798 0.000000
vt -0.050000 -1.049998 0.000000
vt 0.000000 -1.049998 0.000000
vt -0.050000 -1.033198 0.000000
vt 0.000000 -1.033198 0.000000
vt -0.050000 -1.016398 0.000000
vt 0.000000 -1.016398 0.000000
vt -0.050000 -0.999598 0.000000
vt 0.000000 -0.999598 0.000000
vt -0.050000 -0.982798 0.000000
vt 0.000000 -0.982798 0.000000
vt -0.050000 -0.965998 0.000000
vt 0.000000 -0.965998 0.000000
vt -0.050000 -0.949198 0.000000
vt 0.000000 -0.949198 0.000000
vt -0.050000 -0.932398 0.000000
vt 0.000000 -0.932398 0.000000
vt -0.050000 -0.915598 0.000000
vt 0.000000 -0.915598 0.000000
vt -0.050000 -0.898798 0.000000
vt 0.000000 -0.898798 0.000000
vt -0.050000 -0.881998 0.000000
vt 0.000000 -0.881998 0.000000
vt -0.050000 -0.865198 0.000000
vt 0.000000 -0.865198 0.000000
vt -0.050000 -0.848398 0.000000
vt 0.000000 -0.848398 0.000000
vt -0.050000 -0.831598 0.000000
vt 0.000000 -0.831598 0.000000
vt -0.050000 -0.814798 0.000000
vt 0.000000 -0.814798 0.000000
vt -0.050000 -0.797998 0.000000
vt 0.000000 -0.797998 0.000000
vt -0.050000 -0.781198 0.000000
vt 0.000000 -0.781198 0.000000
vt -0.050000 -0.764398 0.000000
vt 0.000000 -0.764398 0.000000
vt -0.050000 -0.747598 0.000000
vt 0.000000 -0.747598 0.000000
vt -0.050000 -0.730798 0.000000
vt 0.000000 -0.730798 0.000000
vt -0.050000 -0.713998 0.000000
vt 0.000000 -0.713998 0.000000
vt -0.050000 -0.697198 0.000000
vt 0.000000 -0.697198 0.000000
vt -0.050000 -0.680398 0.000000
vt 0.000000 -0.680398 0.000000
vt -0.050000 -0.663598 0.000000
vt 0.000000 -0.663598 0.000000
vt -0.050000 -0.646798 0.000000
vt 0.000000 -0.646798 0.000000
vt -0.050000 -0.629999 0.000000
vt 0.000000 -0.629999 0.000000
vt -0.050000 -0.613199 0.000000
vt 0.000000 -0.613199 0.000000
vt -0.050000 -0.596399 0.000000
vt 0.000000 -0.596399 0.000000
vt -0.050000 -0.579599 0.000000
vt 0.000000 -0.579599 0.000000
vt -0.050000 -0.562799 0.000000
vt 0.000000 -0.562799 0.000000
vt -0.050000 -0.545999 0.000000
vt 0.000000 -0.545999 0.000000
vt -0.050000 -0.529199 0.000000
vt 0.000000 -0.529199 0.000000
vt -0.050000 -0.512399 0.000000
vt 0.000000 -0.512399 0.000000
vt -0.050000 -0.495599 0.000000
vt 0.000000 -0.495599 0.000000
vt -0.050000 -0.478799 0.000000
vt 0.000000 -0.478799 0.000000
vt -0.050000 -0.461999 0.000000
vt 0.000000 -0.461999 0.000000
vt -0.050000 -0.445199 0.000000
vt 0.000000 -0.445199 0.000000
vt -0.050000 -0.428399 0.000000
vt 0.000000 -0.428399 0.000000
vt -0.050000 -0.411599 0.000000
vt 0.000000 -0.411599 0.000000
vt -0.050000 -0.394799 0.000000
vt 0.000000 -0.394799 0.000000
vt -0.050000 -0.377999 0.000000
vt 0.000000 -0.377999 0.000000
vt -0.050000 -0.361199 0.000000
vt 0.000000 -0.361199 0.000000
vt -0.050000 -0.344399 0.000000
vt 0.000000 -0.344399 0.000000
vt -0.050000 -0.327599 0.000000
vt 0.000000 -0.327599 0.000000
vt -0.050000 -0.310799 0.000000
vt 0.000000 -0.310799 0.000000
vt -0.050000 -0.293999 0.000000
vt 0.000000 -0.293999 0.000000
vt -0.050000 -0.277199 0.000000
vt 0.000000 -0.277199 0.000000
vt -0.050000 -0.260399 0.000000
vt 0.000000 -0.260399 0.000000
vt -0.050000 -0.243599 0.000000
vt 0.000000 -0.243599 0.000000
vt -0.050000 -0.226799 0.000000
vt 0.000000 -0.226799 0.000000
vt -0.050000 -0.210000 0.000000
vt 0.000000 -0.210000 0.000000
vt -0.050000 -0.193200 0.000000
vt 0.000000 -0.193200 0.000000
vt -0.050000 -0.176400 0.000000
vt 0.000000 -0.176400 0.000000
vt -0.050000 -0.159600 0.000000
vt 0.000000 -0.159600 0.000000
vt -0.050000 -0.142800 0.000000
vt 0.000000 -0.142800 0.000000
vt -0.050000 -0.126000 0.000000
vt 0.000000 -0.126000 0.000000
vt -0.050000 -0.109200 0.000000
vt 0.000000 -0.109200 0.000000
vt -0.050000 -0.092400 0.000000
vt 0.000000 -0.092400 0.000000
vt -0.050000 -0.075600 0.000000
vt 0.000000 -0.075600 0.000000
vt -0.050000 -0.058800 0.000000
vt 0.000000 -0.058800 0.000000
vt -0.050000 -0.042000 0.000000
vt 0.000000 -0.042000 0.000000
vt -0.050000 -0.025200 0.000000
vt 0.000000 -0.025200 0.000000
vt -0.050000 -0.008400 0.000000
vt 0.000000 -0.008400 0.000000
vt -0.050000 0.008400 0.000000
vt 0.000000 0.008400 0.000000
vt -0.050000 0.025200 0.000000
vt 0.000000 0.025200 0.000000
vt -0.050000 0.042000 0.000000
vt 0.000000 0.042000 0.000000
vt -0.050000 0.058800 0.000000
vt 0.000000 0.058800 0.000000
vt -0.050000 0.075600 0.000000
vt 0.000000 0.075600 0.000000
vt -0.050000 0.092400 0.000000
vt 0.000000 0.092400 0.000000
vt -0.050000 0.109200 0.000000
vt 0.000000 0.109200 0.000000
vt -0.050000 0.126000 0.000000
vt 0.000000 0.126000 0.000000
vt -0.050000 0.142800 0.000000
vt 0.000000 0.142800 0.000000
vt -0.050000 0.159600 0.000000
vt 0.000000 0.159600 0.000000
vt -0.050000 0.176400 0.000000
vt 0.000000 0.176400 0.000000
vt -0.050000 0.193200 0.000000
vt 0.000000 0.193200 0.000000
vt -0.050000 0.210000 0.000000
vt -0.000000 0.210000 0.000000
vt -0.050000 0.226799 0.000000
vt -0.000000 0.226799 0.000000
vt -0.050000 0.243599 0.000000
vt -0.000000 0.243599 0.000000
vt -0.050000 0.260399 0.000000
vt -0.000000 0.260399 0.000000
vt -0.050000 0.277199 0.000000
vt -0.000000 0.277199 0.000000
vt -0.050000 0.293999 0.000000
vt -0.000000 0.293999 0.000000
vt -0.050000 0.310799 0.000000
vt -0.000000 0.310799 0.000000
vt -0.050000 0.327599 0.000000
vt -0.000000 0.327599 0.000000
vt -0.050000 0.344399 0.000000
vt -0.000000 0.344399 0.000000
vt -0.050000 0.361199 0.000000
vt -0.000000 0.361199 0.000000
vt -0.050000 0.377999 0.000000
vt -0.000000 0.377999 0.000000
vt -0.050000 0.394799 0.000000
vt -0.000000 0.394799 0.000000
vt -0.050000 0.411599 0.000000
vt -0.000000 0.411599 0.000000
vt -0.050000 0.428399 0.000000
vt -0.000000 0.428399 0.000000
vt -0.050000 0.445199 0.000000
vt -0.000000 0.445199 0.000000
vt -0.050000 0.461999 0.000000
vt -0.000000 0.461999 0.000000
vt -0.050000 0.478799 0.000000
vt -0.000000 0.478799 0.000000
vt -0.050000 0.495599 0.000000
vt -0.000000 0.495599 0.000000
vt -0.050000 0.512399 0.000000
vt -0.000000 0.512399 0.000000
vt -0.050000 0.529199 0.000000
vt -0.000000 0.529199 0.000000
vt -0.050000 0.545999 0.000000
vt -0.000000 0.545999 0.000000
vt -0.050000 0.562799 0.000000
vt -0.000000 0.562799 0.000000
vt -0.050000 0.579599 0.000000
vt -0.000000 0.579599 0.000000
vt -0.050000 0.596399 0.000000
vt -0.000000 0.596399 0.000000
vt -0.050000 0.613199 0.000000
vt -0.000000 0.613199 0.000000
vt -0.050000 0.629999 0.000000
vt -0.000000 0.629999 0.000000
vt -0.050000 0.646798 0.000000
vt -0.000000 0.646798 0.000000
vt -0.050000 0.663598 0.000000
vt -0.000000 0.663598 0.000000
vt -0.050000 0.680398 0.000000
vt -0.000000 0.680398 0.000000
vt -0.050000 0.697198 0.000000
vt -0.000000 0.697198 0.000000
vt -0.050000 0.713998 0.000000
vt -0.000000 0.713998 0.000000
vt -0.050000 0.730798 0.000000
vt -0.000000 0.730798 0.000000
vt -0.050000 0.747598 0.000000
vt -0.000000 0.747598 0.000000
vt -0.050000 0.764398 0.000000
vt -0.000000 0.764398 0.000000
vt -0.050000 0.781198 0.000000
vt -0.000000 0.781198 0.000000
vt -0.050000 0.797998 0.000000
vt -0.000000 0.797998 0.000000
vt -0.050000 0.814798 0.000000
vt -0.000000 0.814798 0.000000
vt -0.050000 0.831598 0.000000
vt -0.000000 0.831598 0.000000
vt -0.050000 0.848398 0.000000
vt -0.000000 0.848398 0.000000
vt -0.050000 0.865198 0.000000
vt -0.000000 0.865198 0.000000
vt -0.050000 0.881998 0.000000
vt -0.000000 0.881998 0.000000
vt -0.050000 0.898798 0.000000
vt -0.000000 0.898798 0.000000
vt -0.050000 0.915598 0.000000
vt -0.000000 0.915598 0.000000
vt -0.050000 0.932398 0.000000
vt -0.000000 0.932398 0.000000
vt -0.050000 0.949198 0.000000
vt -0.000000 0.949198 0.000000
vt -0.050000 0.965998 0.000000
vt -0.000000 0.965998 0.000000
vt -0.050000 0.982798 0.000000
vt -0.000000 0.982798 0.000000
vt -0.050000 0.999598 0.000000
vt -0.000000 0.999598 0.000000
vt -0.050000 1.016398 0.000000
vt -0.000000 1.016398 0.000000
vt -0.050000 1.033198 0.000000
vt -0.000000 1.033198 0.000000
vt -0.050000 1.049998 0.000000
vt -0.000000 1.049998 0.000000
vt -0.050000 1.066798 0.000000
vt -0.000000 1.066798 0.000000
vt -0.050000 1.083597 0.000000
vt -0.000000 1.083597 0.000000
vt -0.050000 1.100397 0.000000
vt -0.000000 1.100397 0.000000
vt -0.050000 1.117197 0.000000
vt -0.000000 1.117197 0.000000
vt -0.050000 1.133997 0.000000
vt -0.000000 1.133997 0.000000
vt -0.050000 1.150797 0.000000
vt -0.000000 1.150797 0.000000
vt -0.050000 1.167597 0.000000
vt -0.000000 1.167597 0.000000
vt -0.050000 1.184397 0.000000
vt -0.000000 1.184397 0.000000
vt -0.050000 1.201197 0.000000
vt -0.000000 1.201197 0.000000
vt -0.050000 1.217997 0.000000
vt -0.000000 1.217997 0.000000
vt -0.050000 1.234797 0.000000
vt -0.000000 1.234797 0.000000
vt -0.050000 1.251597 0.000000
vt -0.000000 1.251597 0.000000
vt -0.050000 1.268397 0.000000
vt -0.000000 1.268397 0.000000
vt -0.050000 1.285197 0.000000
vt -0.000000 1.285197 0.000000
vt -0.050000 1.301997 0.000000
vt -0.000000 1.301997 0.000000
vt -0.050000 1.318797 0.000000
vt -0.000000 1.318797 0.000000
vt -0.050000 1.335597 0.000000
vt -0.000000 1.335597 0.000000
vt -0.050000 1.352397 0.000000
vt -0.000000 1.352397 0.000000
vt -0.050000 1.369197 0.000000
vt -0.000000 1.369197 0.000000
vt -0.050000 1.385997 0.000000
vt -0.000000 1.385997 0.000000
vt -0.050000 1.402797 0.000000
vt -0.000000 1.402797 0.000000
vt -0.050000 1.419597 0.000000
vt -0.000000 1.419597 0.000000
vt -0.050000 1.436397 0.000000
vt -0.000000 1.436397 0.000000
vt -0.050000 1.453197 0.000000
vt -0.000000 1.453197 0.000000
vt -0.050000 1.469997 0.000000
vt -0.000000 1.469997 0.000000
vt -0.050000 1.486797 0.000000
vt -0.000000 1.486797 0.000000
vt -0.050000 1.503596 0.000000
vt -0.000000 1.503596 0.000000
vt -0.050000 1.520396 0.000000
vt -0.000000 1.520396 0.000000
vt -0.050000 1.537196 0.000000
vt -0.000000 1.537196 0.000000
vt 0.230949 0.125927 0.000000
vt -0.229401 0.123034 0.000000
vt 0.230669 0.120136 0.000000
vt -0.229401 0.117237 0.000000
vt 0.230949 0.114345 0.000000
vt -0.229961 0.111466 0.000000
vt 0.231787 0.108608 0.000000
vt -0.231074 0.105777 0.000000
vt 0.233174 0.102979 0.000000
vt -0.232732 0.100221 0.000000
vt 0.235099 0.097510 0.000000
vt -0.234919 0.094852 0.000000
vt 0.237542 0.092252 0.000000
vt -0.237613 0.089718 0.000000
vt 0.240481 0.087255 0.000000
vt -0.240790 0.084869 0.000000
vt 0.243889 0.082565 0.000000
vt -0.244420 0.080348 0.000000
vt 0.247733 0.078225 0.000000
vt -0.248470 0.076200 0.000000
vt 0.251978 0.074277 0.000000
vt -0.252901 0.072461 0.000000
vt 0.256585 0.070757 0.000000
vt -0.257673 0.069168 0.000000
vt 0.261510 0.067698 0.000000
vt -0.262739 0.066350 0.000000
vt 0.266707 0.065128 0.000000
vt -0.268055 0.064035 0.000000
vt 0.272128 0.063072 0.000000
vt -0.273569 0.062243 0.000000
vt 0.277722 0.061549 0.000000
vt -0.279230 0.060992 0.000000
vt 0.283437 0.060573 0.000000
vt -0.284985 0.060293 0.000000
vt 0.289219 0.060153 0.000000
vt -0.290781 0.060153 0.000000
vt 0.496547 0.058664 0.000000
vt 0.289219 -0.059882 0.000000
vt 0.498237 0.041951 0.000000
vt 0.499365 0.025189 0.000000
vt 0.499929 0.008400 0.000000
vt 0.499929 -0.008400 0.000000
vt 0.499365 -0.025189 0.000000
vt 0.498237 -0.041951 0.000000
vt 0.496547 -0.058664 0.000000
vt 0.295015 -0.060022 0.000000
vt 0.300770 -0.060721 0.000000
vt -0.229961 0.128805 0.000000
vt 0.231787 0.131663 0.000000
vt -0.231074 0.134495 0.000000
vt 0.233174 0.137292 0.000000
vt -0.232732 0.140050 0.000000
vt 0.235099 0.142761 0.000000
vt -0.234919 0.145420 0.000000
vt 0.237542 0.148019 0.000000
vt -0.237613 0.150553 0.000000
vt 0.240481 0.153016 0.000000
vt -0.240790 0.155403 0.000000
vt 0.243889 0.157707 0.000000
vt -0.244420 0.159923 0.000000
vt 0.247733 0.162046 0.000000
vt -0.248470 0.164072 0.000000
vt 0.251978 0.165995 0.000000
vt -0.252901 0.167810 0.000000
vt 0.256585 0.169515 0.000000
vt -0.257673 0.171104 0.000000
vt 0.261510 0.172574 0.000000
vt -0.262739 0.173921 0.000000
vt 0.266707 0.175143 0.000000
vt -0.268055 0.176237 0.000000
vt 0.272128 0.177199 0.000000
vt -0.273569 0.178028 0.000000
vt 0.277722 0.178722 0.000000
vt -0.279230 0.179279 0.000000
vt 0.283437 0.179698 0.000000
vt -0.284985 0.179978 0.000000
vt -0.290781 0.180118 0.000000
vt 0.289219 0.180118 0.000000
vt -0.466236 0.180621 0.000000
vt 0.463136 0.188428 0.000000
vt -0.459905 0.196181 0.000000
vt 0.456545 0.203880 0.000000
vt 0.449438 0.219102 0.000000
vt 0.295015 0.179978 0.000000
vt 0.469205 0.172763 0.000000
vt 0.300770 0.179279 0.000000
vt 0.306431 0.178028 0.000000
vt 0.311945 0.176237 0.000000
vt 0.317261 0.173921 0.000000
vt 0.322327 0.171104 0.000000
vt 0.474744 0.156903 0.000000
vt 0.327099 0.167810 0.000000
vt 0.331530 0.164072 0.000000
vt 0.335580 0.159923 0.000000
vt 0.339210 0.155403 0.000000
vt 0.479746 0.140866 0.000000
vt 0.342387 0.150553 0.000000
vt 0.345081 0.145420 0.000000
vt 0.347268 0.140050 0.000000
vt 0.484208 0.124670 0.000000
vt 0.348926 0.134495 0.000000
vt 0.350039 0.128805 0.000000
vt 0.350599 0.123034 0.000000
vt 0.488123 0.108334 0.000000
vt 0.350599 0.117237 0.000000
vt 0.350039 0.111466 0.000000
vt 0.348926 0.105777 0.000000
vt 0.491487 0.091875 0.000000
vt 0.347268 0.100221 0.000000
vt 0.345081 0.094852 0.000000
vt 0.342387 0.089718 0.000000
vt 0.494296 0.075312 0.000000
vt 0.339210 0.084869 0.000000
vt 0.335580 0.080348 0.000000
vt 0.331530 0.076200 0.000000
vt 0.327099 0.072461 0.000000
vt 0.322327 0.069168 0.000000
vt 0.317261 0.066350 0.000000
vt 0.311945 0.064035 0.000000
vt 0.306431 0.062243 0.000000
vt 0.300770 0.060992 0.000000
vt 0.295015 0.060293 0.000000
vt -0.349051 -0.114073 0.000000
vt -0.482045 -0.132787 0.000000
vt -0.349331 -0.119864 0.000000
vt -0.477312 -0.148906 0.000000
vt -0.349051 -0.125655 0.000000
vt -0.472041 -0.164856 0.000000
vt -0.348213 -0.131392 0.000000
vt -0.346826 -0.137021 0.000000
vt -0.466236 -0.180621 0.000000
vt -0.344901 -0.142490 0.000000
vt -0.342458 -0.147748 0.000000
vt -0.339519 -0.152745 0.000000
vt -0.336111 -0.157435 0.000000
vt -0.332267 -0.161775 0.000000
vt -0.328022 -0.165723 0.000000
vt -0.323415 -0.169243 0.000000
vt -0.318490 -0.172302 0.000000
vt -0.313293 -0.174872 0.000000
vt -0.307872 -0.176928 0.000000
vt -0.302278 -0.178451 0.000000
vt -0.296563 -0.179427 0.000000
vt -0.290781 -0.179847 0.000000
vt -0.459905 -0.196181 0.000000
vt -0.453055 -0.211521 0.000000
vt -0.486234 -0.116518 0.000000
vt -0.348213 -0.108337 0.000000
vt -0.489874 -0.100118 0.000000
vt -0.346826 -0.102708 0.000000
vt -0.492961 -0.083605 0.000000
vt -0.344901 -0.097239 0.000000
vt -0.495491 -0.066998 0.000000
vt -0.342458 -0.091981 0.000000
vt -0.497462 -0.050315 0.000000
vt -0.339519 -0.086984 0.000000
vt -0.498871 -0.033575 0.000000
vt -0.336111 -0.082293 0.000000
vt -0.499718 -0.016797 0.000000
vt -0.332267 -0.077954 0.000000
vt -0.500000 0.000000 0.000000
vt -0.328022 -0.074005 0.000000
vt -0.328022 0.074277 0.000000
vt -0.323415 -0.070485 0.000000
vt -0.323415 0.070757 0.000000
vt -0.318490 -0.067426 0.000000
vt -0.318490 0.067698 0.000000
vt -0.313293 -0.064857 0.000000
vt -0.313293 0.065128 0.000000
vt -0.307872 -0.062801 0.000000
vt -0.307872 0.063072 0.000000
vt -0.302278 -0.061278 0.000000
vt -0.302278 0.061549 0.000000
vt -0.296563 -0.060302 0.000000
vt -0.296563 0.060573 0.000000
vt -0.290781 -0.059882 0.000000
vt -0.284985 -0.060022 0.000000
vt 0.283437 -0.060302 0.000000
vt -0.279230 -0.060721 0.000000
vt 0.277722 -0.061278 0.000000
vt -0.273569 -0.061972 0.000000
vt 0.272128 -0.062801 0.000000
vt -0.268055 -0.063763 0.000000
vt 0.266707 -0.064857 0.000000
vt -0.262739 -0.066079 0.000000
vt 0.261510 -0.067426 0.000000
vt -0.257673 -0.068896 0.000000
vt 0.256585 -0.070485 0.000000
vt -0.252901 -0.072190 0.000000
vt 0.251978 -0.074005 0.000000
vt -0.248470 -0.075928 0.000000
vt 0.247733 -0.077954 0.000000
vt -0.244420 -0.080077 0.000000
vt 0.243889 -0.082293 0.000000
vt -0.240790 -0.084597 0.000000
vt 0.240481 -0.086984 0.000000
vt -0.237613 -0.089447 0.000000
vt 0.237542 -0.091981 0.000000
vt -0.234919 -0.094580 0.000000
vt 0.235099 -0.097239 0.000000
vt -0.232732 -0.099950 0.000000
vt 0.233174 -0.102708 0.000000
vt -0.231074 -0.105505 0.000000
vt 0.231787 -0.108337 0.000000
vt -0.229961 -0.111195 0.000000
vt 0.230949 -0.114073 0.000000
vt -0.229401 -0.116966 0.000000
vt 0.230669 -0.119864 0.000000
vt -0.229401 -0.122763 0.000000
vt 0.230949 -0.125655 0.000000
vt -0.229961 -0.128534 0.000000
vt 0.231787 -0.131392 0.000000
vt -0.231074 -0.134223 0.000000
vt 0.233174 -0.137021 0.000000
vt -0.232732 -0.139779 0.000000
vt 0.235099 -0.142490 0.000000
vt -0.234919 -0.145148 0.000000
vt 0.237542 -0.147748 0.000000
vt -0.237613 -0.150282 0.000000
vt 0.240481 -0.152745 0.000000
vt -0.240790 -0.155131 0.000000
vt 0.243889 -0.157435 0.000000
vt -0.244420 -0.159652 0.000000
vt 0.247733 -0.161775 0.000000
vt -0.248470 -0.163800 0.000000
vt 0.251978 -0.165723 0.000000
vt -0.252901 -0.167539 0.000000
vt 0.256585 -0.169243 0.000000
vt -0.257673 -0.170832 0.000000
vt 0.261510 -0.172302 0.000000
vt -0.262739 -0.173650 0.000000
vt 0.266707 -0.174872 0.000000
vt -0.268055 -0.175965 0.000000
vt 0.272128 -0.176928 0.000000
vt -0.273569 -0.177757 0.000000
vt 0.277722 -0.178451 0.000000
vt -0.279230 -0.179008 0.000000
vt 0.283437 -0.179427 0.000000
vt -0.284985 -0.179707 0.000000
vt 0.289219 -0.179847 0.000000
vt 0.004200 -0.499982 0.000000
vt -0.012599 -0.499841 0.000000
vt -0.029383 -0.499136 0.000000
vt -0.046134 -0.497867 0.000000
vt -0.062833 -0.496036 0.000000
vt -0.079461 -0.493645 0.000000
vt -0.096000 -0.490697 0.000000
vt -0.112430 -0.487196 0.000000
vt -0.128733 -0.483144 0.000000
vt -0.144891 -0.478546 0.000000
vt -0.160885 -0.473409 0.000000
vt -0.176698 -0.467737 0.000000
vt -0.192311 -0.461537 0.000000
vt -0.207708 -0.454816 0.000000
vt -0.222869 -0.447582 0.000000
vt -0.237779 -0.439842 0.000000
vt -0.252421 -0.431606 0.000000
vt -0.266778 -0.422883 0.000000
vt -0.280833 -0.413682 0.000000
vt -0.294572 -0.404014 0.000000
vt -0.307978 -0.393890 0.000000
vt -0.321036 -0.383322 0.000000
vt -0.333732 -0.372321 0.000000
vt -0.346051 -0.360899 0.000000
vt -0.357980 -0.349071 0.000000
vt -0.369504 -0.336848 0.000000
vt -0.380612 -0.324245 0.000000
vt -0.391290 -0.311276 0.000000
vt -0.401526 -0.297955 0.000000
vt -0.411308 -0.284298 0.000000
vt -0.420627 -0.270320 0.000000
vt -0.429470 -0.256037 0.000000
vt -0.437829 -0.241465 0.000000
vt -0.445694 -0.226621 0.000000
vt 0.306431 -0.061972 0.000000
vt 0.311945 -0.063763 0.000000
vt 0.317261 -0.066079 0.000000
vt 0.322327 -0.068896 0.000000
vt 0.327099 -0.072190 0.000000
vt 0.331530 -0.075928 0.000000
vt 0.335580 -0.080077 0.000000
vt 0.339210 -0.084597 0.000000
vt 0.342387 -0.089447 0.000000
vt 0.345081 -0.094580 0.000000
vt 0.494296 -0.075312 0.000000
vt 0.347268 -0.099950 0.000000
vt 0.491487 -0.091875 0.000000
vt 0.348926 -0.105505 0.000000
vt 0.488123 -0.108334 0.000000
vt 0.350039 -0.111195 0.000000
vt 0.484208 -0.124670 0.000000
vt 0.350599 -0.116966 0.000000
vt 0.479746 -0.140866 0.000000
vt 0.350599 -0.122763 0.000000
vt 0.474744 -0.156903 0.000000
vt 0.350039 -0.128534 0.000000
vt 0.348926 -0.134223 0.000000
vt 0.469205 -0.172763 0.000000
vt 0.347268 -0.139779 0.000000
vt 0.463136 -0.188428 0.000000
vt 0.345081 -0.145148 0.000000
vt 0.456545 -0.203880 0.000000
vt 0.342387 -0.150282 0.000000
vt 0.449438 -0.219102 0.000000
vt 0.339210 -0.155131 0.000000
vt 0.441824 -0.234076 0.000000
vt 0.335580 -0.159652 0.000000
vt 0.331530 -0.163800 0.000000
vt 0.433711 -0.248787 0.000000
vt 0.327099 -0.167539 0.000000
vt 0.425109 -0.263216 0.000000
vt 0.322327 -0.170832 0.000000
vt 0.416026 -0.277348 0.000000
vt 0.317261 -0.173650 0.000000
vt 0.406474 -0.291168 0.000000
vt 0.311945 -0.175965 0.000000
vt 0.396464 -0.304658 0.000000
vt 0.306431 -0.177757 0.000000
vt 0.386005 -0.317805 0.000000
vt 0.300770 -0.179008 0.000000
vt 0.375111 -0.330593 0.000000
vt 0.295015 -0.179707 0.000000
vt 0.363794 -0.343008 0.000000
vt 0.352065 -0.355035 0.000000
vt 0.339940 -0.366662 0.000000
vt 0.327430 -0.377875 0.000000
vt 0.314551 -0.388661 0.000000
vt 0.301317 -0.399009 0.000000
vt 0.287743 -0.408906 0.000000
vt 0.273844 -0.418341 0.000000
vt 0.259636 -0.427305 0.000000
vt 0.245135 -0.435785 0.000000
vt 0.230357 -0.443774 0.000000
vt 0.215319 -0.451263 0.000000
vt 0.200038 -0.458241 0.000000
vt 0.184531 -0.464702 0.000000
vt 0.168816 -0.470639 0.000000
vt 0.152910 -0.476045 0.000000
vt 0.136831 -0.480913 0.000000
vt 0.120599 -0.485238 0.000000
vt 0.104230 -0.489016 0.000000
vt 0.087743 -0.492241 0.000000
vt 0.071157 -0.494911 0.000000
vt 0.054491 -0.497022 0.000000
vt 0.037764 -0.498572 0.000000
vt 0.020994 -0.499559 0.000000
vt -0.349051 0.125927 0.000000
vt -0.477312 0.148906 0.000000
vt -0.349331 0.120136 0.000000
vt -0.482045 0.132787 0.000000
vt -0.349051 0.114345 0.000000
vt -0.486234 0.116518 0.000000
vt -0.348213 0.108608 0.000000
vt -0.489874 0.100118 0.000000
vt -0.346826 0.102979 0.000000
vt -0.492961 0.083605 0.000000
vt -0.344901 0.097510 0.000000
vt -0.495491 0.066998 0.000000
vt -0.342458 0.092252 0.000000
vt -0.497462 0.050315 0.000000
vt -0.339519 0.087255 0.000000
vt -0.498871 0.033575 0.000000
vt -0.336111 0.082565 0.000000
vt -0.499718 0.016797 0.000000
vt -0.332267 0.078225 0.000000
vt -0.472041 0.164856 0.000000
vt -0.348213 0.131663 0.000000
vt -0.346826 0.137292 0.000000
vt -0.344901 0.142761 0.000000
vt -0.342458 0.148019 0.000000
vt -0.339519 0.153016 0.000000
vt -0.336111 0.157707 0.000000
vt -0.332267 0.162046 0.000000
vt -0.328022 0.165995 0.000000
vt -0.323415 0.169515 0.000000
vt -0.318490 0.172574 0.000000
vt -0.313293 0.175143 0.000000
vt -0.307872 0.177199 0.000000
vt -0.302278 0.178722 0.000000
vt -0.296563 0.179698 0.000000
vt 0.441824 0.234076 0.000000
vt 0.433711 0.248787 0.000000
vt 0.425109 0.263216 0.000000
vt 0.416026 0.277348 0.000000
vt 0.406474 0.291168 0.000000
vt 0.396464 0.304658 0.000000
vt 0.386005 0.317805 0.000000
vt 0.375111 0.330593 0.000000
vt 0.363794 0.343008 0.000000
vt 0.352065 0.355035 0.000000
vt 0.339940 0.366662 0.000000
vt 0.327430 0.377875 0.000000
vt 0.314551 0.388661 0.000000
vt 0.301317 0.399009 0.000000
vt 0.287743 0.408906 0.000000
vt 0.273844 0.418341 0.000000
vt 0.259636 0.427305 0.000000
vt 0.245135 0.435785 0.000000
vt 0.230357 0.443774 0.000000
vt 0.215319 0.451263 0.000000
vt 0.200038 0.458241 0.000000
vt 0.184531 0.464702 0.000000
vt 0.168816 0.470639 0.000000
vt 0.152910 0.476045 0.000000
vt 0.136831 0.480913 0.000000
vt 0.120599 0.485238 0.000000
vt 0.104230 0.489016 0.000000
vt 0.087743 0.492241 0.000000
vt 0.071157 0.494911 0.000000
vt 0.054491 0.497022 0.000000
vt 0.037764 0.498572 0.000000
vt 0.020994 0.499559 0.000000
vt 0.004200 0.499982 0.000000
vt -0.012599 0.499841 0.000000
vt -0.029383 0.499136 0.000000
vt -0.046134 0.497867 0.000000
vt -0.062833 0.496036 0.000000
vt -0.079461 0.493645 0.000000
vt -0.096000 0.490697 0.000000
vt -0.112430 0.487196 0.000000
vt -0.128733 0.483144 0.000000
vt -0.144891 0.478546 0.000000
vt -0.160885 0.473409 0.000000
vt -0.176698 0.467737 0.000000
vt -0.192311 0.461537 0.000000
vt -0.207708 0.454816 0.000000
vt -0.222869 0.447582 0.000000
vt -0.237779 0.439842 0.000000
vt -0.252421 0.431606 0.000000
vt -0.266778 0.422883 0.000000
vt -0.280833 0.413682 0.000000
vt -0.294572 0.404014 0.000000
vt -0.307978 0.393890 0.000000
vt -0.321036 0.383322 0.000000
vt -0.333732 0.372321 0.000000
vt -0.346051 0.360899 0.000000
vt -0.357980 0.349071 0.000000
vt -0.453055 0.211521 0.000000
vt -0.369504 0.336848 0.000000
vt -0.380612 0.324245 0.000000
vt -0.391290 0.311276 0.000000
vt -0.401526 0.297955 0.000000
vt -0.411308 0.284298 0.000000
vt -0.420627 0.270320 0.000000
vt -0.429470 0.256037 0.000000
vt -0.437829 0.241465 0.000000
vt -0.445694 0.226621 0.000000
vt -0.230949 0.114345 0.000000
vt 0.229401 0.117237 0.000000
vt -0.230669 0.120136 0.000000
vt 0.229401 0.123034 0.000000
vt -0.230949 0.125927 0.000000
vt 0.229961 0.128805 0.000000
vt -0.231787 0.131663 0.000000
vt 0.231074 0.134495 0.000000
vt -0.233174 0.137292 0.000000
vt 0.232732 0.140050 0.000000
vt -0.235099 0.142761 0.000000
vt 0.234919 0.145420 0.000000
vt -0.237542 0.148019 0.000000
vt 0.237613 0.150553 0.000000
vt -0.240481 0.153016 0.000000
vt 0.240790 0.155403 0.000000
vt -0.243889 0.157707 0.000000
vt 0.244420 0.159923 0.000000
vt -0.247733 0.162046 0.000000
vt 0.248470 0.164072 0.000000
vt -0.251978 0.165995 0.000000
vt 0.252901 0.167810 0.000000
vt -0.256585 0.169515 0.000000
vt 0.257673 0.171104 0.000000
vt -0.261510 0.172574 0.000000
vt 0.262739 0.173921 0.000000
vt -0.266707 0.175143 0.000000
vt 0.268055 0.176237 0.000000
vt -0.272128 0.177199 0.000000
vt 0.273569 0.178028 0.000000
vt -0.277722 0.178722 0.000000
vt 0.279230 0.179279 0.000000
vt -0.283437 0.179698 0.000000
vt 0.284985 0.179978 0.000000
vt -0.289219 0.180118 0.000000
vt 0.290781 0.180118 0.000000
vt 0.466236 0.180621 0.000000
vt 0.296563 0.179698 0.000000
vt 0.302278 0.178722 0.000000
vt 0.229961 0.111466 0.000000
vt -0.231787 0.108608 0.000000
vt 0.231074 0.105777 0.000000
vt -0.233174 0.102979 0.000000
vt 0.232732 0.100221 0.000000
vt -0.235099 0.097510 0.000000
vt 0.234919 0.094852 0.000000
vt -0.237542 0.092252 0.000000
vt 0.237613 0.089718 0.000000
vt -0.240481 0.087255 0.000000
vt 0.240790 0.084869 0.000000
vt -0.243889 0.082565 0.000000
vt 0.244420 0.080348 0.000000
vt -0.247733 0.078225 0.000000
vt 0.248470 0.076200 0.000000
vt -0.251978 0.074277 0.000000
vt 0.252901 0.072461 0.000000
vt -0.256585 0.070757 0.000000
vt 0.257673 0.069168 0.000000
vt -0.261510 0.067698 0.000000
vt 0.262739 0.066350 0.000000
vt -0.266707 0.065128 0.000000
vt 0.268055 0.064035 0.000000
vt -0.272128 0.063072 0.000000
vt 0.273569 0.062243 0.000000
vt -0.277722 0.061549 0.000000
vt 0.279230 0.060992 0.000000
vt -0.283437 0.060573 0.000000
vt 0.284985 0.060293 0.000000
vt -0.289219 0.060153 0.000000
vt 0.290781 0.060153 0.000000
vt 0.290781 -0.059882 0.000000
vt 0.296563 0.060573 0.000000
vt 0.296563 -0.060302 0.000000
vt 0.302278 0.061549 0.000000
vt 0.302278 -0.061278 0.000000
vt 0.307872 0.063072 0.000000
vt 0.307872 -0.062801 0.000000
vt 0.313293 0.065128 0.000000
vt 0.313293 -0.064857 0.000000
vt 0.318490 0.067698 0.000000
vt 0.318490 -0.067426 0.000000
vt 0.323415 0.070757 0.000000
vt 0.323415 -0.070485 0.000000
vt 0.328022 0.074277 0.000000
vt 0.328022 -0.074005 0.000000
vt 0.500000 0.000000 0.000000
vt 0.332267 -0.077954 0.000000
vt 0.499718 -0.016797 0.000000
vt 0.336111 -0.082293 0.000000
vt 0.498871 -0.033575 0.000000
vt 0.339519 -0.086984 0.000000
vt 0.497462 -0.050315 0.000000
vt 0.342458 -0.091981 0.000000
vt 0.495491 -0.066998 0.000000
vt 0.344901 -0.097239 0.000000
vt 0.492961 -0.083605 0.000000
vt 0.346826 -0.102708 0.000000
vt 0.489874 -0.100118 0.000000
vt 0.348213 -0.108337 0.000000
vt 0.486234 -0.116518 0.000000
vt 0.349051 -0.114073 0.000000
vt 0.482045 -0.132787 0.000000
vt 0.349331 -0.119864 0.000000
vt 0.477312 -0.148906 0.000000
vt 0.349051 -0.125655 0.000000
vt 0.472041 -0.164856 0.000000
vt 0.348213 -0.131392 0.000000
vt 0.346826 -0.137021 0.000000
vt -0.295015 0.060293 0.000000
vt -0.496547 0.058664 0.000000
vt -0.498237 0.041951 0.000000
vt -0.499365 0.025189 0.000000
vt -0.300770 0.060992 0.000000
vt -0.306431 0.062243 0.000000
vt -0.311945 0.064035 0.000000
vt -0.317261 0.066350 0.000000
vt -0.322327 0.069168 0.000000
vt -0.327099 0.072461 0.000000
vt -0.494296 0.075312 0.000000
vt -0.331530 0.076200 0.000000
vt -0.335580 0.080348 0.000000
vt -0.339210 0.084869 0.000000
vt -0.342387 0.089718 0.000000
vt -0.491487 0.091875 0.000000
vt -0.345081 0.094852 0.000000
vt -0.347268 0.100221 0.000000
vt -0.348926 0.105777 0.000000
vt -0.488123 0.108334 0.000000
vt -0.350039 0.111466 0.000000
vt -0.350599 0.117237 0.000000
vt -0.350599 0.123034 0.000000
vt -0.484208 0.124670 0.000000
vt -0.350039 0.128805 0.000000
vt -0.348926 0.134495 0.000000
vt -0.347268 0.140050 0.000000
vt -0.479746 0.140866 0.000000
vt -0.345081 0.145420 0.000000
vt -0.342387 0.150553 0.000000
vt -0.339210 0.155403 0.000000
vt -0.474744 0.156903 0.000000
vt -0.335580 0.159923 0.000000
vt -0.331530 0.164072 0.000000
vt -0.327099 0.167810 0.000000
vt -0.322327 0.171104 0.000000
vt -0.469205 0.172763 0.000000
vt -0.317261 0.173921 0.000000
vt -0.311945 0.176237 0.000000
vt -0.306431 0.178028 0.000000
vt -0.300770 0.179279 0.000000
vt -0.295015 0.179978 0.000000
vt -0.463136 0.188428 0.000000
vt 0.466236 -0.180621 0.000000
vt 0.344901 -0.142490 0.000000
vt 0.342458 -0.147748 0.000000
vt 0.339519 -0.152745 0.000000
vt 0.336111 -0.157435 0.000000
vt 0.332267 -0.161775 0.000000
vt 0.328022 -0.165723 0.000000
vt 0.323415 -0.169243 0.000000
vt 0.318490 -0.172302 0.000000
vt 0.313293 -0.174872 0.000000
vt 0.307872 -0.176928 0.000000
vt 0.302278 -0.178451 0.000000
vt 0.296563 -0.179427 0.000000
vt 0.290781 -0.179847 0.000000
vt -0.289219 -0.179847 0.000000
vt 0.284985 -0.179707 0.000000
vt -0.283437 -0.179427 0.000000
vt 0.279230 -0.179008 0.000000
vt -0.277722 -0.178451 0.000000
vt 0.273569 -0.177757 0.000000
vt -0.272128 -0.176928 0.000000
vt 0.268055 -0.175965 0.000000
vt -0.266707 -0.174872 0.000000
vt 0.262739 -0.173650 0.000000
vt -0.261510 -0.172302 0.000000
vt 0.257673 -0.170832 0.000000
vt -0.256585 -0.169243 0.000000
vt 0.252901 -0.167539 0.000000
vt -0.251978 -0.165723 0.000000
vt 0.248470 -0.163800 0.000000
vt -0.247733 -0.161775 0.000000
vt 0.244420 -0.159652 0.000000
vt -0.243889 -0.157435 0.000000
vt 0.240790 -0.155131 0.000000
vt -0.240481 -0.152745 0.000000
vt 0.237613 -0.150282 0.000000
vt -0.237542 -0.147748 0.000000
vt 0.234919 -0.145148 0.000000
vt -0.235099 -0.142490 0.000000
vt 0.232732 -0.139779 0.000000
vt -0.233174 -0.137021 0.000000
vt 0.231074 -0.134223 0.000000
vt -0.231787 -0.131392 0.000000
vt 0.229961 -0.128534 0.000000
vt -0.230949 -0.125655 0.000000
vt 0.229401 -0.122763 0.000000
vt -0.230669 -0.119864 0.000000
vt 0.229401 -0.116966 0.000000
vt -0.230949 -0.114073 0.000000
vt 0.229961 -0.111195 0.000000
vt -0.231787 -0.108337 0.000000
vt 0.231074 -0.105505 0.000000
vt -0.233174 -0.102708 0.000000
vt 0.232732 -0.099950 0.000000
vt -0.235099 -0.097239 0.000000
vt 0.234919 -0.094580 0.000000
vt -0.237542 -0.091981 0.000000
vt 0.237613 -0.089447 0.000000
vt -0.240481 -0.086984 0.000000
vt 0.240790 -0.084597 0.000000
vt -0.243889 -0.082293 0.000000
vt 0.244420 -0.080077 0.000000
vt -0.247733 -0.077954 0.000000
vt 0.248470 -0.075928 0.000000
vt -0.251978 -0.074005 0.000000
vt 0.252901 -0.072190 0.000000
vt -0.256585 -0.070485 0.000000
vt 0.257673 -0.068896 0.000000
vt -0.261510 -0.067426 0.000000
vt 0.262739 -0.066079 0.000000
vt -0.266707 -0.064857 0.000000
vt 0.268055 -0.063763 0.000000
vt -0.272128 -0.062801 0.000000
vt 0.273569 -0.061972 0.000000
vt -0.277722 -0.061278 0.000000
vt 0.279230 -0.060721 0.000000
vt -0.283437 -0.060302 0.000000
vt 0.284985 -0.060022 0.000000
vt -0.289219 -0.059882 0.000000
vt -0.496547 -0.058664 0.000000
vt -0.498237 -0.041951 0.000000
vt -0.499365 -0.025189 0.000000
vt -0.499929 -0.008400 0.000000
vt -0.499929 0.008400 0.000000
vt -0.295015 -0.179707 0.000000
vt -0.363794 -0.343008 0.000000
vt -0.352065 -0.355035 0.000000
vt -0.339940 -0.366662 0.000000
vt -0.375111 -0.330593 0.000000
vt -0.300770 -0.179008 0.000000
vt -0.386005 -0.317805 0.000000
vt -0.306431 -0.177757 0.000000
vt -0.396464 -0.304658 0.000000
vt -0.311945 -0.175965 0.000000
vt -0.406474 -0.291168 0.000000
vt -0.317261 -0.173650 0.000000
vt -0.416026 -0.277348 0.000000
vt -0.322327 -0.170832 0.000000
vt -0.425109 -0.263216 0.000000
vt -0.327099 -0.167539 0.000000
vt -0.433711 -0.248787 0.000000
vt -0.331530 -0.163800 0.000000
vt -0.441824 -0.234076 0.000000
vt -0.335580 -0.159652 0.000000
vt -0.339210 -0.155131 0.000000
vt -0.449438 -0.219102 0.000000
vt -0.342387 -0.150282 0.000000
vt -0.456545 -0.203880 0.000000
vt -0.345081 -0.145148 0.000000
vt -0.463136 -0.188428 0.000000
vt -0.347268 -0.139779 0.000000
vt -0.469205 -0.172763 0.000000
vt -0.348926 -0.134223 0.000000
vt -0.474744 -0.156903 0.000000
vt -0.350039 -0.128534 0.000000
vt -0.350599 -0.122763 0.000000
vt -0.479746 -0.140866 0.000000
vt -0.350599 -0.116966 0.000000
vt -0.484208 -0.124670 0.000000
vt -0.350039 -0.111195 0.000000
vt -0.488123 -0.108334 0.000000
vt -0.348926 -0.105505 0.000000
vt -0.491487 -0.091875 0.000000
vt -0.347268 -0.099950 0.000000
vt -0.494296 -0.075312 0.000000
vt -0.345081 -0.094580 0.000000
vt -0.342387 -0.089447 0.000000
vt -0.339210 -0.084597 0.000000
vt -0.335580 -0.080077 0.000000
vt -0.331530 -0.075928 0.000000
vt -0.327099 -0.072190 0.000000
vt -0.322327 -0.068896 0.000000
vt -0.317261 -0.066079 0.000000
vt -0.311945 -0.063763 0.000000
vt -0.306431 -0.061972 0.000000
vt -0.300770 -0.060721 0.000000
vt -0.295015 -0.060022 0.000000
vt 0.349051 0.114345 0.000000
vt 0.482045 0.132787 0.000000
vt 0.349331 0.120136 0.000000
vt 0.477312 0.148906 0.000000
vt 0.349051 0.125927 0.000000
vt 0.472041 0.164856 0.000000
vt 0.348213 0.131663 0.000000
vt 0.346826 0.137292 0.000000
vt 0.344901 0.142761 0.000000
vt 0.342458 0.148019 0.000000
vt 0.339519 0.153016 0.000000
vt 0.336111 0.157707 0.000000
vt 0.332267 0.162046 0.000000
vt 0.328022 0.165995 0.000000
vt 0.323415 0.169515 0.000000
vt 0.318490 0.172574 0.000000
vt 0.313293 0.175143 0.000000
vt 0.307872 0.177199 0.000000
vt 0.486234 0.116518 0.000000
vt 0.348213 0.108608 0.000000
vt 0.489874 0.100118 0.000000
vt 0.346826 0.102979 0.000000
vt 0.492961 0.083605 0.000000
vt 0.344901 0.097510 0.000000
vt 0.495491 0.066998 0.000000
vt 0.342458 0.092252 0.000000
vt 0.497462 0.050315 0.000000
vt 0.339519 0.087255 0.000000
vt 0.498871 0.033575 0.000000
vt 0.336111 0.082565 0.000000
vt 0.499718 0.016797 0.000000
vt 0.332267 0.078225 0.000000
vt 0.459905 0.196181 0.000000
vt 0.294572 0.404014 0.000000
vt 0.280833 0.413682 0.000000
vt 0.266778 0.422883 0.000000
vt 0.453055 0.211521 0.000000
vt 0.445694 0.226621 0.000000
vt 0.437829 0.241465 0.000000
vt 0.429470 0.256037 0.000000
vt 0.420627 0.270320 0.000000
vt 0.411308 0.284298 0.000000
vt 0.401526 0.297955 0.000000
vt 0.391290 0.311276 0.000000
vt 0.380612 0.324245 0.000000
vt 0.369504 0.336848 0.000000
vt 0.357980 0.349071 0.000000
vt 0.346051 0.360899 0.000000
vt 0.333732 0.372321 0.000000
vt 0.321036 0.383322 0.000000
vt 0.307978 0.393890 0.000000
vt 0.252421 0.431606 0.000000
vt 0.237779 0.439842 0.000000
vt 0.222869 0.447582 0.000000
vt 0.207708 0.454816 0.000000
vt 0.192311 0.461537 0.000000
vt 0.176698 0.467737 0.000000
vt 0.160885 0.473409 0.000000
vt 0.144891 0.478546 0.000000
vt 0.128733 0.483144 0.000000
vt 0.112430 0.487196 0.000000
vt 0.096000 0.490697 0.000000
vt 0.079461 0.493645 0.000000
vt 0.062833 0.496036 0.000000
vt 0.046134 0.497867 0.000000
vt 0.029383 0.499136 0.000000
vt 0.012599 0.499841 0.000000
vt -0.004200 0.499982 0.000000
vt -0.020994 0.499559 0.000000
vt -0.037764 0.498572 0.000000
vt -0.054491 0.497022 0.000000
vt -0.071157 0.494911 0.000000
vt -0.087743 0.492241 0.000000
vt -0.104230 0.489016 0.000000
vt -0.120599 0.485238 0.000000
vt -0.136831 0.480913 0.000000
vt -0.152910 0.476045 0.000000
vt -0.168816 0.470639 0.000000
vt -0.184531 0.464702 0.000000
vt -0.200038 0.458241 0.000000
vt -0.215319 0.451263 0.000000
vt -0.230357 0.443774 0.000000
vt -0.245135 0.435785 0.000000
vt -0.259636 0.427305 0.000000
vt -0.273844 0.418341 0.000000
vt -0.287743 0.408906 0.000000
vt -0.301317 0.399009 0.000000
vt -0.314551 0.388661 0.000000
vt -0.327430 0.377875 0.000000
vt -0.339940 0.366662 0.000000
vt -0.352065 0.355035 0.000000
vt -0.363794 0.343008 0.000000
vt -0.375111 0.330593 0.000000
vt -0.386005 0.317805 0.000000
vt -0.396464 0.304658 0.000000
vt -0.406474 0.291168 0.000000
vt -0.416026 0.277348 0.000000
vt -0.425109 0.263216 0.000000
vt -0.433711 0.248787 0.000000
vt -0.441824 0.234076 0.000000
vt -0.449438 0.219102 0.000000
vt -0.456545 0.203880 0.000000
vt -0.327430 -0.377875 0.000000
vt -0.314551 -0.388661 0.000000
vt -0.301317 -0.399009 0.000000
vt -0.287743 -0.408906 0.000000
vt -0.273844 -0.418341 0.000000
vt -0.259636 -0.427305 0.000000
vt -0.245135 -0.435785 0.000000
vt -0.230357 -0.443774 0.000000
vt -0.215319 -0.451263 0.000000
vt -0.200038 -0.458241 0.000000
vt -0.184531 -0.464702 0.000000
vt -0.168816 -0.470639 0.000000
vt -0.152910 -0.476045 0.000000
vt -0.136831 -0.480913 0.000000
vt -0.120599 -0.485238 0.000000
vt -0.104230 -0.489016 0.000000
vt -0.087743 -0.492241 0.000000
vt -0.071157 -0.494911 0.000000
vt -0.054491 -0.497022 0.000000
vt -0.037764 -0.498572 0.000000
vt -0.020994 -0.499559 0.000000
vt -0.004200 -0.499982 0.000000
vt 0.012599 -0.499841 0.000000
vt 0.029383 -0.499136 0.000000
vt 0.046134 -0.497867 0.000000
vt 0.062833 -0.496036 0.000000
vt 0.079461 -0.493645 0.000000
vt 0.096000 -0.490697 0.000000
vt 0.112430 -0.487196 0.000000
vt 0.128733 -0.483144 0.000000
vt 0.144891 -0.478546 0.000000
vt 0.160885 -0.473409 0.000000
vt 0.176698 -0.467737 0.000000
vt 0.192311 -0.461537 0.000000
vt 0.207708 -0.454816 0.000000
vt 0.222869 -0.447582 0.000000
vt 0.237779 -0.439842 0.000000
vt 0.252421 -0.431606 0.000000
vt 0.266778 -0.422883 0.000000
vt 0.280833 -0.413682 0.000000
vt 0.294572 -0.404014 0.000000
vt 0.307978 -0.393890 0.000000
vt 0.321036 -0.383322 0.000000
vt 0.333732 -0.372321 0.000000
vt 0.346051 -0.360899 0.000000
vt 0.357980 -0.349071 0.000000
vt 0.369504 -0.336848 0.000000
vt 0.380612 -0.324245 0.000000
vt 0.391290 -0.311276 0.000000
vt 0.401526 -0.297955 0.000000
vt 0.411308 -0.284298 0.000000
vt 0.420627 -0.270320 0.000000
vt 0.429470 -0.256037 0.000000
vt 0.437829 -0.241465 0.000000
vt 0.445694 -0.226621 0.000000
vt 0.453055 -0.211521 0.000000
vt 0.459905 -0.196181 0.000000
vn 0.099533 0.009651 0.000000
vn 0.099533 0.009651 0.000000
vn 0.100000 0.000000 0.000000
vn 0.100000 0.000000 0.000000
vn 0.099533 -0.009651 0.000000
vn 0.099533 -0.009651 0.000000
vn 0.098137 -0.019213 0.000000
vn 0.098137 -0.019213 0.000000
vn 0.095825 -0.028595 0.000000
vn 0.095825 -0.028595 0.000000
vn 0.092617 -0.037709 0.000000
vn 0.092617 -0.037709 0.000000
vn 0.088546 -0.046472 0.000000
vn 0.088546 -0.046472 0.000000
vn 0.083647 -0.054801 0.000000
vn 0.083647 -0.054801 0.000000
vn 0.077967 -0.062619 0.000000
vn 0.077967 -0.062619 0.000000
vn 0.071560 -0.069851 0.000000
vn 0.071560 -0.069851 0.000000
vn 0.064484 -0.076432 0.000000
vn 0.064484 -0.076432 0.000000
vn 0.056806 -0.082298 0.000000
vn 0.056806 -0.082298 0.000000
vn 0.048598 -0.087397 0.000000
vn 0.048598 -0.087397 0.000000
vn 0.039936 -0.091679 0.000000
vn 0.039936 -0.091679 0.000000
vn 0.030902 -0.095106 0.000000
vn 0.030902 -0.095106 0.000000
vn 0.021578 -0.097644 0.000000
vn 0.021578 -0.097644 0.000000
vn 0.012054 -0.099271 0.000000
vn 0.012054 -0.099271 0.000000
vn 0.002416 -0.099971 0.000000
vn 0.002416 -0.099971 0.000000
vn -0.007243 -0.099737 0.000000
vn -0.007243 -0.099737 0.000000
vn -0.016836 -0.098573 0.000000
vn -0.016836 -0.098573 0.000000
vn -0.026271 -0.096488 0.000000
vn -0.026271 -0.096488 0.000000
vn -0.035460 -0.093502 0.000000
vn -0.035460 -0.093502 0.000000
vn -0.044319 -0.089643 0.000000
vn -0.044319 -0.089643 0.000000
vn -0.052764 -0.084947 0.000000
vn -0.052764 -0.084947 0.000000
vn -0.060716 -0.079458 0.000000
vn -0.060716 -0.079458 0.000000
vn -0.068102 -0.073227 0.000000
vn -0.068102 -0.073227 0.000000
vn -0.074851 -0.066312 0.000000
vn -0.074851 -0.066312 0.000000
vn -0.080902 -0.058779 0.000000
vn -0.080902 -0.058779 0.000000
vn -0.086197 -0.050696 0.000000
vn -0.086197 -0.050696 0.000000
vn -0.090687 -0.042140 0.000000
vn -0.090687 -0.042140 0.000000
vn -0.094331 -0.033191 0.000000
vn -0.094331 -0.033191 0.000000
vn -0.097094 -0.023932 0.000000
vn -0.097094 -0.023932 0.000000
vn -0.098951 -0.014449 0.000000
vn -0.098951 -0.014449 0.000000
vn -0.099883 -0.004831 0.000000
vn -0.099883 -0.004831 0.000000
vn -0.099883 0.004831 0.000000
vn -0.099883 0.004831 0.000000
vn -0.098951 0.014449 0.000000
vn -0.098951 0.014449 0.000000
vn -0.097094 0.023932 0.000000
vn -0.097094 0.023932 0.000000
vn -0.094331 0.033191 0.000000
vn -0.094331 0.033191 0.000000
vn -0.090687 0.042140 0.000000
vn -0.090687 0.042140 0.000000
vn -0.086197 0.050696 0.000000
vn -0.086197 0.050696 0.000000
vn -0.080902 0.058779 0.000000
vn -0.080902 0.058779 0.000000
vn -0.074851 0.066312 0.000000
vn -0.074851 0.066312 0.000000
vn -0.068102 0.073227 0.000000
vn -0.068102 0.073227 0.000000
vn -0.060716 0.079458 0.000000
vn -0.060716 0.079458 0.000000
vn -0.052764 0.084947 0.000000
vn -0.052764 0.084947 0.000000
vn -0.044319 0.089643 0.000000
vn -0.044319 0.089643 0.000000
vn -0.035460 0.093502 0.000000
vn -0.035460 0.093502 0.000000
vn -0.026271 0.096488 0.000000
vn -0.026271 0.096488 0.000000
vn -0.016836 0.098573 0.000000
vn -0.016836 0.098573 0.000000
vn -0.007243 0.099737 0.000000
vn -0.007243 0.099737 0.000000
vn 0.002416 0.099971 0.000000
vn 0.002416 0.099971 0.000000
vn 0.012054 0.099271 0.000000
vn 0.012054 0.099271 0.000000
vn 0.021578 0.097644 0.000000
vn 0.021578 0.097644 0.000000
vn 0.030902 0.095106 0.000000
vn 0.030902 0.095106 0.000000
vn 0.039936 0.091679 0.000000
vn 0.039936 0.091679 0.000000
vn 0.048598 0.087397 0.000000
vn 0.048598 0.087397 0.000000
vn 0.056806 0.082298 0.000000
vn 0.056806 0.082298 0.000000
vn 0.064484 0.076432 0.000000
vn 0.064484 0.076432 0.000000
vn 0.071560 0.069851 0.000000
vn 0.071560 0.069851 0.000000
vn 0.077967 0.062619 0.000000
vn 0.077967 0.062619 0.000000
vn 0.083647 0.054801 0.000000
vn 0.083647 0.054801 0.000000
vn 0.088546 0.046472 0.000000
vn 0.088546 0.046472 0.000000
vn 0.092617 0.037709 0.000000
vn 0.092617 0.037709 0.000000
vn 0.095825 0.028595 0.000000
vn 0.095825 0.028595 0.000000
vn 0.098137 0.019213 0.000000
vn 0.098137 0.019213 0.000000
vn 0.099533 0.009651 0.000000
vn 0.099533 0.009651 0.000000
vn 0.100000 0.000000 0.000000
vn 0.100000 0.000000 0.000000
vn 0.099533 -0.009651 0.000000
vn 0.099533 -0.009651 0.000000
vn 0.098137 -0.019213 0.000000
vn 0.098137 -0.019213 0.000000
vn 0.095825 -0.028595 0.000000
vn 0.095825 -0.028595 0.000000
vn 0.092617 -0.037709 0.000000
vn 0.092617 -0.037709 0.000000
vn 0.088546 -0.046472 0.000000
vn 0.088546 -0.046472 0.000000
vn 0.083647 -0.054801 0.000000
vn 0.083647 -0.054801 0.000000
vn 0.077967 -0.062619 0.000000
vn 0.077967 -0.062619 0.000000
vn 0.071560 -0.069851 0.000000
vn 0.071560 -0.069851 0.000000
vn 0.064484 -0.076432 0.000000
vn 0.064484 -0.076432 0.000000
vn 0.056806 -0.082298 0.000000
vn 0.056806 -0.082298 0.000000
vn 0.048598 -0.087397 0.000000
vn 0.048598 -0.087397 0.000000
vn 0.039936 -0.091679 0.000000
vn 0.039936 -0.091679 0.000000
vn 0.030902 -0.095106 0.000000
vn 0.030902 -0.095106 0.000000
vn 0.021578 -0.097644 0.000000
vn 0.021578 -0.097644 0.000000
vn 0.012054 -0.099271 0.000000
vn 0.012054 -0.099271 0.000000
vn 0.002416 -0.099971 0.000000
vn 0.002416 -0.099971 0.000000
vn -0.007243 -0.099737 0.000000
vn -0.007243 -0.099737 0.000000
vn -0.016836 -0.098573 0.000000
vn -0.016836 -0.098573 0.000000
vn -0.026271 -0.096488 0.000000
vn -0.026271 -0.096488 0.000000
vn -0.035460 -0.093502 0.000000
vn -0.035460 -0.093502 0.000000
vn -0.044319 -0.089643 0.000000
vn -0.044319 -0.089643 0.000000
vn -0.052764 -0.084947 0.000000
vn -0.052764 -0.084947 0.000000
vn -0.060716 -0.079458 0.000000
vn -0.060716 -0.079458 0.000000
vn -0.068102 -0.073227 0.000000
vn -0.068102 -0.073227 0.000000
vn -0.074851 -0.066312 0.000000
vn -0.074851 -0.066312 0.000000
vn -0.080902 -0.058779 0.000000
vn -0.080902 -0.058779 0.000000
vn -0.086197 -0.050696 0.000000
vn -0.086197 -0.050696 0.000000
vn -0.090687 -0.042140 0.000000
vn -0.090687 -0.042140 0.000000
vn -0.094331 -0.033191 0.000000
vn -0.094331 -0.033191 0.000000
vn -0.097094 -0.023932 0.000000
vn -0.097094 -0.023932 0.000000
vn -0.098951 -0.014449 0.000000
vn -0.098951 -0.014449 0.000000
vn -0.099883 -0.004831 0.000000
vn -0.099883 -0.004831 0.000000
vn -0.099883 0.004831 0.000000
vn -0.099883 0.004831 0.000000
vn -0.098951 0.014449 0.000000
vn -0.098951 0.014449 0.000000
vn -0.097094 0.023932 0.000000
vn -0.097094 0.023932 0.000000
vn -0.094331 0.033191 0.000000
vn -0.094331 0.033191 0.000000
vn -0.090687 0.042140 0.000000
vn -0.090687 0.042140 0.000000
vn -0.086197 0.050696 0.000000
vn -0.086197 0.050696 0.000000
vn -0.080902 0.058779 0.000000
vn -0.080902 0.058779 0.000000
vn -0.074851 0.066312 0.000000
vn -0.074851 0.066312 0.000000
vn -0.068102 0.073227 0.000000
vn -0.068102 0.073227 0.000000
vn -0.060716 0.079458 0.000000
vn -0.060716 0.079458 0.000000
vn -0.052764 0.084947 0.000000
vn -0.052764 0.084947 0.000000
vn -0.044319 0.089643 0.000000
vn -0.044319 0.089643 0.000000
vn -0.035460 0.093502 0.000000
vn -0.035460 0.093502 0.000000
vn -0.026271 0.096488 0.000000
vn -0.026271 0.096488 0.000000
vn -0.016836 0.098573 0.000000
vn -0.016836 0.098573 0.000000
vn -0.007243 0.099737 0.000000
vn -0.007243 0.099737 0.000000
vn 0.002416 0.099971 0.000000
vn 0.002416 0.099971 0.000000
vn 0.012054 0.099271 0.000000
vn 0.012054 0.099271 0.000000
vn 0.021578 0.097644 0.000000
vn 0.021578 0.097644 0.000000
vn 0.030902 0.095106 0.000000
vn 0.030902 0.095106 0.000000
vn 0.039936 0.091679 0.000000
vn 0.039936 0.091679 0.000000
vn 0.048598 0.087397 0.000000
vn 0.048598 0.087397 0.000000
vn 0.056806 0.082298 0.000000
vn 0.056806 0.082298 0.000000
vn 0.064484 0.076432 0.000000
vn 0.064484 0.076432 0.000000
vn 0.071560 0.069851 0.000000
vn 0.071560 0.069851 0.000000
vn 0.077967 0.062619 0.000000
vn 0.077967 0.062619 0.000000
vn 0.083647 0.054801 0.000000
vn 0.083647 0.054801 0.000000
vn 0.088546 0.046472 0.000000
vn 0.088546 0.046472 0.000000
vn 0.092617 0.037709 0.000000
vn 0.092617 0.037709 0.000000
vn 0.095825 0.028595 0.000000
vn 0.095825 0.028595 0.000000
vn 0.098137 0.019213 0.000000
vn 0.098137 0.019213 0.000000
vn 0.099533 0.009651 0.000000
vn 0.099533 0.009651 0.000000
vn 0.100000 0.000000 0.000000
vn 0.100000 0.000000 0.000000
vn 0.099533 -0.009651 0.000000
vn 0.099533 -0.009651 0.000000
vn 0.098137 -0.019213 0.000000
vn 0.098137 -0.019213 0.000000
vn 0.095825 -0.028595 0.000000
vn 0.095825 -0.028595 0.000000
vn 0.092617 -0.037709 0.000000
vn 0.092617 -0.037709 0.000000
vn 0.088546 -0.046472 0.000000
vn 0.088546 -0.046472 0.000000
vn 0.083647 -0.054801 0.000000
vn 0.083647 -0.054801 0.000000
vn 0.077967 -0.062619 0.000000
vn 0.077967 -0.062619 0.000000
vn 0.071560 -0.069851 0.000000
vn 0.071560 -0.069851 0.000000
vn 0.064484 -0.076432 0.000000
vn 0.064484 -0.076432 0.000000
vn 0.056806 -0.082298 0.000000
vn 0.056806 -0.082298 0.000000
vn 0.048598 -0.087397 0.000000
vn 0.048598 -0.087397 0.000000
vn 0.039936 -0.091679 0.000000
vn 0.039936 -0.091679 0.000000
vn 0.030902 -0.095106 0.000000
vn 0.030902 -0.095106 0.000000
vn 0.021578 -0.097644 0.000000
vn 0.021578 -0.097644 0.000000
vn 0.012054 -0.099271 0.000000
vn 0.012054 -0.099271 0.000000
vn 0.002416 -0.099971 0.000000
vn 0.002416 -0.099971 0.000000
vn -0.007243 -0.099737 0.000000
vn -0.007243 -0.099737 0.000000
vn -0.016836 -0.098573 0.000000
vn -0.016836 -0.098573 0.000000
vn -0.026271 -0.096488 0.000000
vn -0.026271 -0.096488 0.000000
vn -0.035460 -0.093502 0.000000
vn -0.035460 -0.093502 0.000000
vn -0.044319 -0.089643 0.000000
vn -0.044319 -0.089643 0.000000
vn -0.052764 -0.084947 0.000000
vn -0.052764 -0.084947 0.000000
vn -0.060716 -0.079458 0.000000
vn -0.060716 -0.079458 0.000000
vn -0.068102 -0.073227 0.000000
vn -0.068102 -0.073227 0.000000
vn -0.074851 -0.066312 0.000000
vn -0.074851 -0.066312 0.000000
vn -0.080902 -0.058779 0.000000
vn -0.080902 -0.058779 0.000000
vn -0.086197 -0.050696 0.000000
vn -0.086197 -0.050696 0.000000
vn -0.090687 -0.042140 0.000000
vn -0.090687 -0.042140 0.000000
vn -0.094331 -0.033191 0.000000
vn -0.094331 -0.033191 0.000000
vn -0.097094 -0.023932 0.000000
vn -0.097094 -0.023932 0.000000
vn -0.098951 -0.014449 0.000000
vn -0.098951 -0.014449 0.000000
vn -0.099883 -0.004831 0.000000
vn -0.099883 -0.004831 0.000000
vn -0.099883 0.004831 0.000000
vn -0.099883 0.004831 0.000000
vn -0.098951 0.014449 0.000000
vn -0.098951 0.014449 0.000000
vn -0.097094 0.023932 0.000000
vn -0.097094 0.023932 0.000000
vn -0.094331 0.033191 0.000000
vn -0.094331 0.033191 0.000000
vn -0.090687 0.042140 0.000000
vn -0.090687 0.042140 0.000000
vn -0.086197 0.050696 0.000000
vn -0.086197 0.050696 0.000000
vn -0.080902 0.058779 0.000000
vn -0.080902 0.058779 0.000000
vn -0.074851 0.066312 0.000000
vn -0.074851 0.066312 0.000000
vn -0.068102 0.073227 0.000000
vn -0.068102 0.073227 0.000000
vn -0.060716 0.079458 0.000000
vn -0.060716 0.079458 0.000000
vn -0.052764 0.084947 0.000000
vn -0.052764 0.084947 0.000000
vn -0.044319 0.089643 0.000000
vn -0.044319 0.089643 0.000000
vn -0.035460 0.093502 0.000000
vn -0.035460 0.093502 0.000000
vn -0.026271 0.096488 0.000000
vn -0.026271 0.096488 0.000000
vn -0.016836 0.098573 0.000000
vn -0.016836 0.098573 0.000000
vn -0.007243 0.099737 0.000000
vn -0.007243 0.099737 0.000000
vn 0.002416 0.099971 0.000000
vn 0.002416 0.099971 0.000000
vn 0.012054 0.099271 0.000000
vn 0.012054 0.099271 0.000000
vn 0.021578 0.097644 0.000000
vn 0.021578 0.097644 0.000000
vn 0.030902 0.095106 0.000000
vn 0.030902 0.095106 0.000000
vn 0.039936 0.091679 0.000000
vn 0.039936 0.091679 0.000000
vn 0.048598 0.087397 0.000000
vn 0.048598 0.087397 0.000000
vn 0.056806 0.082298 0.000000
vn 0.056806 0.082298 0.000000
vn 0.064484 0.076432 0.000000
vn 0.064484 0.076432 0.000000
vn 0.071560 0.069851 0.000000
vn 0.071560 0.069851 0.000000
vn 0.077967 0.062619 0.000000
vn 0.077967 0.062619 0.000000
vn 0.083647 0.054801 0.000000
vn 0.083647 0.054801 0.000000
vn 0.088546 0.046472 0.000000
vn 0.088546 0.046472 0.000000
vn 0.092617 0.037709 0.000000
vn 0.092617 0.037709 0.000000
vn 0.095825 0.028595 0.000000
vn 0.095825 0.028595 0.000000
vn 0.098137 0.019213 0.000000
vn 0.098137 0.019213 0.000000
vn 0.099533 0.009651 0.000000
vn 0.099533 0.009651 0.000000
vn 0.100000 0.000000 0.000000
vn 0.100000 0.000000 0.000000
vn 0.099533 -0.009651 0.000000
vn 0.099533 -0.009651 0.000000
vn 0.098137 -0.019213 0.000000
vn 0.098137 -0.019213 0.000000
vn 0.095825 -0.028595 0.000000
vn 0.095825 -0.028595 0.000000
vn 0.092617 -0.037709 0.000000
vn 0.092617 -0.037709 0.000000
vn 0.088546 -0.046472 0.000000
vn 0.088546 -0.046472 0.000000
vn 0.083647 -0.054801 0.000000
vn 0.083647 -0.054801 0.000000
vn 0.077967 -0.062619 0.000000
vn 0.077967 -0.062619 0.000000
vn 0.071560 -0.069851 0.000000
vn 0.071560 -0.069851 0.000000
vn 0.064484 -0.076432 0.000000
vn 0.064484 -0.076432 0.000000
vn 0.056806 -0.082298 0.000000
vn 0.056806 -0.082298 0.000000
vn 0.048598 -0.087397 0.000000
vn 0.048598 -0.087397 0.000000
vn 0.039936 -0.091679 0.000000
vn 0.039936 -0.091679 0.000000
vn 0.030902 -0.095106 0.000000
vn 0.030902 -0.095106 0.000000
vn 0.021578 -0.097644 0.000000
vn 0.021578 -0.097644 0.000000
vn 0.012054 -0.099271 0.000000
vn 0.012054 -0.099271 0.000000
vn 0.002416 -0.099971 0.000000
vn 0.002416 -0.099971 0.000000
vn -0.007243 -0.099737 0.000000
vn -0.007243 -0.099737 0.000000
vn -0.016836 -0.098573 0.000000
vn -0.016836 -0.098573 0.000000
vn -0.026271 -0.096488 0.000000
vn -0.026271 -0.096488 0.000000
vn -0.035460 -0.093502 0.000000
vn -0.035460 -0.093502 0.000000
vn -0.044319 -0.089643 0.000000
vn -0.044319 -0.089643 0.000000
vn -0.052764 -0.084947 0.000000
vn -0.052764 -0.084947 0.000000
vn -0.060716 -0.079458 0.000000
vn -0.060716 -0.079458 0.000000
vn -0.068102 -0.073227 0.000000
vn -0.068102 -0.073227 0.000000
vn -0.074851 -0.066312 0.000000
vn -0.074851 -0.066312 0.000000
vn -0.080902 -0.058779 0.000000
vn -0.080902 -0.058779 0.000000
vn -0.086197 -0.050696 0.000000
vn -0.086197 -0.050696 0.000000
vn -0.090687 -0.042140 0.000000
vn -0.090687 -0.042140 0.000000
vn -0.094331 -0.033191 0.000000
vn -0.094331 -0.033191 0.000000
vn -0.097094 -0.023932 0.000000
vn -0.097094 -0.023932 0.000000
vn -0.098951 -0.014449 0.000000
vn -0.098951 -0.014449 0.000000
vn -0.099883 -0.004831 0.000000
vn -0.099883 -0.004831 0.000000
vn -0.099883 0.004831 0.000000
vn -0.099883 0.004831 0.000000
vn -0.098951 0.014449 0.000000
vn -0.098951 0.014449 0.000000
vn -0.097094 0.023932 0.000000
vn -0.097094 0.023932 0.000000
vn -0.094331 0.033191 0.000000
vn -0.094331 0.033191 0.000000
vn -0.090687 0.042140 0.000000
vn -0.090687 0.042140 0.000000
vn -0.086197 0.050696 0.000000
vn -0.086197 0.050696 0.000000
vn -0.080902 0.058779 0.000000
vn -0.080902 0.058779 0.000000
vn -0.074851 0.066312 0.000000
vn -0.074851 0.066312 0.000000
vn -0.068102 0.073227 0.000000
vn -0.068102 0.073227 0.000000
vn -0.060716 0.079458 0.000000
vn -0.060716 0.079458 0.000000
vn -0.052764 0.084947 0.000000
vn -0.052764 0.084947 0.000000
vn -0.044319 0.089643 0.000000
vn -0.044319 0.089643 0.000000
vn -0.035460 0.093502 0.000000
vn -0.035460 0.093502 0.000000
vn -0.026271 0.096488 0.000000
vn -0.026271 0.096488 0.000000
vn -0.016836 0.098573 0.000000
vn -0.016836 0.098573 0.000000
vn -0.007243 0.099737 0.000000
vn -0.007243 0.099737 0.000000
vn 0.002416 0.099971 0.000000
vn 0.002416 0.099971 0.000000
vn 0.012054 0.099271 0.000000
vn 0.012054 0.099271 0.000000
vn 0.021578 0.097644 0.000000
vn 0.021578 0.097644 0.000000
vn 0.030902 0.095106 0.000000
vn 0.030902 0.095106 0.000000
vn 0.039936 0.091679 0.000000
vn 0.039936 0.091679 0.000000
vn 0.048598 0.087397 0.000000
vn 0.048598 0.087397 0.000000
vn 0.056806 0.082298 0.000000
vn 0.056806 0.082298 0.000000
vn 0.064484 0.076432 0.000000
vn 0.064484 0.076432 0.000000
vn 0.071560 0.069851 0.000000
vn 0.071560 0.069851 0.000000
vn 0.077967 0.062619 0.000000
vn 0.077967 0.062619 0.000000
vn 0.083647 0.054801 0.000000
vn 0.083647 0.054801 0.000000
vn 0.088546 0.046472 0.000000
vn 0.088546 0.046472 0.000000
vn 0.092617 0.037709 0.000000
vn 0.092617 0.037709 0.000000
vn 0.095825 0.028595 0.000000
vn 0.095825 0.028595 0.000000
vn 0.098137 0.019213 0.000000
vn 0.098137 0.019213 0.000000
vn -0.099944 0.003359 -0.000000
vn -0.099944 0.003359 -0.000000
vn -0.100000 0.000000 -0.000000
vn -0.100000 0.000000 -0.000000
vn -0.099944 -0.003359 0.000000
vn -0.099944 -0.003359 0.000000
vn -0.099774 -0.006715 0.000000
vn -0.099774 -0.006715 0.000000
vn -0.099492 -0.010063 0.000000
vn -0.099492 -0.010063 0.000000
vn -0.099098 -0.013400 0.000000
vn -0.099098 -0.013400 0.000000
vn -0.098592 -0.016721 0.000000
vn -0.098592 -0.016721 0.000000
vn -0.097975 -0.020024 0.000000
vn -0.097975 -0.020024 0.000000
vn -0.097247 -0.023304 0.000000
vn -0.097247 -0.023304 0.000000
vn -0.096409 -0.026557 0.000000
vn -0.096409 -0.026557 0.000000
vn -0.095462 -0.029781 0.000000
vn -0.095462 -0.029781 0.000000
vn -0.094408 -0.032971 0.000000
vn -0.094408 -0.032971 0.000000
vn -0.093247 -0.036124 0.000000
vn -0.093247 -0.036124 0.000000
vn -0.091981 -0.039236 0.000000
vn -0.091981 -0.039236 0.000000
vn -0.090611 -0.042304 0.000000
vn -0.090611 -0.042304 0.000000
vn -0.089139 -0.045324 0.000000
vn -0.089139 -0.045324 0.000000
vn -0.087566 -0.048293 0.000000
vn -0.087566 -0.048293 0.000000
vn -0.085894 -0.051207 0.000000
vn -0.085894 -0.051207 0.000000
vn -0.084125 -0.054064 0.000000
vn -0.084125 -0.054064 0.000000
vn -0.082262 -0.056860 0.000000
vn -0.082262 -0.056860 0.000000
vn -0.080305 -0.059591 0.000000
vn -0.080305 -0.059591 0.000000
vn -0.078258 -0.062255 0.000000
vn -0.078258 -0.062255 0.000000
vn -0.076122 -0.064849 0.000000
vn -0.076122 -0.064849 0.000000
vn -0.073901 -0.067370 0.000000
vn -0.073901 -0.067370 0.000000
vn -0.071596 -0.069814 0.000000
vn -0.071596 -0.069814 0.000000
vn -0.069210 -0.072180 0.000000
vn -0.069210 -0.072180 0.000000
vn -0.066746 -0.074464 0.000000
vn -0.066746 -0.074464 0.000000
vn -0.064207 -0.076664 0.000000
vn -0.064207 -0.076664 0.000000
vn -0.061596 -0.078778 0.000000
vn -0.061596 -0.078778 0.000000
vn -0.058914 -0.080803 0.000000
vn -0.058914 -0.080803 0.000000
vn -0.056167 -0.082736 0.000000
vn -0.056167 -0.082736 0.000000
vn -0.053356 -0.084577 0.000000
vn -0.053356 -0.084577 0.000000
vn -0.050484 -0.086321 0.000000
vn -0.050484 -0.086321 0.000000
vn -0.047556 -0.087968 0.000000
vn -0.047556 -0.087968 0.000000
vn -0.044574 -0.089516 0.000000
vn -0.044574 -0.089516 0.000000
vn -0.041542 -0.090963 0.000000
vn -0.041542 -0.090963 0.000000
vn -0.038462 -0.092307 0.000000
vn -0.038462 -0.092307 0.000000
vn -0.035340 -0.093547 0.000000
vn -0.035340 -0.093547 0.000000
vn -0.032177 -0.094682 0.000000
vn -0.032177 -0.094682 0.000000
vn -0.028978 -0.095709 0.000000
vn -0.028978 -0.095709 0.000000
vn -0.025747 -0.096629 0.000000
vn -0.025747 -0.096629 0.000000
vn -0.022486 -0.097439 0.000000
vn -0.022486 -0.097439 0.000000
vn -0.019200 -0.098139 0.000000
vn -0.019200 -0.098139 0.000000
vn -0.015892 -0.098729 0.000000
vn -0.015892 -0.098729 0.000000
vn -0.012567 -0.099207 0.000000
vn -0.012567 -0.099207 0.000000
vn -0.009227 -0.099573 0.000000
vn -0.009227 -0.099573 0.000000
vn -0.005877 -0.099827 0.000000
vn -0.005877 -0.099827 0.000000
vn -0.002520 -0.099968 0.000000
vn -0.002520 -0.099968 0.000000
vn 0.000840 -0.099996 0.000000
vn 0.000840 -0.099996 0.000000
vn 0.004199 -0.099912 0.000000
vn 0.004199 -0.099912 0.000000
vn 0.007553 -0.099714 0.000000
vn 0.007553 -0.099714 0.000000
vn 0.010898 -0.099404 0.000000
vn 0.010898 -0.099404 0.000000
vn 0.014231 -0.098982 0.000000
vn 0.014231 -0.098982 0.000000
vn 0.017549 -0.098448 0.000000
vn 0.017549 -0.098448 0.000000
vn 0.020846 -0.097803 0.000000
vn 0.020846 -0.097803 0.000000
vn 0.024120 -0.097048 0.000000
vn 0.024120 -0.097048 0.000000
vn 0.027366 -0.096183 0.000000
vn 0.027366 -0.096183 0.000000
vn 0.030582 -0.095209 0.000000
vn 0.030582 -0.095209 0.000000
vn 0.033763 -0.094128 0.000000
vn 0.033763 -0.094128 0.000000
vn 0.036906 -0.092940 0.000000
vn 0.036906 -0.092940 0.000000
vn 0.040008 -0.091648 0.000000
vn 0.040008 -0.091648 0.000000
vn 0.043064 -0.090253 0.000000
vn 0.043064 -0.090253 0.000000
vn 0.046071 -0.088755 0.000000
vn 0.046071 -0.088755 0.000000
vn 0.049027 -0.087157 0.000000
vn 0.049027 -0.087157 0.000000
vn 0.051927 -0.085461 0.000000
vn 0.051927 -0.085461 0.000000
vn 0.054769 -0.083668 0.000000
vn 0.054769 -0.083668 0.000000
vn 0.057549 -0.081781 0.000000
vn 0.057549 -0.081781 0.000000
vn 0.060263 -0.079802 0.000000
vn 0.060263 -0.079802 0.000000
vn 0.062910 -0.077732 0.000000
vn 0.062910 -0.077732 0.000000
vn 0.065486 -0.075575 0.000000
vn 0.065486 -0.075575 0.000000
vn 0.067988 -0.073332 0.000000
vn 0.067988 -0.073332 0.000000
vn 0.070413 -0.071007 0.000000
vn 0.070413 -0.071007 0.000000
vn 0.072759 -0.068602 0.000000
vn 0.072759 -0.068602 0.000000
vn 0.075022 -0.066119 0.000000
vn 0.075022 -0.066119 0.000000
vn 0.077201 -0.063561 0.000000
vn 0.077201 -0.063561 0.000000
vn 0.079293 -0.060932 0.000000
vn 0.079293 -0.060932 0.000000
vn 0.081295 -0.058234 0.000000
vn 0.081295 -0.058234 0.000000
vn 0.083205 -0.055470 0.000000
vn 0.083205 -0.055470 0.000000
vn 0.085022 -0.052643 0.000000
vn 0.085022 -0.052643 0.000000
vn 0.086742 -0.049757 0.000000
vn 0.086742 -0.049757 0.000000
vn 0.088365 -0.046815 0.000000
vn 0.088365 -0.046815 0.000000
vn 0.089888 -0.043820 0.000000
vn 0.089888 -0.043820 0.000000
vn 0.091309 -0.040776 0.000000
vn 0.091309 -0.040776 0.000000
vn 0.092627 -0.037686 0.000000
vn 0.092627 -0.037686 0.000000
vn 0.093841 -0.034553 0.000000
vn 0.093841 -0.034553 0.000000
vn 0.094949 -0.031381 0.000000
vn 0.094949 -0.031381 0.000000
vn 0.095949 -0.028173 0.000000
vn 0.095949 -0.028173 0.000000
vn 0.096842 -0.024934 0.000000
vn 0.096842 -0.024934 0.000000
vn 0.097625 -0.021667 0.000000
vn 0.097625 -0.021667 0.000000
vn 0.098297 -0.018375 0.000000
vn 0.098297 -0.018375 0.000000
vn 0.098859 -0.015062 0.000000
vn 0.098859 -0.015062 0.000000
vn 0.099309 -0.011733 0.000000
vn 0.099309 -0.011733 0.000000
vn 0.099647 -0.008390 0.000000
vn 0.099647 -0.008390 0.000000
vn 0.099873 -0.005038 0.000000
vn 0.099873 -0.005038 0.000000
vn 0.099986 -0.001680 0.000000
vn 0.099986 -0.001680 0.000000
vn 0.099986 0.001680 0.000000
vn 0.099986 0.001680 0.000000
vn 0.099873 0.005038 0.000000
vn 0.099873 0.005038 0.000000
vn 0.099647 0.008390 0.000000
vn 0.099647 0.008390 0.000000
vn 0.099309 0.011733 0.000000
vn 0.099309 0.011733 0.000000
vn 0.098859 0.015062 0.000000
vn 0.098859 0.015062 0.000000
vn 0.098297 0.018375 0.000000
vn 0.098297 0.018375 0.000000
vn 0.097625 0.021667 0.000000
vn 0.097625 0.021667 0.000000
vn 0.096842 0.024934 0.000000
vn 0.096842 0.024934 0.000000
vn 0.095949 0.028173 0.000000
vn 0.095949 0.028173 0.000000
vn 0.094949 0.031381 0.000000
vn 0.094949 0.031381 0.000000
vn 0.093841 0.034553 0.000000
vn 0.093841 0.034553 0.000000
vn 0.092627 0.037686 0.000000
vn 0.092627 0.037686 0.000000
vn 0.091309 0.040776 0.000000
vn 0.091309 0.040776 0.000000
vn 0.089888 0.043820 0.000000
vn 0.089888 0.043820 0.000000
vn 0.088365 0.046815 0.000000
vn 0.088365 0.046815 0.000000
vn 0.086742 0.049757 0.000000
vn 0.086742 0.049757 0.000000
vn 0.085022 0.052643 0.000000
vn 0.085022 0.052643 0.000000
vn 0.083205 0.055470 0.000000
vn 0.083205 0.055470 0.000000
vn 0.081295 0.058234 0.000000
vn 0.081295 0.058234 0.000000
vn 0.079293 0.060932 0.000000
vn 0.079293 0.060932 0.000000
vn 0.077201 0.063561 0.000000
vn 0.077201 0.063561 0.000000
vn 0.075022 0.066119 0.000000
vn 0.075022 0.066119 0.000000
vn 0.072759 0.068602 0.000000
vn 0.072759 0.068602 0.000000
vn 0.070413 0.071007 0.000000
vn 0.070413 0.071007 0.000000
vn 0.067988 0.073332 0.000000
vn 0.067988 0.073332 0.000000
vn 0.065486 0.075575 0.000000
vn 0.065486 0.075575 0.000000
vn 0.062910 0.077732 0.000000
vn 0.062910 0.077732 0.000000
vn 0.060263 0.079802 0.000000
vn 0.060263 0.079802 0.000000
vn 0.057549 0.081781 0.000000
vn 0.057549 0.081781 0.000000
vn 0.054769 0.083668 0.000000
vn 0.054769 0.083668 0.000000
vn 0.051927 0.085461 0.000000
vn 0.051927 0.085461 0.000000
vn 0.049027 0.087157 0.000000
vn 0.049027 0.087157 0.000000
vn 0.046071 0.088755 0.000000
vn 0.046071 0.088755 0.000000
vn 0.043064 0.090253 0.000000
vn 0.043064 0.090253 0.000000
vn 0.040008 0.091648 0.000000
vn 0.040008 0.091648 0.000000
vn 0.036906 0.092940 0.000000
vn 0.036906 0.092940 0.000000
vn 0.033763 0.094128 0.000000
vn 0.033763 0.094128 0.000000
vn 0.030582 0.095209 0.000000
vn 0.030582 0.095209 0.000000
vn 0.027366 0.096183 0.000000
vn 0.027366 0.096183 0.000000
vn 0.024120 0.097048 0.000000
vn 0.024120 0.097048 0.000000
vn 0.020846 0.097803 0.000000
vn 0.020846 0.097803 0.000000
vn 0.017549 0.098448 0.000000
vn 0.017549 0.098448 0.000000
vn 0.014231 0.098982 0.000000
vn 0.014231 0.098982 0.000000
vn 0.010898 0.099404 0.000000
vn 0.010898 0.099404 0.000000
vn 0.007553 0.099714 0.000000
vn 0.007553 0.099714 0.000000
vn 0.004199 0.099912 0.000000
vn 0.004199 0.099912 0.000000
vn 0.000840 0.099996 0.000000
vn 0.000840 0.099996 0.000000
vn -0.002520 0.099968 -0.000000
vn -0.002520 0.099968 -0.000000
vn -0.005877 0.099827 -0.000000
vn -0.005877 0.099827 -0.000000
vn -0.009227 0.099573 -0.000000
vn -0.009227 0.099573 -0.000000
vn -0.012567 0.099207 -0.000000
vn -0.012567 0.099207 -0.000000
vn -0.015892 0.098729 -0.000000
vn -0.015892 0.098729 -0.000000
vn -0.019200 0.098139 -0.000000
vn -0.019200 0.098139 -0.000000
vn -0.022486 0.097439 -0.000000
vn -0.022486 0.097439 -0.000000
vn -0.025747 0.096629 -0.000000
vn -0.025747 0.096629 -0.000000
vn -0.028978 0.095709 -0.000000
vn -0.028978 0.095709 -0.000000
vn -0.032177 0.094682 -0.000000
vn -0.032177 0.094682 -0.000000
vn -0.035340 0.093547 -0.000000
vn -0.035340 0.093547 -0.000000
vn -0.038462 0.092307 -0.000000
vn -0.038462 0.092307 -0.000000
vn -0.041542 0.090963 -0.000000
vn -0.041542 0.090963 -0.000000
vn -0.044574 0.089516 -0.000000
vn -0.044574 0.089516 -0.000000
vn -0.047556 0.087968 -0.000000
vn -0.047556 0.087968 -0.000000
vn -0.050484 0.086321 -0.000000
vn -0.050484 0.086321 -0.000000
vn -0.053356 0.084577 -0.000000
vn -0.053356 0.084577 -0.000000
vn -0.056167 0.082736 -0.000000
vn -0.056167 0.082736 -0.000000
vn -0.058914 0.080803 -0.000000
vn -0.058914 0.080803 -0.000000
vn -0.061596 0.078778 -0.000000
vn -0.061596 0.078778 -0.000000
vn -0.064207 0.076664 -0.000000
vn -0.064207 0.076664 -0.000000
vn -0.066746 0.074464 -0.000000
vn -0.066746 0.074464 -0.000000
vn -0.069210 0.072180 -0.000000
vn -0.069210 0.072180 -0.000000
vn -0.071596 0.069814 -0.000000
vn -0.071596 0.069814 -0.000000
vn -0.073901 0.067370 -0.000000
vn -0.073901 0.067370 -0.000000
vn -0.076122 0.064849 -0.000000
vn -0.076122 0.064849 -0.000000
vn -0.078258 0.062255 -0.000000
vn -0.078258 0.062255 -0.000000
vn -0.080305 0.059591 -0.000000
vn -0.080305 0.059591 -0.000000
vn -0.082262 0.056860 -0.000000
vn -0.082262 0.056860 -0.000000
vn -0.084125 0.054064 -0.000000
vn -0.084125 0.054064 -0.000000
vn -0.085894 0.051207 -0.000000
vn -0.085894 0.051207 -0.000000
vn -0.087566 0.048293 -0.000000
vn -0.087566 0.048293 -0.000000
vn -0.089139 0.045324 -0.000000
vn -0.089139 0.045324 -0.000000
vn -0.090611 0.042304 -0.000000
vn -0.090611 0.042304 -0.000000
vn -0.091981 0.039236 -0.000000
vn -0.091981 0.039236 -0.000000
vn -0.093247 0.036124 -0.000000
vn -0.093247 0.036124 -0.000000
vn -0.094408 0.032971 -0.000000
vn -0.094408 0.032971 -0.000000
vn -0.095462 0.029781 -0.000000
vn -0.095462 0.029781 -0.000000
vn -0.096409 0.026557 -0.000000
vn -0.096409 0.026557 -0.000000
vn -0.097247 0.023304 -0.000000
vn -0.097247 0.023304 -0.000000
vn -0.097975 0.020024 -0.000000
vn -0.097975 0.020024 -0.000000
vn -0.098592 0.016721 -0.000000
vn -0.098592 0.016721 -0.000000
vn -0.099098 0.013400 -0.000000
vn -0.099098 0.013400 -0.000000
vn -0.099492 0.010063 -0.000000
vn -0.099492 0.010063 -0.000000
vn -0.099774 0.006715 -0.000000
vn -0.099774 0.006715 -0.000000
vn -0.000000 0.000000 -0.100000
vn -0.000000 0.000000 -0.100000
vn -0.000000 0.000000 -0.100000
vn -0.000000 0.000000 -0.100000
vn -0.000000 0.000000 -0.100000
vn -0.000000 0.000000 -0.100000
vn -0.000000 0.000000 -0.100000
vn -0.000000 0.000000 -0.100000
vn -0.000000 0.000000 -0.100000
vn -0.000000 0.000000 -0.100000
vn -0.000000 0.000000 -0.100000
vn -0.000000 0.000000 -0.100000
vn -0.000000 0.000000 -0.100000
vn -0.000000 0.000000 -0.100000
vn -0.000000 0.000000 -0.100000
vn -0.000000 0.000000 -0.100000
vn -0.000000 0.000000 -0.100000
vn -0.000000 0.000000 -0.100000
vn -0.000000 0.000000 -0.100000
vn -0.000000 0.000000 -0.100000
vn -0.000000 0.000000 -0.100000
vn -0.000000 0.000000 -0.100000
vn -0.000000 0.000000 -0.100000
vn -0.000000 0.000000 -0.100000
vn -0.000000 0.000000 -0.100000
vn -0.000000 0.000000 -0.100000
vn -0.000000 0.000000 -0.100000
vn -0.000000 0.000000 -0.100000
vn -0.000000 0.000000 -0.100000
vn -0.000000 0.000000 -0.100000
vn -0.000000 0.000000 -0.100000
vn -0.000000 0.000000 -0.100000
vn -0.000000 0.000000 -0.100000
vn -0.000000 0.000000 -0.100000
vn -0.000000 0.000000 -0.100000
vn -0.000000 0.000000 -0.100000
vn -0.000000 0.000000 -0.100000
vn -0.000000 0.000000 -0.100000
vn -0.000000 0.000000 -0.100000
vn -0.000000 0.000000 -0.100000
vn -0.000000 0.000000 -0.100000
vn -0.000000 0.000000 -0.100000
vn -0.000000 0.000000 -0.100000
vn -0.000000 0.000000 -0.100000
vn -0.000000 0.000000 -0.100000
vn -0.000000 0.000000 -0.100000
vn -0.000000 0.000000 -0.100000
vn -0.000000 0.000000 -0.100000
vn -0.000000 0.000000 -0.100000
vn -0.000000 0.000000 -0.100000
vn -0.000000 0.000000 -0.100000
vn -0.000000 0.000000 -0.100000
vn -0.000000 0.000000 -0.100000
vn -0.000000 0.000000 -0.100000
vn -0.000000 0.000000 -0.100000
vn -0.000000 0.000000 -0.100000
vn -0.000000 0.000000 -0.100000
vn -0.000000 0.000000 -0.100000
vn -0.000000 0.000000 -0.100000
vn -0.000000 0.000000 -0.100000
vn -0.000000 0.000000 -0.100000
vn -0.000000 0.000000 -0.100000
vn -0.000000 0.000000 -0.100000
vn -0.000000 0.000000 -0.100000
vn -0.000000 0.000000 -0.100000
vn -0.000000 0.000000 -0.100000
vn -0.000000 0.000000 -0.100000
vn -0.000000 0.000000 -0.100000
vn -0.000000 0.000000 -0.100000
vn -0.000000 0.000000 -0.100000
vn -0.000000 0.000000 -0.100000
vn -0.000000 0.000000 -0.100000
vn -0.000000 0.000000 -0.100000
vn -0.000000 0.000000 -0.100000
vn -0.000000 0.000000 -0.100000
vn -0.000000 0.000000 -0.100000
vn -0.000000 0.000000 -0.100000
vn -0.000000 0.000000 -0.100000
vn -0.000000 0.000000 -0.100000
vn -0.000000 0.000000 -0.100000
vn -0.000000 0.000000 -0.100000
vn -0.000000 0.000000 -0.100000
vn -0.000000 0.000000 -0.100000
vn -0.000000 0.000000 -0.100000
vn -0.000000 0.000000 -0.100000
vn -0.000000 0.000000 -0.100000
vn -0.000000 0.000000 -0.100000
vn -0.000000 0.000000 -0.100000
vn -0.000000 0.000000 -0.100000
vn -0.000000 0.000000 -0.100000
vn -0.000000 0.000000 -0.100000
vn -0.000000 0.000000 -0.100000
vn -0.000000 0.000000 -0.100000
vn -0.000000 0.000000 -0.100000
vn -0.000000 0.000000 -0.100000
vn -0.000000 0.000000 -0.100000
vn -0.000000 0.000000 -0.100000
vn -0.000000 0.000000 -0.100000
vn -0.000000 0.000000 -0.100000
vn -0.000000 0.000000 -0.100000
vn -0.000000 0.000000 -0.100000
vn -0.000000 0.000000 -0.100000
vn -0.000000 0.000000 -0.100000
vn -0.000000 0.000000 -0.100000
vn -0.000000 0.000000 -0.100000
vn -0.000000 0.000000 -0.100000
vn -0.000000 0.000000 -0.100000
vn -0.000000 0.000000 -0.100000
vn -0.000000 0.000000 -0.100000
vn -0.000000 0.000000 -0.100000
vn -0.000000 0.000000 -0.100000
vn -0.000000 0.000000 -0.100000
vn -0.000000 0.000000 -0.100000
vn -0.000000 0.000000 -0.100000
vn -0.000000 0.000000 -0.100000
vn -0.000000 0.000000 -0.100000
vn -0.000000 0.000000 -0.100000
vn -0.000000 0.000000 -0.100000
vn -0.000000 0.000000 -0.100000
vn -0.000000 0.000000 -0.100000
vn -0.000000 0.000000 -0.100000
vn -0.000000 0.000000 -0.100000
vn -0.000000 0.000000 -0.100000
vn -0.000000 0.000000 -0.100000
vn -0.000000 0.000000 -0.100000
vn -0.000000 0.000000 -0.100000
vn -0.000000 0.000000 -0.100000
vn -0.000000 0.000000 -0.100000
vn -0.000000 0.000000 -0.100000
vn -0.000000 0.000000 -0.100000
vn -0.000000 0.000000 -0.100000
vn -0.000000 0.000000 -0.100000
vn -0.000000 0.000000 -0.100000
vn -0.000000 0.000000 -0.100000
vn -0.000000 0.000000 -0.100000
vn -0.000000 0.000000 -0.100000
vn -0.000000 0.000000 -0.100000
vn -0.000000 0.000000 -0.100000
vn -0.000000 0.000000 -0.100000
vn -0.000000 0.000000 -0.100000
vn -0.000000 0.000000 -0.100000
vn -0.000000 0.000000 -0.100000
vn -0.000000 0.000000 -0.100000
vn -0.000000 0.000000 -0.100000
vn -0.000000 0.000000 -0.100000
vn -0.000000 0.000000 -0.100000
vn -0.000000 0.000000 -0.100000
vn -0.000000 0.000000 -0.100000
vn -0.000000 0.000000 -0.100000
vn -0.000000 0.000000 -0.100000
vn -0.000000 0.000000 -0.100000
vn -0.000000 0.000000 -0.100000
vn -0.000000 0.000000 -0.100000
vn -0.000000 0.000000 -0.100000
vn -0.000000 0.000000 -0.100000
vn -0.000000 0.000000 -0.100000
vn -0.000000 0.000000 -0.100000
vn -0.000000 0.000000 -0.100000
vn -0.000000 0.000000 -0.100000
vn -0.000000 0.000000 -0.100000
vn -0.000000 0.000000 -0.100000
vn -0.000000 0.000000 -0.100000
vn -0.000000 0.000000 -0.100000
vn -0.000000 0.000000 -0.100000
vn -0.000000 0.000000 -0.100000
vn -0.000000 0.000000 -0.100000
vn -0.000000 0.000000 -0.100000
vn -0.000000 0.000000 -0.100000
vn -0.000000 0.000000 -0.100000
vn -0.000000 0.000000 -0.100000
vn -0.000000 0.000000 -0.100000
vn -0.000000 0.000000 -0.100000
vn -0.000000 0.000000 -0.100000
vn -0.000000 0.000000 -0.100000
vn -0.000000 0.000000 -0.100000
vn -0.000000 0.000000 -0.100000
vn -0.000000 0.000000 -0.100000
vn -0.000000 0.000000 -0.100000
vn -0.000000 0.000000 -0.100000
vn -0.000000 0.000000 -0.100000
vn -0.000000 0.000000 -0.100000
vn -0.000000 0.000000 -0.100000
vn -0.000000 0.000000 -0.100000
vn -0.000000 0.000000 -0.100000
vn -0.000000 0.000000 -0.100000
vn -0.000000 0.000000 -0.100000
vn -0.000000 0.000000 -0.100000
vn -0.000000 0.000000 -0.100000
vn -0.000000 0.000000 -0.100000
vn -0.000000 0.000000 -0.100000
vn -0.000000 0.000000 -0.100000
vn -0.000000 0.000000 -0.100000
vn -0.000000 0.000000 -0.100000
vn -0.000000 0.000000 -0.100000
vn -0.000000 0.000000 -0.100000
vn -0.000000 0.000000 -0.100000
vn -0.000000 0.000000 -0.100000
vn -0.000000 0.000000 -0.100000
vn -0.000000 0.000000 -0.100000
vn -0.000000 0.000000 -0.100000
vn -0.000000 0.000000 -0.100000
vn -0.000000 0.000000 -0.100000
vn -0.000000 0.000000 -0.100000
vn -0.000000 0.000000 -0.100000
vn -0.000000 0.000000 -0.100000
vn -0.000000 0.000000 -0.100000
vn -0.000000 0.000000 -0.100000
vn -0.000000 0.000000 -0.100000
vn -0.000000 0.000000 -0.100000
vn -0.000000 0.000000 -0.100000
vn -0.000000 0.000000 -0.100000
vn -0.000000 0.000000 -0.100000
vn -0.000000 0.000000 -0.100000
vn -0.000000 0.000000 -0.100000
vn -0.000000 0.000000 -0.100000
vn -0.000000 0.000000 -0.100000
vn -0.000000 0.000000 -0.100000
vn -0.000000 0.000000 -0.100000
vn -0.000000 0.000000 -0.100000
vn -0.000000 0.000000 -0.100000
vn -0.000000 0.000000 -0.100000
vn -0.000000 0.000000 -0.100000
vn -0.000000 0.000000 -0.100000
vn -0.000000 0.000000 -0.100000
vn -0.000000 0.000000 -0.100000
vn -0.000000 0.000000 -0.100000
vn -0.000000 0.000000 -0.100000
vn -0.000000 0.000000 -0.100000
vn -0.000000 0.000000 -0.100000
vn -0.000000 0.000000 -0.100000
vn -0.000000 0.000000 -0.100000
vn -0.000000 0.000000 -0.100000
vn -0.000000 0.000000 -0.100000
vn -0.000000 0.000000 -0.100000
vn -0.000000 0.000000 -0.100000
vn -0.000000 0.000000 -0.100000
vn -0.000000 0.000000 -0.100000
vn -0.000000 0.000000 -0.100000
vn -0.000000 0.000000 -0.100000
vn -0.000000 0.000000 -0.100000
vn -0.000000 0.000000 -0.100000
vn -0.000000 0.000000 -0.100000
vn -0.000000 0.000000 -0.100000
vn -0.000000 0.000000 -0.100000
vn -0.000000 0.000000 -0.100000
vn -0.000000 0.000000 -0.100000
vn -0.000000 0.000000 -0.100000
vn -0.000000 0.000000 -0.100000
vn -0.000000 0.000000 -0.100000
vn -0.000000 0.000000 -0.100000
vn -0.000000 0.000000 -0.100000
vn -0.000000 0.000000 -0.100000
vn -0.000000 0.000000 -0.100000
vn -0.000000 0.000000 -0.100000
vn -0.000000 0.000000 -0.100000
vn -0.000000 0.000000 -0.100000
vn -0.000000 0.000000 -0.100000
vn -0.000000 0.000000 -0.100000
vn -0.000000 0.000000 -0.100000
vn -0.000000 0.000000 -0.100000
vn -0.000000 0.000000 -0.100000
vn -0.000000 0.000000 -0.100000
vn -0.000000 0.000000 -0.100000
vn -0.000000 0.000000 -0.100000
vn -0.000000 0.000000 -0.100000
vn -0.000000 0.000000 -0.100000
vn -0.000000 0.000000 -0.100000
vn -0.000000 0.000000 -0.100000
vn -0.000000 0.000000 -0.100000
vn -0.000000 0.000000 -0.100000
vn -0.000000 0.000000 -0.100000
vn -0.000000 0.000000 -0.100000
vn -0.000000 0.000000 -0.100000
vn -0.000000 0.000000 -0.100000
vn -0.000000 0.000000 -0.100000
vn -0.000000 0.000000 -0.100000
vn -0.000000 0.000000 -0.100000
vn -0.000000 0.000000 -0.100000
vn -0.000000 0.000000 -0.100000
vn -0.000000 0.000000 -0.100000
vn -0.000000 0.000000 -0.100000
vn -0.000000 0.000000 -0.100000
vn -0.000000 0.000000 -0.100000
vn -0.000000 0.000000 -0.100000
vn -0.000000 0.000000 -0.100000
vn -0.000000 0.000000 -0.100000
vn -0.000000 0.000000 -0.100000
vn -0.000000 0.000000 -0.100000
vn -0.000000 0.000000 -0.100000
vn -0.000000 0.000000 -0.100000
vn -0.000000 0.000000 -0.100000
vn -0.000000 0.000000 -0.100000
vn -0.000000 0.000000 -0.100000
vn -0.000000 0.000000 -0.100000
vn -0.000000 0.000000 -0.100000
vn -0.000000 0.000000 -0.100000
vn -0.000000 0.000000 -0.100000
vn -0.000000 0.000000 -0.100000
vn -0.000000 0.000000 -0.100000
vn -0.000000 0.000000 -0.100000
vn -0.000000 0.000000 -0.100000
vn -0.000000 0.000000 -0.100000
vn -0.000000 0.000000 -0.100000
vn -0.000000 0.000000 -0.100000
vn -0.000000 0.000000 -0.100000
vn -0.000000 0.000000 -0.100000
vn -0.000000 0.000000 -0.100000
vn -0.000000 0.000000 -0.100000
vn -0.000000 0.000000 -0.100000
vn -0.000000 0.000000 -0.100000
vn -0.000000 0.000000 -0.100000
vn -0.000000 0.000000 -0.100000
vn -0.000000 0.000000 -0.100000
vn -0.000000 0.000000 -0.100000
vn -0.000000 0.000000 -0.100000
vn -0.000000 0.000000 -0.100000
vn -0.000000 0.000000 -0.100000
vn -0.000000 0.000000 -0.100000
vn -0.000000 0.000000 -0.100000
vn -0.000000 0.000000 -0.100000
vn -0.000000 0.000000 -0.100000
vn -0.000000 0.000000 -0.100000
vn -0.000000 0.000000 -0.100000
vn -0.000000 0.000000 -0.100000
vn -0.000000 0.000000 -0.100000
vn -0.000000 0.000000 -0.100000
vn -0.000000 0.000000 -0.100000
vn -0.000000 0.000000 -0.100000
vn -0.000000 0.000000 -0.100000
vn -0.000000 0.000000 -0.100000
vn -0.000000 0.000000 -0.100000
vn -0.000000 0.000000 -0.100000
vn -0.000000 0.000000 -0.100000
vn -0.000000 0.000000 -0.100000
vn -0.000000 0.000000 -0.100000
vn -0.000000 0.000000 -0.100000
vn -0.000000 0.000000 -0.100000
vn -0.000000 0.000000 -0.100000
vn -0.000000 0.000000 -0.100000
vn -0.000000 0.000000 -0.100000
vn -0.000000 0.000000 -0.100000
vn -0.000000 0.000000 -0.100000
vn -0.000000 0.000000 -0.100000
vn -0.000000 0.000000 -0.100000
vn -0.000000 0.000000 -0.100000
vn -0.000000 0.000000 -0.100000
vn -0.000000 0.000000 -0.100000
vn -0.000000 0.000000 -0.100000
vn -0.000000 0.000000 -0.100000
vn -0.000000 0.000000 -0.100000
vn -0.000000 0.000000 -0.100000
vn -0.000000 0.000000 -0.100000
vn -0.000000 0.000000 -0.100000
vn -0.000000 0.000000 -0.100000
vn -0.000000 0.000000 -0.100000
vn -0.000000 0.000000 -0.100000
vn -0.000000 0.000000 -0.100000
vn -0.000000 0.000000 -0.100000
vn -0.000000 0.000000 -0.100000
vn -0.000000 0.000000 -0.100000
vn -0.000000 0.000000 -0.100000
vn -0.000000 0.000000 -0.100000
vn -0.000000 0.000000 -0.100000
vn -0.000000 0.000000 -0.100000
vn -0.000000 0.000000 -0.100000
vn -0.000000 0.000000 -0.100000
vn -0.000000 0.000000 -0.100000
vn -0.000000 0.000000 -0.100000
vn -0.000000 0.000000 -0.100000
vn -0.000000 0.000000 -0.100000
vn -0.000000 0.000000 -0.100000
vn -0.000000 0.000000 -0.100000
vn -0.000000 0.000000 -0.100000
vn -0.000000 0.000000 -0.100000
vn -0.000000 0.000000 -0.100000
vn -0.000000 0.000000 -0.100000
vn -0.000000 0.000000 -0.100000
vn -0.000000 0.000000 -0.100000
vn -0.000000 0.000000 -0.100000
vn -0.000000 0.000000 -0.100000
vn -0.000000 0.000000 -0.100000
vn -0.000000 0.000000 -0.100000
vn -0.000000 0.000000 -0.100000
vn -0.000000 0.000000 -0.100000
vn -0.000000 0.000000 -0.100000
vn -0.000000 0.000000 -0.100000
vn -0.000000 0.000000 -0.100000
vn -0.000000 0.000000 -0.100000
vn -0.000000 0.000000 -0.100000
vn -0.000000 0.000000 -0.100000
vn -0.000000 0.000000 -0.100000
vn -0.000000 0.000000 -0.100000
vn -0.000000 0.000000 -0.100000
vn -0.000000 0.000000 -0.100000
vn -0.000000 0.000000 -0.100000
vn -0.000000 0.000000 -0.100000
vn -0.000000 0.000000 -0.100000
vn -0.000000 0.000000 -0.100000
vn -0.000000 0.000000 -0.100000
vn -0.000000 0.000000 -0.100000
vn -0.000000 0.000000 -0.100000
vn -0.000000 0.000000 -0.100000
vn -0.000000 0.000000 -0.100000
vn -0.000000 0.000000 -0.100000
vn -0.000000 0.000000 -0.100000
vn -0.000000 0.000000 -0.100000
vn -0.000000 0.000000 -0.100000
vn -0.000000 0.000000 -0.100000
vn -0.000000 0.000000 -0.100000
vn -0.000000 0.000000 -0.100000
vn -0.000000 0.000000 -0.100000
vn -0.000000 0.000000 -0.100000
vn -0.000000 0.000000 -0.100000
vn -0.000000 0.000000 -0.100000
vn -0.000000 0.000000 -0.100000
vn -0.000000 0.000000 -0.100000
vn -0.000000 0.000000 -0.100000
vn -0.000000 0.000000 -0.100000
vn -0.000000 0.000000 -0.100000
vn -0.000000 0.000000 -0.100000
vn -0.000000 0.000000 -0.100000
vn -0.000000 0.000000 -0.100000
vn -0.000000 0.000000 -0.100000
vn -0.000000 0.000000 -0.100000
vn -0.000000 0.000000 -0.100000
vn -0.000000 0.000000 -0.100000
vn -0.000000 0.000000 -0.100000
vn -0.000000 0.000000 -0.100000
vn -0.000000 0.000000 -0.100000
vn -0.000000 0.000000 -0.100000
vn -0.000000 0.000000 -0.100000
vn -0.000000 0.000000 -0.100000
vn -0.000000 0.000000 -0.100000
vn -0.000000 0.000000 -0.100000
vn -0.000000 0.000000 -0.100000
vn -0.000000 0.000000 -0.100000
vn -0.000000 0.000000 -0.100000
vn -0.000000 0.000000 -0.100000
vn -0.000000 0.000000 -0.100000
vn -0.000000 0.000000 -0.100000
vn -0.000000 0.000000 -0.100000
vn -0.000000 0.000000 -0.100000
vn -0.000000 0.000000 -0.100000
vn -0.000000 0.000000 -0.100000
vn -0.000000 0.000000 -0.100000
vn -0.000000 0.000000 -0.100000
vn -0.000000 0.000000 -0.100000
vn 0.000000 -0.000000 0.100000
vn 0.000000 -0.000000 0.100000
vn 0.000000 -0.000000 0.100000
vn 0.000000 -0.000000 0.100000
vn 0.000000 -0.000000 0.100000
vn 0.000000 -0.000000 0.100000
vn 0.000000 -0.000000 0.100000
vn 0.000000 -0.000000 0.100000
vn 0.000000 -0.000000 0.100000
vn 0.000000 -0.000000 0.100000
vn 0.000000 -0.000000 0.100000
vn 0.000000 -0.000000 0.100000
vn 0.000000 -0.000000 0.100000
vn 0.000000 -0.000000 0.100000
vn 0.000000 -0.000000 0.100000
vn 0.000000 -0.000000 0.100000
vn 0.000000 -0.000000 0.100000
vn 0.000000 -0.000000 0.100000
vn 0.000000 -0.000000 0.100000
vn 0.000000 -0.000000 0.100000
vn 0.000000 -0.000000 0.100000
vn 0.000000 -0.000000 0.100000
vn 0.000000 -0.000000 0.100000
vn 0.000000 -0.000000 0.100000
vn 0.000000 -0.000000 0.100000
vn 0.000000 -0.000000 0.100000
vn 0.000000 -0.000000 0.100000
vn 0.000000 -0.000000 0.100000
vn 0.000000 -0.000000 0.100000
vn 0.000000 -0.000000 0.100000
vn 0.000000 -0.000000 0.100000
vn 0.000000 -0.000000 0.100000
vn 0.000000 -0.000000 0.100000
vn 0.000000 -0.000000 0.100000
vn 0.000000 -0.000000 0.100000
vn 0.000000 -0.000000 0.100000
vn 0.000000 -0.000000 0.100000
vn 0.000000 -0.000000 0.100000
vn 0.000000 -0.000000 0.100000
vn 0.000000 -0.000000 0.100000
vn 0.000000 -0.000000 0.100000
vn 0.000000 -0.000000 0.100000
vn 0.000000 -0.000000 0.100000
vn 0.000000 -0.000000 0.100000
vn 0.000000 -0.000000 0.100000
vn 0.000000 -0.000000 0.100000
vn 0.000000 -0.000000 0.100000
vn 0.000000 -0.000000 0.100000
vn 0.000000 -0.000000 0.100000
vn 0.000000 -0.000000 0.100000
vn 0.000000 -0.000000 0.100000
vn 0.000000 -0.000000 0.100000
vn 0.000000 -0.000000 0.100000
vn 0.000000 -0.000000 0.100000
vn 0.000000 -0.000000 0.100000
vn 0.000000 -0.000000 0.100000
vn 0.000000 -0.000000 0.100000
vn 0.000000 -0.000000 0.100000
vn 0.000000 -0.000000 0.100000
vn 0.000000 -0.000000 0.100000
vn 0.000000 -0.000000 0.100000
vn 0.000000 -0.000000 0.100000
vn 0.000000 -0.000000 0.100000
vn 0.000000 -0.000000 0.100000
vn 0.000000 -0.000000 0.100000
vn 0.000000 -0.000000 0.100000
vn 0.000000 -0.000000 0.100000
vn 0.000000 -0.000000 0.100000
vn 0.000000 -0.000000 0.100000
vn 0.000000 -0.000000 0.100000
vn 0.000000 -0.000000 0.100000
vn 0.000000 -0.000000 0.100000
vn 0.000000 -0.000000 0.100000
vn 0.000000 -0.000000 0.100000
vn 0.000000 -0.000000 0.100000
vn 0.000000 -0.000000 0.100000
vn 0.000000 -0.000000 0.100000
vn 0.000000 -0.000000 0.100000
vn 0.000000 -0.000000 0.100000
vn 0.000000 -0.000000 0.100000
vn 0.000000 -0.000000 0.100000
vn 0.000000 -0.000000 0.100000
vn 0.000000 -0.000000 0.100000
vn 0.000000 -0.000000 0.100000
vn 0.000000 -0.000000 0.100000
vn 0.000000 -0.000000 0.100000
vn 0.000000 -0.000000 0.100000
vn 0.000000 -0.000000 0.100000
vn 0.000000 -0.000000 0.100000
vn 0.000000 -0.000000 0.100000
vn 0.000000 -0.000000 0.100000
vn 0.000000 -0.000000 0.100000
vn 0.000000 -0.000000 0.100000
vn 0.000000 -0.000000 0.100000
vn 0.000000 -0.000000 0.100000
vn 0.000000 -0.000000 0.100000
vn 0.000000 -0.000000 0.100000
vn 0.000000 -0.000000 0.100000
vn 0.000000 -0.000000 0.100000
vn 0.000000 -0.000000 0.100000
vn 0.000000 -0.000000 0.100000
vn 0.000000 -0.000000 0.100000
vn 0.000000 -0.000000 0.100000
vn 0.000000 -0.000000 0.100000
vn 0.000000 -0.000000 0.100000
vn 0.000000 -0.000000 0.100000
vn 0.000000 -0.000000 0.100000
vn 0.000000 -0.000000 0.100000
vn 0.000000 -0.000000 0.100000
vn 0.000000 -0.000000 0.100000
vn 0.000000 -0.000000 0.100000
vn 0.000000 -0.000000 0.100000
vn 0.000000 -0.000000 0.100000
vn 0.000000 -0.000000 0.100000
vn 0.000000 -0.000000 0.100000
vn 0.000000 -0.000000 0.100000
vn 0.000000 -0.000000 0.100000
vn 0.000000 -0.000000 0.100000
vn 0.000000 -0.000000 0.100000
vn 0.000000 -0.000000 0.100000
vn 0.000000 -0.000000 0.100000
vn 0.000000 -0.000000 0.100000
vn 0.000000 -0.000000 0.100000
vn 0.000000 -0.000000 0.100000
vn 0.000000 -0.000000 0.100000
vn 0.000000 -0.000000 0.100000
vn 0.000000 -0.000000 0.100000
vn 0.000000 -0.000000 0.100000
vn 0.000000 -0.000000 0.100000
vn 0.000000 -0.000000 0.100000
vn 0.000000 -0.000000 0.100000
vn 0.000000 -0.000000 0.100000
vn 0.000000 -0.000000 0.100000
vn 0.000000 -0.000000 0.100000
vn 0.000000 -0.000000 0.100000
vn 0.000000 -0.000000 0.100000
vn 0.000000 -0.000000 0.100000
vn 0.000000 -0.000000 0.100000
vn 0.000000 -0.000000 0.100000
vn 0.000000 -0.000000 0.100000
vn 0.000000 -0.000000 0.100000
vn 0.000000 -0.000000 0.100000
vn 0.000000 -0.000000 0.100000
vn 0.000000 -0.000000 0.100000
vn 0.000000 -0.000000 0.100000
vn 0.000000 -0.000000 0.100000
vn 0.000000 -0.000000 0.100000
vn 0.000000 -0.000000 0.100000
vn 0.000000 -0.000000 0.100000
vn 0.000000 -0.000000 0.100000
vn 0.000000 -0.000000 0.100000
vn 0.000000 -0.000000 0.100000
vn 0.000000 -0.000000 0.100000
vn 0.000000 -0.000000 0.100000
vn 0.000000 -0.000000 0.100000
vn 0.000000 -0.000000 0.100000
vn 0.000000 -0.000000 0.100000
vn 0.000000 -0.000000 0.100000
vn 0.000000 -0.000000 0.100000
vn 0.000000 -0.000000 0.100000
vn 0.000000 -0.000000 0.100000
vn 0.000000 -0.000000 0.100000
vn 0.000000 -0.000000 0.100000
vn 0.000000 -0.000000 0.100000
vn 0.000000 -0.000000 0.100000
vn 0.000000 -0.000000 0.100000
vn 0.000000 -0.000000 0.100000
vn 0.000000 -0.000000 0.100000
vn 0.000000 -0.000000 0.100000
vn 0.000000 -0.000000 0.100000
vn 0.000000 -0.000000 0.100000
vn 0.000000 -0.000000 0.100000
vn 0.000000 -0.000000 0.100000
vn 0.000000 -0.000000 0.100000
vn 0.000000 -0.000000 0.100000
vn 0.000000 -0.000000 0.100000
vn 0.000000 -0.000000 0.100000
vn 0.000000 -0.000000 0.100000
vn 0.000000 -0.000000 0.100000
vn 0.000000 -0.000000 0.100000
vn 0.000000 -0.000000 0.100000
vn 0.000000 -0.000000 0.100000
vn 0.000000 -0.000000 0.100000
vn 0.000000 -0.000000 0.100000
vn 0.000000 -0.000000 0.100000
vn 0.000000 -0.000000 0.100000
vn 0.000000 -0.000000 0.100000
vn 0.000000 -0.000000 0.100000
vn 0.000000 -0.000000 0.100000
vn 0.000000 -0.000000 0.100000
vn 0.000000 -0.000000 0.100000
vn 0.000000 -0.000000 0.100000
vn 0.000000 -0.000000 0.100000
vn 0.000000 -0.000000 0.100000
vn 0.000000 -0.000000 0.100000
vn 0.000000 -0.000000 0.100000
vn 0.000000 -0.000000 0.100000
vn 0.000000 -0.000000 0.100000
vn 0.000000 -0.000000 0.100000
vn 0.000000 -0.000000 0.100000
vn 0.000000 -0.000000 0.100000
vn 0.000000 -0.000000 0.100000
vn 0.000000 -0.000000 0.100000
vn 0.000000 -0.000000 0.100000
vn 0.000000 -0.000000 0.100000
vn 0.000000 -0.000000 0.100000
vn 0.000000 -0.000000 0.100000
vn 0.000000 -0.000000 0.100000
vn 0.000000 -0.000000 0.100000
vn 0.000000 -0.000000 0.100000
vn 0.000000 -0.000000 0.100000
vn 0.000000 -0.000000 0.100000
vn 0.000000 -0.000000 0.100000
vn 0.000000 -0.000000 0.100000
vn 0.000000 -0.000000 0.100000
vn 0.000000 -0.000000 0.100000
vn 0.000000 -0.000000 0.100000
vn 0.000000 -0.000000 0.100000
vn 0.000000 -0.000000 0.100000
vn 0.000000 -0.000000 0.100000
vn 0.000000 -0.000000 0.100000
vn 0.000000 -0.000000 0.100000
vn 0.000000 -0.000000 0.100000
vn 0.000000 -0.000000 0.100000
vn 0.000000 -0.000000 0.100000
vn 0.000000 -0.000000 0.100000
vn 0.000000 -0.000000 0.100000
vn 0.000000 -0.000000 0.100000
vn 0.000000 -0.000000 0.100000
vn 0.000000 -0.000000 0.100000
vn 0.000000 -0.000000 0.100000
vn 0.000000 -0.000000 0.100000
vn 0.000000 -0.000000 0.100000
vn 0.000000 -0.000000 0.100000
vn 0.000000 -0.000000 0.100000
vn 0.000000 -0.000000 0.100000
vn 0.000000 -0.000000 0.100000
vn 0.000000 -0.000000 0.100000
vn 0.000000 -0.000000 0.100000
vn 0.000000 -0.000000 0.100000
vn 0.000000 -0.000000 0.100000
vn 0.000000 -0.000000 0.100000
vn 0.000000 -0.000000 0.100000
vn 0.000000 -0.000000 0.100000
vn 0.000000 -0.000000 0.100000
vn 0.000000 -0.000000 0.100000
vn 0.000000 -0.000000 0.100000
vn 0.000000 -0.000000 0.100000
vn 0.000000 -0.000000 0.100000
vn 0.000000 -0.000000 0.100000
vn 0.000000 -0.000000 0.100000
vn 0.000000 -0.000000 0.100000
vn 0.000000 -0.000000 0.100000
vn 0.000000 -0.000000 0.100000
vn 0.000000 -0.000000 0.100000
vn 0.000000 -0.000000 0.100000
vn 0.000000 -0.000000 0.100000
vn 0.000000 -0.000000 0.100000
vn 0.000000 -0.000000 0.100000
vn 0.000000 -0.000000 0.100000
vn 0.000000 -0.000000 0.100000
vn 0.000000 -0.000000 0.100000
vn 0.000000 -0.000000 0.100000
vn 0.000000 -0.000000 0.100000
vn 0.000000 -0.000000 0.100000
vn 0.000000 -0.000000 0.100000
vn 0.000000 -0.000000 0.100000
vn 0.000000 -0.000000 0.100000
vn 0.000000 -0.000000 0.100000
vn 0.000000 -0.000000 0.100000
vn 0.000000 -0.000000 0.100000
vn 0.000000 -0.000000 0.100000
vn 0.000000 -0.000000 0.100000
vn 0.000000 -0.000000 0.100000
vn 0.000000 -0.000000 0.100000
vn 0.000000 -0.000000 0.100000
vn 0.000000 -0.000000 0.100000
vn 0.000000 -0.000000 0.100000
vn 0.000000 -0.000000 0.100000
vn 0.000000 -0.000000 0.100000
vn 0.000000 -0.000000 0.100000
vn 0.000000 -0.000000 0.100000
vn 0.000000 -0.000000 0.100000
vn 0.000000 -0.000000 0.100000
vn 0.000000 -0.000000 0.100000
vn 0.000000 -0.000000 0.100000
vn 0.000000 -0.000000 0.100000
vn 0.000000 -0.000000 0.100000
vn 0.000000 -0.000000 0.100000
vn 0.000000 -0.000000 0.100000
vn 0.000000 -0.000000 0.100000
vn 0.000000 -0.000000 0.100000
vn 0.000000 -0.000000 0.100000
vn 0.000000 -0.000000 0.100000
vn 0.000000 -0.000000 0.100000
vn 0.000000 -0.000000 0.100000
vn 0.000000 -0.000000 0.100000
vn 0.000000 -0.000000 0.100000
vn 0.000000 -0.000000 0.100000
vn 0.000000 -0.000000 0.100000
vn 0.000000 -0.000000 0.100000
vn 0.000000 -0.000000 0.100000
vn 0.000000 -0.000000 0.100000
vn 0.000000 -0.000000 0.100000
vn 0.000000 -0.000000 0.100000
vn 0.000000 -0.000000 0.100000
vn 0.000000 -0.000000 0.100000
vn 0.000000 -0.000000 0.100000
vn 0.000000 -0.000000 0.100000
vn 0.000000 -0.000000 0.100000
vn 0.000000 -0.000000 0.100000
vn 0.000000 -0.000000 0.100000
vn 0.000000 -0.000000 0.100000
vn 0.000000 -0.000000 0.100000
vn 0.000000 -0.000000 0.100000
vn 0.000000 -0.000000 0.100000
vn 0.000000 -0.000000 0.100000
vn 0.000000 -0.000000 0.100000
vn 0.000000 -0.000000 0.100000
vn 0.000000 -0.000000 0.100000
vn 0.000000 -0.000000 0.100000
vn 0.000000 -0.000000 0.100000
vn 0.000000 -0.000000 0.100000
vn 0.000000 -0.000000 0.100000
vn 0.000000 -0.000000 0.100000
vn 0.000000 -0.000000 0.100000
vn 0.000000 -0.000000 0.100000
vn 0.000000 -0.000000 0.100000
vn 0.000000 -0.000000 0.100000
vn 0.000000 -0.000000 0.100000
vn 0.000000 -0.000000 0.100000
vn 0.000000 -0.000000 0.100000
vn 0.000000 -0.000000 0.100000
vn 0.000000 -0.000000 0.100000
vn 0.000000 -0.000000 0.100000
vn 0.000000 -0.000000 0.100000
vn 0.000000 -0.000000 0.100000
vn 0.000000 -0.000000 0.100000
vn 0.000000 -0.000000 0.100000
vn 0.000000 -0.000000 0.100000
vn 0.000000 -0.000000 0.100000
vn 0.000000 -0.000000 0.100000
vn 0.000000 -0.000000 0.100000
vn 0.000000 -0.000000 0.100000
vn 0.000000 -0.000000 0.100000
vn 0.000000 -0.000000 0.100000
vn 0.000000 -0.000000 0.100000
vn 0.000000 -0.000000 0.100000
vn 0.000000 -0.000000 0.100000
vn 0.000000 -0.000000 0.100000
vn 0.000000 -0.000000 0.100000
vn 0.000000 -0.000000 0.100000
vn 0.000000 -0.000000 0.100000
vn 0.000000 -0.000000 0.100000
vn 0.000000 -0.000000 0.100000
vn 0.000000 -0.000000 0.100000
vn 0.000000 -0.000000 0.100000
vn 0.000000 -0.000000 0.100000
vn 0.000000 -0.000000 0.100000
vn 0.000000 -0.000000 0.100000
vn 0.000000 -0.000000 0.100000
vn 0.000000 -0.000000 0.100000
vn 0.000000 -0.000000 0.100000
vn 0.000000 -0.000000 0.100000
vn 0.000000 -0.000000 0.100000
vn 0.000000 -0.000000 0.100000
vn 0.000000 -0.000000 0.100000
vn 0.000000 -0.000000 0.100000
vn 0.000000 -0.000000 0.100000
vn 0.000000 -0.000000 0.100000
vn 0.000000 -0.000000 0.100000
vn 0.000000 -0.000000 0.100000
vn 0.000000 -0.000000 0.100000
vn 0.000000 -0.000000 0.100000
vn 0.000000 -0.000000 0.100000
vn 0.000000 -0.000000 0.100000
vn 0.000000 -0.000000 0.100000
vn 0.000000 -0.000000 0.100000
vn 0.000000 -0.000000 0.100000
vn 0.000000 -0.000000 0.100000
vn 0.000000 -0.000000 0.100000
vn 0.000000 -0.000000 0.100000
vn 0.000000 -0.000000 0.100000
vn 0.000000 -0.000000 0.100000
vn 0.000000 -0.000000 0.100000
vn 0.000000 -0.000000 0.100000
vn 0.000000 -0.000000 0.100000
vn 0.000000 -0.000000 0.100000
vn 0.000000 -0.000000 0.100000
vn 0.000000 -0.000000 0.100000
vn 0.000000 -0.000000 0.100000
vn 0.000000 -0.000000 0.100000
vn 0.000000 -0.000000 0.100000
vn 0.000000 -0.000000 0.100000
vn 0.000000 -0.000000 0.100000
vn 0.000000 -0.000000 0.100000
vn 0.000000 -0.000000 0.100000
vn 0.000000 -0.000000 0.100000
vn 0.000000 -0.000000 0.100000
vn 0.000000 -0.000000 0.100000
vn 0.000000 -0.000000 0.100000
vn 0.000000 -0.000000 0.100000
vn 0.000000 -0.000000 0.100000
vn 0.000000 -0.000000 0.100000
vn 0.000000 -0.000000 0.100000
vn 0.000000 -0.000000 0.100000
vn 0.000000 -0.000000 0.100000
vn 0.000000 -0.000000 0.100000
vn 0.000000 -0.000000 0.100000
vn 0.000000 -0.000000 0.100000
vn 0.000000 -0.000000 0.100000
vn 0.000000 -0.000000 0.100000
vn 0.000000 -0.000000 0.100000
vn 0.000000 -0.000000 0.100000
vn 0.000000 -0.000000 0.100000
vn 0.000000 -0.000000 0.100000
vn 0.000000 -0.000000 0.100000
vn 0.000000 -0.000000 0.100000
vn 0.000000 -0.000000 0.100000
vn 0.000000 -0.000000 0.100000
vn 0.000000 -0.000000 0.100000
vn 0.000000 -0.000000 0.100000
vn 0.000000 -0.000000 0.100000
vn 0.000000 -0.000000 0.100000
vn 0.000000 -0.000000 0.100000
vn 0.000000 -0.000000 0.100000
vn 0.000000 -0.000000 0.100000
vn 0.000000 -0.000000 0.100000
vn 0.000000 -0.000000 0.100000
vn 0.000000 -0.000000 0.100000
vn 0.000000 -0.000000 0.100000
vn 0.000000 -0.000000 0.100000
vn 0.000000 -0.000000 0.100000
vn 0.000000 -0.000000 0.100000
vn 0.000000 -0.000000 0.100000
vn 0.000000 -0.000000 0.100000
vn 0.000000 -0.000000 0.100000
vn 0.000000 -0.000000 0.100000
vn 0.000000 -0.000000 0.100000
vn 0.000000 -0.000000 0.100000
vn 0.000000 -0.000000 0.100000
vn 0.000000 -0.000000 0.100000
vn 0.000000 -0.000000 0.100000
vn 0.000000 -0.000000 0.100000
vn 0.000000 -0.000000 0.100000
vn 0.000000 -0.000000 0.100000
vn 0.000000 -0.000000 0.100000
usemtl Titan_-_poliert
f 2/1/1 130/2/2 1/3/3
f 1/3/3 130/2/2 66/4/4
f 1/5/3 66/6/4 65/7/5
f 65/7/5 66/6/4 67/8/6
f 65/7/5 67/8/6 64/9/7
f 64/9/7 67/8/6 68/10/8
f 64/9/7 68/10/8 63/11/9
f 63/11/9 68/10/8 69/12/10
f 63/11/9 69/12/10 62/13/11
f 62/13/11 69/12/10 70/14/12
f 62/13/11 70/14/12 61/15/13
f 61/15/13 70/14/12 71/16/14
f 61/15/13 71/16/14 60/17/15
f 60/17/15 71/16/14 72/18/16
f 60/17/15 72/18/16 59/19/17
f 59/19/17 72/18/16 73/20/18
f 59/19/17 73/20/18 58/21/19
f 58/21/19 73/20/18 74/22/20
f 58/21/19 74/22/20 57/23/21
f 57/23/21 74/22/20 75/24/22
f 57/23/21 75/24/22 56/25/23
f 56/25/23 75/24/22 76/26/24
f 56/25/23 76/26/24 55/27/25
f 55/27/25 76/26/24 77/28/26
f 55/27/25 77/28/26 54/29/27
f 54/29/27 77/28/26 78/30/28
f 54/29/27 78/30/28 53/31/29
f 53/31/29 78/30/28 79/32/30
f 53/31/29 79/32/30 52/33/31
f 52/33/31 79/32/30 80/34/32
f 52/33/31 80/34/32 51/35/33
f 51/35/33 80/34/32 81/36/34
f 51/35/33 81/36/34 50/37/35
f 50/37/35 81/36/34 82/38/36
f 50/37/35 82/38/36 49/39/37
f 49/39/37 82/38/36 83/40/38
f 49/39/37 83/40/38 48/41/39
f 48/41/39 83/40/38 84/42/40
f 48/41/39 84/42/40 47/43/41
f 47/43/41 84/42/40 85/44/42
f 47/43/41 85/44/42 46/45/43
f 46/45/43 85/44/42 86/46/44
f 46/45/43 86/46/44 45/47/45
f 45/47/45 86/46/44 87/48/46
f 45/47/45 87/48/46 44/49/47
f 44/49/47 87/48/46 88/50/48
f 44/49/47 88/50/48 43/51/49
f 43/51/49 88/50/48 89/52/50
f 43/51/49 89/52/50 42/53/51
f 42/53/51 89/52/50 90/54/52
f 42/53/51 90/54/52 41/55/53
f 41/55/53 90/54/52 91/56/54
f 41/55/53 91/56/54 40/57/55
f 40/57/55 91/56/54 92/58/56
f 40/57/55 92/58/56 39/59/57
f 39/59/57 92/58/56 93/60/58
f 39/59/57 93/60/58 38/61/59
f 38/61/59 93/60/58 94/62/60
f 38/61/59 94/62/60 37/63/61
f 37/63/61 94/62/60 95/64/62
f 37/63/61 95/64/62 36/65/63
f 36/65/63 95/64/62 96/66/64
f 36/65/63 96/66/64 35/67/65
f 35/67/65 96/66/64 97/68/66
f 35/67/65 97/68/66 34/69/67
f 34/69/67 97/68/66 98/70/68
f 34/69/67 98/70/68 33/71/69
f 33/71/69 98/70/68 99/72/70
f 33/71/69 99/72/70 32/73/71
f 32/73/71 99/72/70 100/74/72
f 32/73/71 100/74/72 31/75/73
f 31/75/73 100/74/72 101/76/74
f 31/75/73 101/76/74 30/77/75
f 30/77/75 101/76/74 102/78/76
f 30/77/75 102/78/76 29/79/77
f 29/79/77 102/78/76 103/80/78
f 29/79/77 103/80/78 28/81/79
f 28/81/79 103/80/78 104/82/80
f 28/81/79 104/82/80 27/83/81
f 27/83/81 104/82/80 105/84/82
f 27/83/81 105/84/82 26/85/83
f 26/85/83 105/84/82 106/86/84
f 26/85/83 106/86/84 25/87/85
f 25/87/85 106/86/84 107/88/86
f 25/87/85 107/88/86 24/89/87
f 24/89/87 107/88/86 108/90/88
f 24/89/87 108/90/88 23/91/89
f 23/91/89 108/90/88 109/92/90
f 23/91/89 109/92/90 22/93/91
f 22/93/91 109/92/90 110/94/92
f 22/93/91 110/94/92 21/95/93
f 21/95/93 110/94/92 111/96/94
f 21/95/93 111/96/94 20/97/95
f 20/97/95 111/96/94 112/98/96
f 20/97/95 112/98/96 19/99/97
f 19/99/97 112/98/96 113/100/98
f 19/99/97 113/100/98 18/101/99
f 18/101/99 113/100/98 114/102/100
f 18/101/99 114/102/100 17/103/101
f 17/103/101 114/102/100 115/104/102
f 17/103/101 115/104/102 16/105/103
f 16/105/103 115/104/102 116/106/104
f 16/105/103 116/106/104 15/107/105
f 15/107/105 116/106/104 117/108/106
f 15/107/105 117/108/106 14/109/107
f 14/109/107 117/108/106 118/110/108
f 14/109/107 118/110/108 13/111/109
f 13/111/109 118/110/108 119/112/110
f 13/111/109 119/112/110 12/113/111
f 12/113/111 119/112/110 120/114/112
f 12/113/111 120/114/112 11/115/113
f 11/115/113 120/114/112 121/116/114
f 11/115/113 121/116/114 10/117/115
f 10/117/115 121/116/114 122/118/116
f 10/117/115 122/118/116 9/119/117
f 9/119/117 122/118/116 123/120/118
f 9/119/117 123/120/118 8/121/119
f 8/121/119 123/120/118 124/122/120
f 8/121/119 124/122/120 7/123/121
f 7/123/121 124/122/120 125/124/122
f 7/123/121 125/124/122 6/125/123
f 6/125/123 125/124/122 126/126/124
f 6/125/123 126/126/124 5/127/125
f 5/127/125 126/126/124 127/128/126
f 5/127/125 127/128/126 4/129/127
f 4/129/127 127/128/126 128/130/128
f 4/129/127 128/130/128 3/131/129
f 3/131/129 128/130/128 129/132/130
f 3/131/129 129/132/130 2/1/1
f 2/1/1 129/132/130 130/2/2
f 132/133/131 260/134/132 131/135/133
f 131/135/133 260/134/132 196/136/134
f 131/137/133 196/138/134 195/139/135
f 195/139/135 196/138/134 197/140/136
f 195/139/135 197/140/136 194/141/137
f 194/141/137 197/140/136 198/142/138
f 194/141/137 198/142/138 193/143/139
f 193/143/139 198/142/138 199/144/140
f 193/143/139 199/144/140 192/145/141
f 192/145/141 199/144/140 200/146/142
f 192/145/141 200/146/142 191/147/143
f 191/147/143 200/146/142 201/148/144
f 191/147/143 201/148/144 190/149/145
f 190/149/145 201/148/144 202/150/146
f 190/149/145 202/150/146 189/151/147
f 189/151/147 202/150/146 203/152/148
f 189/151/147 203/152/148 188/153/149
f 188/153/149 203/152/148 204/154/150
f 188/153/149 204/154/150 187/155/151
f 187/155/151 204/154/150 205/156/152
f 187/155/151 205/156/152 186/157/153
f 186/157/153 205/156/152 206/158/154
f 186/157/153 206/158/154 185/159/155
f 185/159/155 206/158/154 207/160/156
f 185/159/155 207/160/156 184/161/157
f 184/161/157 207/160/156 208/162/158
f 184/161/157 208/162/158 183/163/159
f 183/163/159 208/162/158 209/164/160
f 183/163/159 209/164/160 182/165/161
f 182/165/161 209/164/160 210/166/162
f 182/165/161 210/166/162 181/167/163
f 181/167/163 210/166/162 211/168/164
f 181/167/163 211/168/164 180/169/165
f 180/169/165 211/168/164 212/170/166
f 180/169/165 212/170/166 179/171/167
f 179/171/167 212/170/166 213/172/168
f 179/171/167 213/172/168 178/173/169
f 178/173/169 213/172/168 214/174/170
f 178/173/169 214/174/170 177/175/171
f 177/175/171 214/174/170 215/176/172
f 177/175/171 215/176/172 176/177/173
f 176/177/173 215/176/172 216/178/174
f 176/177/173 216/178/174 175/179/175
f 175/179/175 216/178/174 217/180/176
f 175/179/175 217/180/176 174/181/177
f 174/181/177 217/180/176 218/182/178
f 174/181/177 218/182/178 173/183/179
f 173/183/179 218/182/178 219/184/180
f 173/183/179 219/184/180 172/185/181
f 172/185/181 219/184/180 220/186/182
f 172/185/181 220/186/182 171/187/183
f 171/187/183 220/186/182 221/188/184
f 171/187/183 221/188/184 170/189/185
f 170/189/185 221/188/184 222/190/186
f 170/189/185 222/190/186 169/191/187
f 169/191/187 222/190/186 223/192/188
f 169/191/187 223/192/188 168/193/189
f 168/193/189 223/192/188 224/194/190
f 168/193/189 224/194/190 167/195/191
f 167/195/191 224/194/190 225/196/192
f 167/195/191 225/196/192 166/197/193
f 166/197/193 225/196/192 226/198/194
f 166/197/193 226/198/194 165/199/195
f 165/199/195 226/198/194 227/200/196
f 165/199/195 227/200/196 164/201/197
f 164/201/197 227/200/196 228/202/198
f 164/201/197 228/202/198 163/203/199
f 163/203/199 228/202/198 229/204/200
f 163/203/199 229/204/200 162/205/201
f 162/205/201 229/204/200 230/206/202
f 162/205/201 230/206/202 161/207/203
f 161/207/203 230/206/202 231/208/204
f 161/207/203 231/208/204 160/209/205
f 160/209/205 231/208/204 232/210/206
f 160/209/205 232/210/206 159/211/207
f 159/211/207 232/210/206 233/212/208
f 159/211/207 233/212/208 158/213/209
f 158/213/209 233/212/208 234/214/210
f 158/213/209 234/214/210 157/215/211
f 157/215/211 234/214/210 235/216/212
f 157/215/211 235/216/212 156/217/213
f 156/217/213 235/216/212 236/218/214
f 156/217/213 236/218/214 155/219/215
f 155/219/215 236/218/214 237/220/216
f 155/219/215 237/220/216 154/221/217
f 154/221/217 237/220/216 238/222/218
f 154/221/217 238/222/218 153/223/219
f 153/223/219 238/222/218 239/224/220
f 153/223/219 239/224/220 152/225/221
f 152/225/221 239/224/220 240/226/222
f 152/225/221 240/226/222 151/227/223
f 151/227/223 240/226/222 241/228/224
f 151/227/223 241/228/224 150/229/225
f 150/229/225 241/228/224 242/230/226
f 150/229/225 242/230/226 149/231/227
f 149/231/227 242/230/226 243/232/228
f 149/231/227 243/232/228 148/233/229
f 148/233/229 243/232/228 244/234/230
f 148/233/229 244/234/230 147/235/231
f 147/235/231 244/234/230 245/236/232
f 147/235/231 245/236/232 146/237/233
f 146/237/233 245/236/232 246/238/234
f 146/237/233 246/238/234 145/239/235
f 145/239/235 246/238/234 247/240/236
f 145/239/235 247/240/236 144/241/237
f 144/241/237 247/240/236 248/242/238
f 144/241/237 248/242/238 143/243/239
f 143/243/239 248/242/238 249/244/240
f 143/243/239 249/244/240 142/245/241
f 142/245/241 249/244/240 250/246/242
f 142/245/241 250/246/242 141/247/243
f 141/247/243 250/246/242 251/248/244
f 141/247/243 251/248/244 140/249/245
f 140/249/245 251/248/244 252/250/246
f 140/249/245 252/250/246 139/251/247
f 139/251/247 252/250/246 253/252/248
f 139/251/247 253/252/248 138/253/249
f 138/253/249 253/252/248 254/254/250
f 138/253/249 254/254/250 137/255/251
f 137/255/251 254/254/250 255/256/252
f 137/255/251 255/256/252 136/257/253
f 136/257/253 255/256/252 256/258/254
f 136/257/253 256/258/254 135/259/255
f 135/259/255 256/258/254 257/260/256
f 135/259/255 257/260/256 134/261/257
f 134/261/257 257/260/256 258/262/258
f 134/261/257 258/262/258 133/263/259
f 133/263/259 258/262/258 259/264/260
f 133/263/259 259/264/260 132/133/131
f 132/133/131 259/264/260 260/134/132
f 262/265/261 390/266/262 261/267/263
f 261/267/263 390/266/262 326/268/264
f 261/269/263 326/270/264 325/271/265
f 325/271/265 326/270/264 327/272/266
f 325/271/265 327/272/266 324/273/267
f 324/273/267 327/272/266 328/274/268
f 324/273/267 328/274/268 323/275/269
f 323/275/269 328/274/268 329/276/270
f 323/275/269 329/276/270 322/277/271
f 322/277/271 329/276/270 330/278/272
f 322/277/271 330/278/272 321/279/273
f 321/279/273 330/278/272 331/280/274
f 321/279/273 331/280/274 320/281/275
f 320/281/275 331/280/274 332/282/276
f 320/281/275 332/282/276 319/283/277
f 319/283/277 332/282/276 333/284/278
f 319/283/277 333/284/278 318/285/279
f 318/285/279 333/284/278 334/286/280
f 318/285/279 334/286/280 317/287/281
f 317/287/281 334/286/280 335/288/282
f 317/287/281 335/288/282 316/289/283
f 316/289/283 335/288/282 336/290/284
f 316/289/283 336/290/284 315/291/285
f 315/291/285 336/290/284 337/292/286
f 315/291/285 337/292/286 314/293/287
f 314/293/287 337/292/286 338/294/288
f 314/293/287 338/294/288 313/295/289
f 313/295/289 338/294/288 339/296/290
f 313/295/289 339/296/290 312/297/291
f 312/297/291 339/296/290 340/298/292
f 312/297/291 340/298/292 311/299/293
f 311/299/293 340/298/292 341/300/294
f 311/299/293 341/300/294 310/301/295
f 310/301/295 341/300/294 342/302/296
f 310/301/295 342/302/296 309/303/297
f 309/303/297 342/302/296 343/304/298
f 309/303/297 343/304/298 308/305/299
f 308/305/299 343/304/298 344/306/300
f 308/305/299 344/306/300 307/307/301
f 307/307/301 344/306/300 345/308/302
f 307/307/301 345/308/302 306/309/303
f 306/309/303 345/308/302 346/310/304
f 306/309/303 346/310/304 305/311/305
f 305/311/305 346/310/304 347/312/306
f 305/311/305 347/312/306 304/313/307
f 304/313/307 347/312/306 348/314/308
f 304/313/307 348/314/308 303/315/309
f 303/315/309 348/314/308 349/316/310
f 303/315/309 349/316/310 302/317/311
f 302/317/311 349/316/310 350/318/312
f 302/317/311 350/318/312 301/319/313
f 301/319/313 350/318/312 351/320/314
f 301/319/313 351/320/314 300/321/315
f 300/321/315 351/320/314 352/322/316
f 300/321/315 352/322/316 299/323/317
f 299/323/317 352/322/316 353/324/318
f 299/323/317 353/324/318 298/325/319
f 298/325/319 353/324/318 354/326/320
f 298/325/319 354/326/320 297/327/321
f 297/327/321 354/326/320 355/328/322
f 297/327/321 355/328/322 296/329/323
f 296/329/323 355/328/322 356/330/324
f 296/329/323 356/330/324 295/331/325
f 295/331/325 356/330/324 357/332/326
f 295/331/325 357/332/326 294/333/327
f 294/333/327 357/332/326 358/334/328
f 294/333/327 358/334/328 293/335/329
f 293/335/329 358/334/328 359/336/330
f 293/335/329 359/336/330 292/337/331
f 292/337/331 359/336/330 360/338/332
f 292/337/331 360/338/332 291/339/333
f 291/339/333 360/338/332 361/340/334
f 291/339/333 361/340/334 290/341/335
f 290/341/335 361/340/334 362/342/336
f 290/341/335 362/342/336 289/343/337
f 289/343/337 362/342/336 363/344/338
f 289/343/337 363/344/338 288/345/339
f 288/345/339 363/344/338 364/346/340
f 288/345/339 364/346/340 287/347/341
f 287/347/341 364/346/340 365/348/342
f 287/347/341 365/348/342 286/349/343
f 286/349/343 365/348/342 366/350/344
f 286/349/343 366/350/344 285/351/345
f 285/351/345 366/350/344 367/352/346
f 285/351/345 367/352/346 284/353/347
f 284/353/347 367/352/346 368/354/348
f 284/353/347 368/354/348 283/355/349
f 283/355/349 368/354/348 369/356/350
f 283/355/349 369/356/350 282/357/351
f 282/357/351 369/356/350 370/358/352
f 282/357/351 370/358/352 281/359/353
f 281/359/353 370/358/352 371/360/354
f 281/359/353 371/360/354 280/361/355
f 280/361/355 371/360/354 372/362/356
f 280/361/355 372/362/356 279/363/357
f 279/363/357 372/362/356 373/364/358
f 279/363/357 373/364/358 278/365/359
f 278/365/359 373/364/358 374/366/360
f 278/365/359 374/366/360 277/367/361
f 277/367/361 374/366/360 375/368/362
f 277/367/361 375/368/362 276/369/363
f 276/369/363 375/368/362 376/370/364
f 276/369/363 376/370/364 275/371/365
f 275/371/365 376/370/364 377/372/366
f 275/371/365 377/372/366 274/373/367
f 274/373/367 377/372/366 378/374/368
f 274/373/367 378/374/368 273/375/369
f 273/375/369 378/374/368 379/376/370
f 273/375/369 379/376/370 272/377/371
f 272/377/371 379/376/370 380/378/372
f 272/377/371 380/378/372 271/379/373
f 271/379/373 380/378/372 381/380/374
f 271/379/373 381/380/374 270/381/375
f 270/381/375 381/380/374 382/382/376
f 270/381/375 382/382/376 269/383/377
f 269/383/377 382/382/376 383/384/378
f 269/383/377 383/384/378 268/385/379
f 268/385/379 383/384/378 384/386/380
f 268/385/379 384/386/380 267/387/381
f 267/387/381 384/386/380 385/388/382
f 267/387/381 385/388/382 266/389/383
f 266/389/383 385/388/382 386/390/384
f 266/389/383 386/390/384 265/391/385
f 265/391/385 386/390/384 387/392/386
f 265/391/385 387/392/386 264/393/387
f 264/393/387 387/392/386 388/394/388
f 264/393/387 388/394/388 263/395/389
f 263/395/389 388/394/388 389/396/390
f 263/395/389 389/396/390 262/265/261
f 262/265/261 389/396/390 390/266/262
f 392/397/391 520/398/392 391/399/393
f 391/399/393 520/398/392 456/400/394
f 391/401/393 456/402/394 455/403/395
f 455/403/395 456/402/394 457/404/396
f 455/403/395 457/404/396 454/405/397
f 454/405/397 457/404/396 458/406/398
f 454/405/397 458/406/398 453/407/399
f 453/407/399 458/406/398 459/408/400
f 453/407/399 459/408/400 452/409/401
f 452/409/401 459/408/400 460/410/402
f 452/409/401 460/410/402 451/411/403
f 451/411/403 460/410/402 461/412/404
f 451/411/403 461/412/404 450/413/405
f 450/413/405 461/412/404 462/414/406
f 450/413/405 462/414/406 449/415/407
f 449/415/407 462/414/406 463/416/408
f 449/415/407 463/416/408 448/417/409
f 448/417/409 463/416/408 464/418/410
f 448/417/409 464/418/410 447/419/411
f 447/419/411 464/418/410 465/420/412
f 447/419/411 465/420/412 446/421/413
f 446/421/413 465/420/412 466/422/414
f 446/421/413 466/422/414 445/423/415
f 445/423/415 466/422/414 467/424/416
f 445/423/415 467/424/416 444/425/417
f 444/425/417 467/424/416 468/426/418
f 444/425/417 468/426/418 443/427/419
f 443/427/419 468/426/418 469/428/420
f 443/427/419 469/428/420 442/429/421
f 442/429/421 469/428/420 470/430/422
f 442/429/421 470/430/422 441/431/423
f 441/431/423 470/430/422 471/432/424
f 441/431/423 471/432/424 440/433/425
f 440/433/425 471/432/424 472/434/426
f 440/433/425 472/434/426 439/435/427
f 439/435/427 472/434/426 473/436/428
f 439/435/427 473/436/428 438/437/429
f 438/437/429 473/436/428 474/438/430
f 438/437/429 474/438/430 437/439/431
f 437/439/431 474/438/430 475/440/432
f 437/439/431 475/440/432 436/441/433
f 436/441/433 475/440/432 476/442/434
f 436/441/433 476/442/434 435/443/435
f 435/443/435 476/442/434 477/444/436
f 435/443/435 477/444/436 434/445/437
f 434/445/437 477/444/436 478/446/438
f 434/445/437 478/446/438 433/447/439
f 433/447/439 478/446/438 479/448/440
f 433/447/439 479/448/440 432/449/441
f 432/449/441 479/448/440 480/450/442
f 432/449/441 480/450/442 431/451/443
f 431/451/443 480/450/442 481/452/444
f 431/451/443 481/452/444 430/453/445
f 430/453/445 481/452/444 482/454/446
f 430/453/445 482/454/446 429/455/447
f 429/455/447 482/454/446 483/456/448
f 429/455/447 483/456/448 428/457/449
f 428/457/449 483/456/448 484/458/450
f 428/457/449 484/458/450 427/459/451
f 427/459/451 484/458/450 485/460/452
f 427/459/451 485/460/452 426/461/453
f 426/461/453 485/460/452 486/462/454
f 426/461/453 486/462/454 425/463/455
f 425/463/455 486/462/454 487/464/456
f 425/463/455 487/464/456 424/465/457
f 424/465/457 487/464/456 488/466/458
f 424/465/457 488/466/458 423/467/459
f 423/467/459 488/466/458 489/468/460
f 423/467/459 489/468/460 422/469/461
f 422/469/461 489/468/460 490/470/462
f 422/469/461 490/470/462 421/471/463
f 421/471/463 490/470/462 491/472/464
f 421/471/463 491/472/464 420/473/465
f 420/473/465 491/472/464 492/474/466
f 420/473/465 492/474/466 419/475/467
f 419/475/467 492/474/466 493/476/468
f 419/475/467 493/476/468 418/477/469
f 418/477/469 493/476/468 494/478/470
f 418/477/469 494/478/470 417/479/471
f 417/479/471 494/478/470 495/480/472
f 417/479/471 495/480/472 416/481/473
f 416/481/473 495/480/472 496/482/474
f 416/481/473 496/482/474 415/483/475
f 415/483/475 496/482/474 497/484/476
f 415/483/475 497/484/476 414/485/477
f 414/485/477 497/484/476 498/486/478
f 414/485/477 498/486/478 413/487/479
f 413/487/479 498/486/478 499/488/480
f 413/487/479 499/488/480 412/489/481
f 412/489/481 499/488/480 500/490/482
f 412/489/481 500/490/482 411/491/483
f 411/491/483 500/490/482 501/492/484
f 411/491/483 501/492/484 410/493/485
f 410/493/485 501/492/484 502/494/486
f 410/493/485 502/494/486 409/495/487
f 409/495/487 502/494/486 503/496/488
f 409/495/487 503/496/488 408/497/489
f 408/497/489 503/496/488 504/498/490
f 408/497/489 504/498/490 407/499/491
f 407/499/491 504/498/490 505/500/492
f 407/499/491 505/500/492 406/501/493
f 406/501/493 505/500/492 506/502/494
f 406/501/493 506/502/494 405/503/495
f 405/503/495 506/502/494 507/504/496
f 405/503/495 507/504/496 404/505/497
f 404/505/497 507/504/496 508/506/498
f 404/505/497 508/506/498 403/507/499
f 403/507/499 508/506/498 509/508/500
f 403/507/499 509/508/500 402/509/501
f 402/509/501 509/508/500 510/510/502
f 402/509/501 510/510/502 401/511/503
f 401/511/503 510/510/502 511/512/504
f 401/511/503 511/512/504 400/513/505
f 400/513/505 511/512/504 512/514/506
f 400/513/505 512/514/506 399/515/507
f 399/515/507 512/514/506 513/516/508
f 399/515/507 513/516/508 398/517/509
f 398/517/509 513/516/508 514/518/510
f 398/517/509 514/518/510 397/519/511
f 397/519/511 514/518/510 515/520/512
f 397/519/511 515/520/512 396/521/513
f 396/521/513 515/520/512 516/522/514
f 396/521/513 516/522/514 395/523/515
f 395/523/515 516/522/514 517/524/516
f 395/523/515 517/524/516 394/525/517
f 394/525/517 517/524/516 518/526/518
f 394/525/517 518/526/518 393/527/519
f 393/527/519 518/526/518 519/528/520
f 393/527/519 519/528/520 392/397/391
f 392/397/391 519/528/520 520/398/392
f 522/529/521 894/530/522 521/531/523
f 521/531/523 894/530/522 708/532/524
f 521/533/523 708/534/524 707/535/525
f 707/535/525 708/534/524 709/536/526
f 707/535/525 709/536/526 706/537/527
f 706/537/527 709/536/526 710/538/528
f 706/537/527 710/538/528 705/539/529
f 705/539/529 710/538/528 711/540/530
f 705/539/529 711/540/530 704/541/531
f 704/541/531 711/540/530 712/542/532
f 704/541/531 712/542/532 703/543/533
f 703/543/533 712/542/532 713/544/534
f 703/543/533 713/544/534 702/545/535
f 702/545/535 713/544/534 714/546/536
f 702/545/535 714/546/536 701/547/537
f 701/547/537 714/546/536 715/548/538
f 701/547/537 715/548/538 700/549/539
f 700/549/539 715/548/538 716/550/540
f 700/549/539 716/550/540 699/551/541
f 699/551/541 716/550/540 717/552/542
f 699/551/541 717/552/542 698/553/543
f 698/553/543 717/552/542 718/554/544
f 698/553/543 718/554/544 697/555/545
f 697/555/545 718/554/544 719/556/546
f 697/555/545 719/556/546 696/557/547
f 696/557/547 719/556/546 720/558/548
f 696/557/547 720/558/548 695/559/549
f 695/559/549 720/558/548 721/560/550
f 695/559/549 721/560/550 694/561/551
f 694/561/551 721/560/550 722/562/552
f 694/561/551 722/562/552 693/563/553
f 693/563/553 722/562/552 723/564/554
f 693/563/553 723/564/554 692/565/555
f 692/565/555 723/564/554 724/566/556
f 692/565/555 724/566/556 691/567/557
f 691/567/557 724/566/556 725/568/558
f 691/567/557 725/568/558 690/569/559
f 690/569/559 725/568/558 726/570/560
f 690/569/559 726/570/560 689/571/561
f 689/571/561 726/570/560 727/572/562
f 689/571/561 727/572/562 688/573/563
f 688/573/563 727/572/562 728/574/564
f 688/573/563 728/574/564 687/575/565
f 687/575/565 728/574/564 729/576/566
f 687/575/565 729/576/566 686/577/567
f 686/577/567 729/576/566 730/578/568
f 686/577/567 730/578/568 685/579/569
f 685/579/569 730/578/568 731/580/570
f 685/579/569 731/580/570 684/581/571
f 684/581/571 731/580/570 732/582/572
f 684/581/571 732/582/572 683/583/573
f 683/583/573 732/582/572 733/584/574
f 683/583/573 733/584/574 682/585/575
f 682/585/575 733/584/574 734/586/576
f 682/585/575 734/586/576 681/587/577
f 681/587/577 734/586/576 735/588/578
f 681/587/577 735/588/578 680/589/579
f 680/589/579 735/588/578 736/590/580
f 680/589/579 736/590/580 679/591/581
f 679/591/581 736/590/580 737/592/582
f 679/591/581 737/592/582 678/593/583
f 678/593/583 737/592/582 738/594/584
f 678/593/583 738/594/584 677/595/585
f 677/595/585 738/594/584 739/596/586
f 677/595/585 739/596/586 676/597/587
f 676/597/587 739/596/586 740/598/588
f 676/597/587 740/598/588 675/599/589
f 675/599/589 740/598/588 741/600/590
f 675/599/589 741/600/590 674/601/591
f 674/601/591 741/600/590 742/602/592
f 674/601/591 742/602/592 673/603/593
f 673/603/593 742/602/592 743/604/594
f 673/603/593 743/604/594 672/605/595
f 672/605/595 743/604/594 744/606/596
f 672/605/595 744/606/596 671/607/597
f 671/607/597 744/606/596 745/608/598
f 671/607/597 745/608/598 670/609/599
f 670/609/599 745/608/598 746/610/600
f 670/609/599 746/610/600 669/611/601
f 669/611/601 746/610/600 747/612/602
f 669/611/601 747/612/602 668/613/603
f 668/613/603 747/612/602 748/614/604
f 668/613/603 748/614/604 667/615/605
f 667/615/605 748/614/604 749/616/606
f 667/615/605 749/616/606 666/617/607
f 666/617/607 749/616/606 750/618/608
f 666/617/607 750/618/608 665/619/609
f 665/619/609 750/618/608 751/620/610
f 665/619/609 751/620/610 664/621/611
f 664/621/611 751/620/610 752/622/612
f 664/621/611 752/622/612 663/623/613
f 663/623/613 752/622/612 753/624/614
f 663/623/613 753/624/614 662/625/615
f 662/625/615 753/624/614 754/626/616
f 662/625/615 754/626/616 661/627/617
f 661/627/617 754/626/616 755/628/618
f 661/627/617 755/628/618 660/629/619
f 660/629/619 755/628/618 756/630/620
f 660/629/619 756/630/620 659/631/621
f 659/631/621 756/630/620 757/632/622
f 659/631/621 757/632/622 658/633/623
f 658/633/623 757/632/622 758/634/624
f 658/633/623 758/634/624 657/635/625
f 657/635/625 758/634/624 759/636/626
f 657/635/625 759/636/626 656/637/627
f 656/637/627 759/636/626 760/638/628
f 656/637/627 760/638/628 655/639/629
f 655/639/629 760/638/628 761/640/630
f 655/639/629 761/640/630 654/641/631
f 654/641/631 761/640/630 762/642/632
f 654/641/631 762/642/632 653/643/633
f 653/643/633 762/642/632 763/644/634
f 653/643/633 763/644/634 652/645/635
f 652/645/635 763/644/634 764/646/636
f 652/645/635 764/646/636 651/647/637
f 651/647/637 764/646/636 765/648/638
f 651/647/637 765/648/638 650/649/639
f 650/649/639 765/648/638 766/650/640
f 650/649/639 766/650/640 649/651/641
f 649/651/641 766/650/640 767/652/642
f 649/651/641 767/652/642 648/653/643
f 648/653/643 767/652/642 768/654/644
f 648/653/643 768/654/644 647/655/645
f 647/655/645 768/654/644 769/656/646
f 647/655/645 769/656/646 646/657/647
f 646/657/647 769/656/646 770/658/648
f 646/657/647 770/658/648 645/659/649
f 645/659/649 770/658/648 771/660/650
f 645/659/649 771/660/650 644/661/651
f 644/661/651 771/660/650 772/662/652
f 644/661/651 772/662/652 643/663/653
f 643/663/653 772/662/652 773/664/654
f 643/663/653 773/664/654 642/665/655
f 642/665/655 773/664/654 774/666/656
f 642/665/655 774/666/656 641/667/657
f 641/667/657 774/666/656 775/668/658
f 641/667/657 775/668/658 640/669/659
f 640/669/659 775/668/658 776/670/660
f 640/669/659 776/670/660 639/671/661
f 639/671/661 776/670/660 777/672/662
f 639/671/661 777/672/662 638/673/663
f 638/673/663 777/672/662 778/674/664
f 638/673/663 778/674/664 637/675/665
f 637/675/665 778/674/664 779/676/666
f 637/675/665 779/676/666 636/677/667
f 636/677/667 779/676/666 780/678/668
f 636/677/667 780/678/668 635/679/669
f 635/679/669 780/678/668 781/680/670
f 635/679/669 781/680/670 634/681/671
f 634/681/671 781/680/670 782/682/672
f 634/681/671 782/682/672 633/683/673
f 633/683/673 782/682/672 783/684/674
f 633/683/673 783/684/674 632/685/675
f 632/685/675 783/684/674 784/686/676
f 632/685/675 784/686/676 631/687/677
f 631/687/677 784/686/676 785/688/678
f 631/687/677 785/688/678 630/689/679
f 630/689/679 785/688/678 786/690/680
f 630/689/679 786/690/680 629/691/681
f 629/691/681 786/690/680 787/692/682
f 629/691/681 787/692/682 628/693/683
f 628/693/683 787/692/682 788/694/684
f 628/693/683 788/694/684 627/695/685
f 627/695/685 788/694/684 789/696/686
f 627/695/685 789/696/686 626/697/687
f 626/697/687 789/696/686 790/698/688
f 626/697/687 790/698/688 625/699/689
f 625/699/689 790/698/688 791/700/690
f 625/699/689 791/700/690 624/701/691
f 624/701/691 791/700/690 792/702/692
f 624/701/691 792/702/692 623/703/693
f 623/703/693 792/702/692 793/704/694
f 623/703/693 793/704/694 622/705/695
f 622/705/695 793/704/694 794/706/696
f 622/705/695 794/706/696 621/707/697
f 621/707/697 794/706/696 795/708/698
f 621/707/697 795/708/698 620/709/699
f 620/709/699 795/708/698 796/710/700
f 620/709/699 796/710/700 619/711/701
f 619/711/701 796/710/700 797/712/702
f 619/711/701 797/712/702 618/713/703
f 618/713/703 797/712/702 798/714/704
f 618/713/703 798/714/704 617/715/705
f 617/715/705 798/714/704 799/716/706
f 617/715/705 799/716/706 616/717/707
f 616/717/707 799/716/706 800/718/708
f 616/717/707 800/718/708 615/719/709
f 615/719/709 800/718/708 801/720/710
f 615/719/709 801/720/710 614/721/711
f 614/721/711 801/720/710 802/722/712
f 614/721/711 802/722/712 613/723/713
f 613/723/713 802/722/712 803/724/714
f 613/723/713 803/724/714 612/725/715
f 612/725/715 803/724/714 804/726/716
f 612/725/715 804/726/716 611/727/717
f 611/727/717 804/726/716 805/728/718
f 611/727/717 805/728/718 610/729/719
f 610/729/719 805/728/718 806/730/720
f 610/729/719 806/730/720 609/731/721
f 609/731/721 806/730/720 807/732/722
f 609/731/721 807/732/722 608/733/723
f 608/733/723 807/732/722 808/734/724
f 608/733/723 808/734/724 607/735/725
f 607/735/725 808/734/724 809/736/726
f 607/735/725 809/736/726 606/737/727
f 606/737/727 809/736/726 810/738/728
f 606/737/727 810/738/728 605/739/729
f 605/739/729 810/738/728 811/740/730
f 605/739/729 811/740/730 604/741/731
f 604/741/731 811/740/730 812/742/732
f 604/741/731 812/742/732 603/743/733
f 603/743/733 812/742/732 813/744/734
f 603/743/733 813/744/734 602/745/735
f 602/745/735 813/744/734 814/746/736
f 602/745/735 814/746/736 601/747/737
f 601/747/737 814/746/736 815/748/738
f 601/747/737 815/748/738 600/749/739
f 600/749/739 815/748/738 816/750/740
f 600/749/739 816/750/740 599/751/741
f 599/751/741 816/750/740 817/752/742
f 599/751/741 817/752/742 598/753/743
f 598/753/743 817/752/742 818/754/744
f 598/753/743 818/754/744 597/755/745
f 597/755/745 818/754/744 819/756/746
f 597/755/745 819/756/746 596/757/747
f 596/757/747 819/756/746 820/758/748
f 596/757/747 820/758/748 595/759/749
f 595/759/749 820/758/748 821/760/750
f 595/759/749 821/760/750 594/761/751
f 594/761/751 821/760/750 822/762/752
f 594/761/751 822/762/752 593/763/753
f 593/763/753 822/762/752 823/764/754
f 593/763/753 823/764/754 592/765/755
f 592/765/755 823/764/754 824/766/756
f 592/765/755 824/766/756 591/767/757
f 591/767/757 824/766/756 825/768/758
f 591/767/757 825/768/758 590/769/759
f 590/769/759 825/768/758 826/770/760
f 590/769/759 826/770/760 589/771/761
f 589/771/761 826/770/760 827/772/762
f 589/771/761 827/772/762 588/773/763
f 588/773/763 827/772/762 828/774/764
f 588/773/763 828/774/764 587/775/765
f 587/775/765 828/774/764 829/776/766
f 587/775/765 829/776/766 586/777/767
f 586/777/767 829/776/766 830/778/768
f 586/777/767 830/778/768 585/779/769
f 585/779/769 830/778/768 831/780/770
f 585/779/769 831/780/770 584/781/771
f 584/781/771 831/780/770 832/782/772
f 584/781/771 832/782/772 583/783/773
f 583/783/773 832/782/772 833/784/774
f 583/783/773 833/784/774 582/785/775
f 582/785/775 833/784/774 834/786/776
f 582/785/775 834/786/776 581/787/777
f 581/787/777 834/786/776 835/788/778
f 581/787/777 835/788/778 580/789/779
f 580/789/779 835/788/778 836/790/780
f 580/789/779 836/790/780 579/791/781
f 579/791/781 836/790/780 837/792/782
f 579/791/781 837/792/782 578/793/783
f 578/793/783 837/792/782 838/794/784
f 578/793/783 838/794/784 577/795/785
f 577/795/785 838/794/784 839/796/786
f 577/795/785 839/796/786 576/797/787
f 576/797/787 839/796/786 840/798/788
f 576/797/787 840/798/788 575/799/789
f 575/799/789 840/798/788 841/800/790
f 575/799/789 841/800/790 574/801/791
f 574/801/791 841/800/790 842/802/792
f 574/801/791 842/802/792 573/803/793
f 573/803/793 842/802/792 843/804/794
f 573/803/793 843/804/794 572/805/795
f 572/805/795 843/804/794 844/806/796
f 572/805/795 844/806/796 571/807/797
f 571/807/797 844/806/796 845/808/798
f 571/807/797 845/808/798 570/809/799
f 570/809/799 845/808/798 846/810/800
f 570/809/799 846/810/800 569/811/801
f 569/811/801 846/810/800 847/812/802
f 569/811/801 847/812/802 568/813/803
f 568/813/803 847/812/802 848/814/804
f 568/813/803 848/814/804 567/815/805
f 567/815/805 848/814/804 849/816/806
f 567/815/805 849/816/806 566/817/807
f 566/817/807 849/816/806 850/818/808
f 566/817/807 850/818/808 565/819/809
f 565/819/809 850/818/808 851/820/810
f 565/819/809 851/820/810 564/821/811
f 564/821/811 851/820/810 852/822/812
f 564/821/811 852/822/812 563/823/813
f 563/823/813 852/822/812 853/824/814
f 563/823/813 853/824/814 562/825/815
f 562/825/815 853/824/814 854/826/816
f 562/825/815 854/826/816 561/827/817
f 561/827/817 854/826/816 855/828/818
f 561/827/817 855/828/818 560/829/819
f 560/829/819 855/828/818 856/830/820
f 560/829/819 856/830/820 559/831/821
f 559/831/821 856/830/820 857/832/822
f 559/831/821 857/832/822 558/833/823
f 558/833/823 857/832/822 858/834/824
f 558/833/823 858/834/824 557/835/825
f 557/835/825 858/834/824 859/836/826
f 557/835/825 859/836/826 556/837/827
f 556/837/827 859/836/826 860/838/828
f 556/837/827 860/838/828 555/839/829
f 555/839/829 860/838/828 861/840/830
f 555/839/829 861/840/830 554/841/831
f 554/841/831 861/840/830 862/842/832
f 554/841/831 862/842/832 553/843/833
f 553/843/833 862/842/832 863/844/834
f 553/843/833 863/844/834 552/845/835
f 552/845/835 863/844/834 864/846/836
f 552/845/835 864/846/836 551/847/837
f 551/847/837 864/846/836 865/848/838
f 551/847/837 865/848/838 550/849/839
f 550/849/839 865/848/838 866/850/840
f 550/849/839 866/850/840 549/851/841
f 549/851/841 866/850/840 867/852/842
f 549/851/841 867/852/842 548/853/843
f 548/853/843 867/852/842 868/854/844
f 548/853/843 868/854/844 547/855/845
f 547/855/845 868/854/844 869/856/846
f 547/855/845 869/856/846 546/857/847
f 546/857/847 869/856/846 870/858/848
f 546/857/847 870/858/848 545/859/849
f 545/859/849 870/858/848 871/860/850
f 545/859/849 871/860/850 544/861/851
f 544/861/851 871/860/850 872/862/852
f 544/861/851 872/862/852 543/863/853
f 543/863/853 872/862/852 873/864/854
f 543/863/853 873/864/854 542/865/855
f 542/865/855 873/864/854 874/866/856
f 542/865/855 874/866/856 541/867/857
f 541/867/857 874/866/856 875/868/858
f 541/867/857 875/868/858 540/869/859
f 540/869/859 875/868/858 876/870/860
f 540/869/859 876/870/860 539/871/861
f 539/871/861 876/870/860 877/872/862
f 539/871/861 877/872/862 538/873/863
f 538/873/863 877/872/862 878/874/864
f 538/873/863 878/874/864 537/875/865
f 537/875/865 878/874/864 879/876/866
f 537/875/865 879/876/866 536/877/867
f 536/877/867 879/876/866 880/878/868
f 536/877/867 880/878/868 535/879/869
f 535/879/869 880/878/868 881/880/870
f 535/879/869 881/880/870 534/881/871
f 534/881/871 881/880/870 882/882/872
f 534/881/871 882/882/872 533/883/873
f 533/883/873 882/882/872 883/884/874
f 533/883/873 883/884/874 532/885/875
f 532/885/875 883/884/874 884/886/876
f 532/885/875 884/886/876 531/887/877
f 531/887/877 884/886/876 885/888/878
f 531/887/877 885/888/878 530/889/879
f 530/889/879 885/888/878 886/890/880
f 530/889/879 886/890/880 529/891/881
f 529/891/881 886/890/880 887/892/882
f 529/891/881 887/892/882 528/893/883
f 528/893/883 887/892/882 888/894/884
f 528/893/883 888/894/884 527/895/885
f 527/895/885 888/894/884 889/896/886
f 527/895/885 889/896/886 526/897/887
f 526/897/887 889/896/886 890/898/888
f 526/897/887 890/898/888 525/899/889
f 525/899/889 890/898/888 891/900/890
f 525/899/889 891/900/890 524/901/891
f 524/901/891 891/900/890 892/902/892
f 524/901/891 892/902/892 523/903/893
f 523/903/893 892/902/892 893/904/894
f 523/903/893 893/904/894 522/529/521
f 522/529/521 893/904/894 894/530/522
f 520/905/895 99/906/896 456/907/897
f 456/907/897 99/906/896 98/908/898
f 456/907/897 98/908/898 457/909/899
f 457/909/899 98/908/898 97/910/900
f 457/909/899 97/910/900 458/911/901
f 458/911/901 97/910/900 96/912/902
f 458/911/901 96/912/902 459/913/903
f 459/913/903 96/912/902 95/914/904
f 459/913/903 95/914/904 460/915/905
f 460/915/905 95/914/904 94/916/906
f 460/915/905 94/916/906 461/917/907
f 461/917/907 94/916/906 93/918/908
f 461/917/907 93/918/908 462/919/909
f 462/919/909 93/918/908 92/920/910
f 462/919/909 92/920/910 463/921/911
f 463/921/911 92/920/910 91/922/912
f 463/921/911 91/922/912 464/923/913
f 464/923/913 91/922/912 90/924/914
f 464/923/913 90/924/914 465/925/915
f 465/925/915 90/924/914 89/926/916
f 465/925/915 89/926/916 466/927/917
f 466/927/917 89/926/916 88/928/918
f 466/927/917 88/928/918 467/929/919
f 467/929/919 88/928/918 87/930/920
f 467/929/919 87/930/920 468/931/921
f 468/931/921 87/930/920 86/932/922
f 468/931/921 86/932/922 469/933/923
f 469/933/923 86/932/922 85/934/924
f 469/933/923 85/934/924 470/935/925
f 470/935/925 85/934/924 84/936/926
f 470/935/925 84/936/926 471/937/927
f 471/937/927 84/936/926 83/938/928
f 471/937/927 83/938/928 472/939/929
f 472/939/929 83/938/928 82/940/930
f 472/939/929 82/940/930 798/941/931
f 798/941/931 82/940/930 245/942/932
f 798/941/931 245/942/932 799/943/933
f 799/943/933 245/942/932 800/944/934
f 800/944/934 245/942/932 801/945/935
f 801/945/935 245/942/932 802/946/936
f 802/946/936 245/942/932 803/947/937
f 803/947/937 245/942/932 804/948/938
f 804/948/938 245/942/932 805/949/939
f 805/949/939 245/942/932 244/950/940
f 805/949/939 244/950/940 243/951/941
f 99/906/896 520/905/895 100/952/942
f 100/952/942 520/905/895 519/953/943
f 100/952/942 519/953/943 101/954/944
f 101/954/944 519/953/943 518/955/945
f 101/954/944 518/955/945 102/956/946
f 102/956/946 518/955/945 517/957/947
f 102/956/946 517/957/947 103/958/948
f 103/958/948 517/957/947 516/959/949
f 103/958/948 516/959/949 104/960/950
f 104/960/950 516/959/949 515/961/951
f 104/960/950 515/961/951 105/962/952
f 105/962/952 515/961/951 514/963/953
f 105/962/952 514/963/953 106/964/954
f 106/964/954 514/963/953 513/965/955
f 106/964/954 513/965/955 107/966/956
f 107/966/956 513/965/955 512/967/957
f 107/966/956 512/967/957 108/968/958
f 108/968/958 512/967/957 511/969/959
f 108/968/958 511/969/959 109/970/960
f 109/970/960 511/969/959 510/971/961
f 109/970/960 510/971/961 110/972/962
f 110/972/962 510/971/961 509/973/963
f 110/972/962 509/973/963 111/974/964
f 111/974/964 509/973/963 508/975/965
f 111/974/964 508/975/965 112/976/966
f 112/976/966 508/975/965 507/977/967
f 112/976/966 507/977/967 113/978/968
f 113/978/968 507/977/967 506/979/969
f 113/978/968 506/979/969 114/980/970
f 114/980/970 506/979/969 115/981/971
f 115/981/971 506/979/969 505/982/972
f 115/981/971 505/982/972 719/983/973
f 719/983/973 505/982/972 790/984/974
f 719/983/973 790/984/974 720/985/975
f 720/985/975 790/984/974 789/986/976
f 720/985/975 789/986/976 788/987/977
f 505/982/972 504/988/978 790/984/974
f 790/984/974 504/988/978 791/989/979
f 791/989/979 504/988/978 503/990/980
f 791/989/979 503/990/980 502/991/981
f 502/991/981 501/992/982 791/989/979
f 791/989/979 501/992/982 500/993/983
f 791/989/979 500/993/983 499/994/984
f 791/989/979 499/994/984 792/995/985
f 792/995/985 499/994/984 498/996/986
f 792/995/985 498/996/986 497/997/987
f 497/997/987 496/998/988 792/995/985
f 792/995/985 496/998/988 495/999/989
f 792/995/985 495/999/989 793/1000/990
f 793/1000/990 495/999/989 494/1001/991
f 793/1000/990 494/1001/991 493/1002/992
f 493/1002/992 492/1003/993 793/1000/990
f 793/1000/990 492/1003/993 794/1004/994
f 794/1004/994 492/1003/993 491/1005/995
f 794/1004/994 491/1005/995 490/1006/996
f 490/1006/996 489/1007/997 794/1004/994
f 794/1004/994 489/1007/997 795/1008/998
f 795/1008/998 489/1007/997 488/1009/999
f 795/1008/998 488/1009/999 487/1010/1000
f 487/1010/1000 486/1011/1001 795/1008/998
f 795/1008/998 486/1011/1001 796/1012/1002
f 796/1012/1002 486/1011/1001 485/1013/1003
f 796/1012/1002 485/1013/1003 484/1014/1004
f 484/1014/1004 483/1015/1005 796/1012/1002
f 796/1012/1002 483/1015/1005 797/1016/1006
f 797/1016/1006 483/1015/1005 482/1017/1007
f 797/1016/1006 482/1017/1007 481/1018/1008
f 481/1018/1008 480/1019/1009 797/1016/1006
f 797/1016/1006 480/1019/1009 479/1020/1010
f 797/1016/1006 479/1020/1010 798/941/931
f 798/941/931 479/1020/1010 478/1021/1011
f 798/941/931 478/1021/1011 477/1022/1012
f 477/1022/1012 476/1023/1013 798/941/931
f 798/941/931 476/1023/1013 475/1024/1014
f 798/941/931 475/1024/1014 474/1025/1015
f 474/1025/1015 473/1026/1016 798/941/931
f 798/941/931 473/1026/1016 472/939/929
f 390/1027/1017 887/1028/1018 326/1029/1019
f 326/1029/1019 887/1028/1018 886/1030/1020
f 326/1029/1019 886/1030/1020 327/1031/1021
f 327/1031/1021 886/1030/1020 885/1032/1022
f 327/1031/1021 885/1032/1022 328/1033/1023
f 328/1033/1023 885/1032/1022 329/1034/1024
f 329/1034/1024 885/1032/1022 884/1035/1025
f 329/1034/1024 884/1035/1025 330/1036/1026
f 330/1036/1026 884/1035/1025 331/1037/1027
f 331/1037/1027 884/1035/1025 332/1038/1028
f 332/1038/1028 884/1035/1025 333/1039/1029
f 333/1039/1029 884/1035/1025 334/1040/1030
f 334/1040/1030 884/1035/1025 335/1041/1031
f 335/1041/1031 884/1035/1025 336/1042/1032
f 336/1042/1032 884/1035/1025 337/1043/1033
f 337/1043/1033 884/1035/1025 338/1044/1034
f 338/1044/1034 884/1035/1025 339/1045/1035
f 339/1045/1035 884/1035/1025 340/1046/1036
f 340/1046/1036 884/1035/1025 341/1047/1037
f 341/1047/1037 884/1035/1025 342/1048/1038
f 342/1048/1038 884/1035/1025 883/1049/1039
f 342/1048/1038 883/1049/1039 882/1050/1040
f 887/1028/1018 390/1027/1017 888/1051/1041
f 888/1051/1041 390/1027/1017 389/1052/1042
f 888/1051/1041 389/1052/1042 889/1053/1043
f 889/1053/1043 389/1052/1042 388/1054/1044
f 889/1053/1043 388/1054/1044 890/1055/1045
f 890/1055/1045 388/1054/1044 387/1056/1046
f 890/1055/1045 387/1056/1046 891/1057/1047
f 891/1057/1047 387/1056/1046 386/1058/1048
f 891/1057/1047 386/1058/1048 892/1059/1049
f 892/1059/1049 386/1058/1048 385/1060/1050
f 892/1059/1049 385/1060/1050 893/1061/1051
f 893/1061/1051 385/1060/1050 384/1062/1052
f 893/1061/1051 384/1062/1052 894/1063/1053
f 894/1063/1053 384/1062/1052 383/1064/1054
f 894/1063/1053 383/1064/1054 708/1065/1055
f 708/1065/1055 383/1064/1054 382/1066/1056
f 708/1065/1055 382/1066/1056 75/1067/1057
f 75/1067/1057 382/1066/1056 381/1068/1058
f 75/1067/1057 381/1068/1058 76/1069/1059
f 76/1069/1059 381/1068/1058 380/1070/1060
f 76/1069/1059 380/1070/1060 77/1071/1061
f 77/1071/1061 380/1070/1060 379/1072/1062
f 77/1071/1061 379/1072/1062 78/1073/1063
f 78/1073/1063 379/1072/1062 378/1074/1064
f 78/1073/1063 378/1074/1064 79/1075/1065
f 79/1075/1065 378/1074/1064 377/1076/1066
f 79/1075/1065 377/1076/1066 80/1077/1067
f 80/1077/1067 377/1076/1066 376/1078/1068
f 80/1077/1067 376/1078/1068 81/1079/1069
f 81/1079/1069 376/1078/1068 375/1080/1070
f 81/1079/1069 375/1080/1070 82/940/930
f 82/940/930 375/1080/1070 245/942/932
f 375/1080/1070 374/1081/1071 245/942/932
f 245/942/932 374/1081/1071 246/1082/1072
f 246/1082/1072 374/1081/1071 373/1083/1073
f 246/1082/1072 373/1083/1073 247/1084/1074
f 247/1084/1074 373/1083/1073 372/1085/1075
f 247/1084/1074 372/1085/1075 248/1086/1076
f 248/1086/1076 372/1085/1075 371/1087/1077
f 248/1086/1076 371/1087/1077 249/1088/1078
f 249/1088/1078 371/1087/1077 370/1089/1079
f 249/1088/1078 370/1089/1079 250/1090/1080
f 250/1090/1080 370/1089/1079 369/1091/1081
f 250/1090/1080 369/1091/1081 251/1092/1082
f 251/1092/1082 369/1091/1081 368/1093/1083
f 251/1092/1082 368/1093/1083 252/1094/1084
f 252/1094/1084 368/1093/1083 367/1095/1085
f 252/1094/1084 367/1095/1085 253/1096/1086
f 253/1096/1086 367/1095/1085 366/1097/1087
f 253/1096/1086 366/1097/1087 254/1098/1088
f 254/1098/1088 366/1097/1087 365/1099/1089
f 254/1098/1088 365/1099/1089 255/1100/1090
f 255/1100/1090 365/1099/1089 364/1101/1091
f 255/1100/1090 364/1101/1091 256/1102/1092
f 256/1102/1092 364/1101/1091 363/1103/1093
f 256/1102/1092 363/1103/1093 257/1104/1094
f 257/1104/1094 363/1103/1093 362/1105/1095
f 257/1104/1094 362/1105/1095 258/1106/1096
f 258/1106/1096 362/1105/1095 361/1107/1097
f 258/1106/1096 361/1107/1097 259/1108/1098
f 259/1108/1098 361/1107/1097 360/1109/1099
f 259/1108/1098 360/1109/1099 260/1110/1100
f 260/1110/1100 360/1109/1099 359/1111/1101
f 260/1110/1100 359/1111/1101 196/1112/1102
f 196/1112/1102 359/1111/1101 358/1113/1103
f 196/1112/1102 358/1113/1103 197/1114/1104
f 197/1114/1104 358/1113/1103 357/1115/1105
f 197/1114/1104 357/1115/1105 198/1116/1106
f 198/1116/1106 357/1115/1105 356/1117/1107
f 198/1116/1106 356/1117/1107 199/1118/1108
f 199/1118/1108 356/1117/1107 355/1119/1109
f 199/1118/1108 355/1119/1109 200/1120/1110
f 200/1120/1110 355/1119/1109 354/1121/1111
f 200/1120/1110 354/1121/1111 201/1122/1112
f 201/1122/1112 354/1121/1111 353/1123/1113
f 201/1122/1112 353/1123/1113 202/1124/1114
f 202/1124/1114 353/1123/1113 352/1125/1115
f 202/1124/1114 352/1125/1115 203/1126/1116
f 203/1126/1116 352/1125/1115 351/1127/1117
f 203/1126/1116 351/1127/1117 204/1128/1118
f 204/1128/1118 351/1127/1117 350/1129/1119
f 204/1128/1118 350/1129/1119 205/1130/1120
f 205/1130/1120 350/1129/1119 349/1131/1121
f 205/1130/1120 349/1131/1121 206/1132/1122
f 206/1132/1122 349/1131/1121 348/1133/1123
f 206/1132/1122 348/1133/1123 207/1134/1124
f 207/1134/1124 348/1133/1123 347/1135/1125
f 207/1134/1124 347/1135/1125 208/1136/1126
f 208/1136/1126 347/1135/1125 346/1137/1127
f 208/1136/1126 346/1137/1127 209/1138/1128
f 209/1138/1128 346/1137/1127 345/1139/1129
f 209/1138/1128 345/1139/1129 210/1140/1130
f 210/1140/1130 345/1139/1129 344/1141/1131
f 210/1140/1130 344/1141/1131 211/1142/1132
f 211/1142/1132 344/1141/1131 343/1143/1133
f 211/1142/1132 343/1143/1133 212/1144/1134
f 212/1144/1134 343/1143/1133 342/1048/1038
f 212/1144/1134 342/1048/1038 848/1145/1135
f 848/1145/1135 342/1048/1038 849/1146/1136
f 849/1146/1136 342/1048/1038 850/1147/1137
f 850/1147/1137 342/1048/1038 851/1148/1138
f 851/1148/1138 342/1048/1038 852/1149/1139
f 852/1149/1139 342/1048/1038 853/1150/1140
f 853/1150/1140 342/1048/1038 854/1151/1141
f 854/1151/1141 342/1048/1038 855/1152/1142
f 855/1152/1142 342/1048/1038 856/1153/1143
f 856/1153/1143 342/1048/1038 857/1154/1144
f 857/1154/1144 342/1048/1038 858/1155/1145
f 858/1155/1145 342/1048/1038 859/1156/1146
f 859/1156/1146 342/1048/1038 860/1157/1147
f 860/1157/1147 342/1048/1038 861/1158/1148
f 861/1158/1148 342/1048/1038 862/1159/1149
f 862/1159/1149 342/1048/1038 863/1160/1150
f 863/1160/1150 342/1048/1038 864/1161/1151
f 864/1161/1151 342/1048/1038 865/1162/1152
f 865/1162/1152 342/1048/1038 866/1163/1153
f 866/1163/1153 342/1048/1038 867/1164/1154
f 867/1164/1154 342/1048/1038 868/1165/1155
f 868/1165/1155 342/1048/1038 869/1166/1156
f 869/1166/1156 342/1048/1038 870/1167/1157
f 870/1167/1157 342/1048/1038 871/1168/1158
f 871/1168/1158 342/1048/1038 872/1169/1159
f 872/1169/1159 342/1048/1038 873/1170/1160
f 873/1170/1160 342/1048/1038 874/1171/1161
f 874/1171/1161 342/1048/1038 875/1172/1162
f 875/1172/1162 342/1048/1038 876/1173/1163
f 876/1173/1163 342/1048/1038 877/1174/1164
f 877/1174/1164 342/1048/1038 878/1175/1165
f 878/1175/1165 342/1048/1038 879/1176/1166
f 879/1176/1166 342/1048/1038 880/1177/1167
f 880/1177/1167 342/1048/1038 881/1178/1168
f 881/1178/1168 342/1048/1038 882/1050/1040
f 243/951/941 242/1179/1169 805/949/939
f 805/949/939 242/1179/1169 241/1180/1170
f 805/949/939 241/1180/1170 240/1181/1171
f 240/1181/1171 239/1182/1172 805/949/939
f 805/949/939 239/1182/1172 238/1183/1173
f 805/949/939 238/1183/1173 237/1184/1174
f 237/1184/1174 236/1185/1175 805/949/939
f 805/949/939 236/1185/1175 235/1186/1176
f 805/949/939 235/1186/1176 234/1187/1177
f 234/1187/1177 233/1188/1178 805/949/939
f 805/949/939 233/1188/1178 806/1189/1179
f 806/1189/1179 233/1188/1178 232/1190/1180
f 806/1189/1179 232/1190/1180 807/1191/1181
f 807/1191/1181 232/1190/1180 231/1192/1182
f 807/1191/1181 231/1192/1182 808/1193/1183
f 808/1193/1183 231/1192/1182 230/1194/1184
f 808/1193/1183 230/1194/1184 809/1195/1185
f 809/1195/1185 230/1194/1184 229/1196/1186
f 809/1195/1185 229/1196/1186 810/1197/1187
f 810/1197/1187 229/1196/1186 228/1198/1188
f 810/1197/1187 228/1198/1188 811/1199/1189
f 811/1199/1189 228/1198/1188 227/1200/1190
f 811/1199/1189 227/1200/1190 226/1201/1191
f 811/1199/1189 226/1201/1191 812/1202/1192
f 812/1202/1192 226/1201/1191 225/1203/1193
f 812/1202/1192 225/1203/1193 813/1204/1194
f 813/1204/1194 225/1203/1193 224/1205/1195
f 813/1204/1194 224/1205/1195 814/1206/1196
f 814/1206/1196 224/1205/1195 223/1207/1197
f 814/1206/1196 223/1207/1197 815/1208/1198
f 815/1208/1198 223/1207/1197 222/1209/1199
f 815/1208/1198 222/1209/1199 816/1210/1200
f 816/1210/1200 222/1209/1199 221/1211/1201
f 816/1210/1200 221/1211/1201 220/1212/1202
f 816/1210/1200 220/1212/1202 817/1213/1203
f 817/1213/1203 220/1212/1202 219/1214/1204
f 817/1213/1203 219/1214/1204 818/1215/1205
f 818/1215/1205 219/1214/1204 218/1216/1206
f 818/1215/1205 218/1216/1206 819/1217/1207
f 819/1217/1207 218/1216/1206 217/1218/1208
f 819/1217/1207 217/1218/1208 820/1219/1209
f 820/1219/1209 217/1218/1208 216/1220/1210
f 820/1219/1209 216/1220/1210 821/1221/1211
f 821/1221/1211 216/1220/1210 215/1222/1212
f 821/1221/1211 215/1222/1212 822/1223/1213
f 822/1223/1213 215/1222/1212 214/1224/1214
f 822/1223/1213 214/1224/1214 823/1225/1215
f 823/1225/1215 214/1224/1214 213/1226/1216
f 823/1225/1215 213/1226/1216 824/1227/1217
f 824/1227/1217 213/1226/1216 212/1144/1134
f 824/1227/1217 212/1144/1134 825/1228/1218
f 825/1228/1218 212/1144/1134 826/1229/1219
f 826/1229/1219 212/1144/1134 827/1230/1220
f 827/1230/1220 212/1144/1134 828/1231/1221
f 828/1231/1221 212/1144/1134 829/1232/1222
f 829/1232/1222 212/1144/1134 830/1233/1223
f 830/1233/1223 212/1144/1134 831/1234/1224
f 831/1234/1224 212/1144/1134 832/1235/1225
f 832/1235/1225 212/1144/1134 833/1236/1226
f 833/1236/1226 212/1144/1134 834/1237/1227
f 834/1237/1227 212/1144/1134 835/1238/1228
f 835/1238/1228 212/1144/1134 836/1239/1229
f 836/1239/1229 212/1144/1134 837/1240/1230
f 837/1240/1230 212/1144/1134 838/1241/1231
f 838/1241/1231 212/1144/1134 839/1242/1232
f 839/1242/1232 212/1144/1134 840/1243/1233
f 840/1243/1233 212/1144/1134 841/1244/1234
f 841/1244/1234 212/1144/1134 842/1245/1235
f 842/1245/1235 212/1144/1134 843/1246/1236
f 843/1246/1236 212/1144/1134 844/1247/1237
f 844/1247/1237 212/1144/1134 845/1248/1238
f 845/1248/1238 212/1144/1134 846/1249/1239
f 846/1249/1239 212/1144/1134 847/1250/1240
f 847/1250/1240 212/1144/1134 848/1145/1135
f 130/1251/1241 717/1252/1242 66/1253/1243
f 66/1253/1243 717/1252/1242 716/1254/1244
f 66/1253/1243 716/1254/1244 67/1255/1245
f 67/1255/1245 716/1254/1244 715/1256/1246
f 67/1255/1245 715/1256/1246 68/1257/1247
f 68/1257/1247 715/1256/1246 714/1258/1248
f 68/1257/1247 714/1258/1248 69/1259/1249
f 69/1259/1249 714/1258/1248 713/1260/1250
f 69/1259/1249 713/1260/1250 70/1261/1251
f 70/1261/1251 713/1260/1250 712/1262/1252
f 70/1261/1251 712/1262/1252 71/1263/1253
f 71/1263/1253 712/1262/1252 711/1264/1254
f 71/1263/1253 711/1264/1254 72/1265/1255
f 72/1265/1255 711/1264/1254 710/1266/1256
f 72/1265/1255 710/1266/1256 73/1267/1257
f 73/1267/1257 710/1266/1256 709/1268/1258
f 73/1267/1257 709/1268/1258 74/1269/1259
f 74/1269/1259 709/1268/1258 708/1065/1055
f 74/1269/1259 708/1065/1055 75/1067/1057
f 717/1252/1242 130/1251/1241 718/1270/1260
f 718/1270/1260 130/1251/1241 129/1271/1261
f 718/1270/1260 129/1271/1261 128/1272/1262
f 718/1270/1260 128/1272/1262 719/983/973
f 719/983/973 128/1272/1262 127/1273/1263
f 719/983/973 127/1273/1263 126/1274/1264
f 126/1274/1264 125/1275/1265 719/983/973
f 719/983/973 125/1275/1265 124/1276/1266
f 719/983/973 124/1276/1266 123/1277/1267
f 123/1277/1267 122/1278/1268 719/983/973
f 719/983/973 122/1278/1268 121/1279/1269
f 719/983/973 121/1279/1269 120/1280/1270
f 120/1280/1270 119/1281/1271 719/983/973
f 719/983/973 119/1281/1271 118/1282/1272
f 719/983/973 118/1282/1272 117/1283/1273
f 117/1283/1273 116/1284/1274 719/983/973
f 719/983/973 116/1284/1274 115/981/971
f 788/987/977 787/1285/1275 720/985/975
f 720/985/975 787/1285/1275 786/1286/1276
f 720/985/975 786/1286/1276 785/1287/1277
f 785/1287/1277 784/1288/1278 720/985/975
f 720/985/975 784/1288/1278 783/1289/1279
f 720/985/975 783/1289/1279 782/1290/1280
f 782/1290/1280 781/1291/1281 720/985/975
f 720/985/975 781/1291/1281 780/1292/1282
f 720/985/975 780/1292/1282 779/1293/1283
f 779/1293/1283 778/1294/1284 720/985/975
f 720/985/975 778/1294/1284 777/1295/1285
f 720/985/975 777/1295/1285 776/1296/1286
f 776/1296/1286 775/1297/1287 720/985/975
f 720/985/975 775/1297/1287 774/1298/1288
f 720/985/975 774/1298/1288 773/1299/1289
f 773/1299/1289 772/1300/1290 720/985/975
f 720/985/975 772/1300/1290 771/1301/1291
f 720/985/975 771/1301/1291 770/1302/1292
f 770/1302/1292 769/1303/1293 720/985/975
f 720/985/975 769/1303/1293 768/1304/1294
f 720/985/975 768/1304/1294 767/1305/1295
f 767/1305/1295 766/1306/1296 720/985/975
f 720/985/975 766/1306/1296 765/1307/1297
f 720/985/975 765/1307/1297 764/1308/1298
f 764/1308/1298 763/1309/1299 720/985/975
f 720/985/975 763/1309/1299 762/1310/1300
f 720/985/975 762/1310/1300 761/1311/1301
f 761/1311/1301 760/1312/1302 720/985/975
f 720/985/975 760/1312/1302 759/1313/1303
f 720/985/975 759/1313/1303 758/1314/1304
f 758/1314/1304 757/1315/1305 720/985/975
f 720/985/975 757/1315/1305 756/1316/1306
f 720/985/975 756/1316/1306 755/1317/1307
f 755/1317/1307 754/1318/1308 720/985/975
f 720/985/975 754/1318/1308 753/1319/1309
f 720/985/975 753/1319/1309 752/1320/1310
f 752/1320/1310 751/1321/1311 720/985/975
f 720/985/975 751/1321/1311 750/1322/1312
f 720/985/975 750/1322/1312 749/1323/1313
f 749/1323/1313 748/1324/1314 720/985/975
f 720/985/975 748/1324/1314 747/1325/1315
f 720/985/975 747/1325/1315 746/1326/1316
f 746/1326/1316 745/1327/1317 720/985/975
f 720/985/975 745/1327/1317 744/1328/1318
f 720/985/975 744/1328/1318 743/1329/1319
f 743/1329/1319 742/1330/1320 720/985/975
f 720/985/975 742/1330/1320 741/1331/1321
f 720/985/975 741/1331/1321 740/1332/1322
f 740/1332/1322 739/1333/1323 720/985/975
f 720/985/975 739/1333/1323 738/1334/1324
f 720/985/975 738/1334/1324 737/1335/1325
f 737/1335/1325 736/1336/1326 720/985/975
f 720/985/975 736/1336/1326 735/1337/1327
f 720/985/975 735/1337/1327 734/1338/1328
f 734/1338/1328 733/1339/1329 720/985/975
f 720/985/975 733/1339/1329 732/1340/1330
f 720/985/975 732/1340/1330 731/1341/1331
f 720/985/975 731/1341/1331 721/1342/1332
f 721/1342/1332 731/1341/1331 730/1343/1333
f 721/1342/1332 730/1343/1333 729/1344/1334
f 729/1344/1334 728/1345/1335 721/1342/1332
f 721/1342/1332 728/1345/1335 727/1346/1336
f 721/1342/1332 727/1346/1336 726/1347/1337
f 726/1347/1337 725/1348/1338 721/1342/1332
f 721/1342/1332 725/1348/1338 724/1349/1339
f 721/1342/1332 724/1349/1339 723/1350/1340
f 723/1350/1340 722/1351/1341 721/1342/1332
f 455/1352/1342 34/1353/1343 391/1354/1344
f 391/1354/1344 34/1353/1343 33/1355/1345
f 391/1354/1344 33/1355/1345 392/1356/1346
f 392/1356/1346 33/1355/1345 32/1357/1347
f 392/1356/1346 32/1357/1347 393/1358/1348
f 393/1358/1348 32/1357/1347 31/1359/1349
f 393/1358/1348 31/1359/1349 394/1360/1350
f 394/1360/1350 31/1359/1349 30/1361/1351
f 394/1360/1350 30/1361/1351 395/1362/1352
f 395/1362/1352 30/1361/1351 29/1363/1353
f 395/1362/1352 29/1363/1353 396/1364/1354
f 396/1364/1354 29/1363/1353 28/1365/1355
f 396/1364/1354 28/1365/1355 397/1366/1356
f 397/1366/1356 28/1365/1355 27/1367/1357
f 397/1366/1356 27/1367/1357 398/1368/1358
f 398/1368/1358 27/1367/1357 26/1369/1359
f 398/1368/1358 26/1369/1359 399/1370/1360
f 399/1370/1360 26/1369/1359 25/1371/1361
f 399/1370/1360 25/1371/1361 400/1372/1362
f 400/1372/1362 25/1371/1361 24/1373/1363
f 400/1372/1362 24/1373/1363 401/1374/1364
f 401/1374/1364 24/1373/1363 23/1375/1365
f 401/1374/1364 23/1375/1365 402/1376/1366
f 402/1376/1366 23/1375/1365 22/1377/1367
f 402/1376/1366 22/1377/1367 403/1378/1368
f 403/1378/1368 22/1377/1367 21/1379/1369
f 403/1378/1368 21/1379/1369 404/1380/1370
f 404/1380/1370 21/1379/1369 20/1381/1371
f 404/1380/1370 20/1381/1371 405/1382/1372
f 405/1382/1372 20/1381/1371 19/1383/1373
f 405/1382/1372 19/1383/1373 406/1384/1374
f 406/1384/1374 19/1383/1373 18/1385/1375
f 406/1384/1374 18/1385/1375 407/1386/1376
f 407/1386/1376 18/1385/1375 17/1387/1377
f 407/1386/1376 17/1387/1377 697/1388/1378
f 697/1388/1378 17/1387/1377 16/1389/1379
f 697/1388/1378 16/1389/1379 15/1390/1380
f 34/1353/1343 455/1352/1342 35/1391/1381
f 35/1391/1381 455/1352/1342 454/1392/1382
f 35/1391/1381 454/1392/1382 36/1393/1383
f 36/1393/1383 454/1392/1382 453/1394/1384
f 36/1393/1383 453/1394/1384 37/1395/1385
f 37/1395/1385 453/1394/1384 452/1396/1386
f 37/1395/1385 452/1396/1386 38/1397/1387
f 38/1397/1387 452/1396/1386 451/1398/1388
f 38/1397/1387 451/1398/1388 39/1399/1389
f 39/1399/1389 451/1398/1388 450/1400/1390
f 39/1399/1389 450/1400/1390 40/1401/1391
f 40/1401/1391 450/1400/1390 449/1402/1392
f 40/1401/1391 449/1402/1392 41/1403/1393
f 41/1403/1393 449/1402/1392 448/1404/1394
f 41/1403/1393 448/1404/1394 42/1405/1395
f 42/1405/1395 448/1404/1394 447/1406/1396
f 42/1405/1395 447/1406/1396 43/1407/1397
f 43/1407/1397 447/1406/1396 446/1408/1398
f 43/1407/1397 446/1408/1398 44/1409/1399
f 44/1409/1399 446/1408/1398 445/1410/1400
f 44/1409/1399 445/1410/1400 45/1411/1401
f 45/1411/1401 445/1410/1400 444/1412/1402
f 45/1411/1401 444/1412/1402 46/1413/1403
f 46/1413/1403 444/1412/1402 443/1414/1404
f 46/1413/1403 443/1414/1404 47/1415/1405
f 47/1415/1405 443/1414/1404 442/1416/1406
f 47/1415/1405 442/1416/1406 48/1417/1407
f 48/1417/1407 442/1416/1406 441/1418/1408
f 48/1417/1407 441/1418/1408 49/1419/1409
f 49/1419/1409 441/1418/1408 440/1420/1410
f 49/1419/1409 440/1420/1410 50/1421/1411
f 50/1421/1411 440/1420/1410 277/1422/1412
f 50/1421/1411 277/1422/1412 51/1423/1413
f 51/1423/1413 277/1422/1412 276/1424/1414
f 51/1423/1413 276/1424/1414 52/1425/1415
f 52/1425/1415 276/1424/1414 275/1426/1416
f 52/1425/1415 275/1426/1416 53/1427/1417
f 53/1427/1417 275/1426/1416 274/1428/1418
f 53/1427/1417 274/1428/1418 54/1429/1419
f 54/1429/1419 274/1428/1418 273/1430/1420
f 54/1429/1419 273/1430/1420 55/1431/1421
f 55/1431/1421 273/1430/1420 272/1432/1422
f 55/1431/1421 272/1432/1422 56/1433/1423
f 56/1433/1423 272/1432/1422 271/1434/1424
f 56/1433/1423 271/1434/1424 57/1435/1425
f 57/1435/1425 271/1434/1424 270/1436/1426
f 57/1435/1425 270/1436/1426 521/1437/1427
f 521/1437/1427 270/1436/1426 269/1438/1428
f 521/1437/1427 269/1438/1428 522/1439/1429
f 522/1439/1429 269/1438/1428 268/1440/1430
f 522/1439/1429 268/1440/1430 523/1441/1431
f 523/1441/1431 268/1440/1430 267/1442/1432
f 523/1441/1431 267/1442/1432 524/1443/1433
f 524/1443/1433 267/1442/1432 266/1444/1434
f 524/1443/1433 266/1444/1434 525/1445/1435
f 525/1445/1435 266/1444/1434 265/1446/1436
f 525/1445/1435 265/1446/1436 526/1447/1437
f 526/1447/1437 265/1446/1436 264/1448/1438
f 526/1447/1437 264/1448/1438 527/1449/1439
f 527/1449/1439 264/1448/1438 263/1450/1440
f 527/1449/1439 263/1450/1440 528/1451/1441
f 528/1451/1441 263/1450/1440 262/1452/1442
f 528/1451/1441 262/1452/1442 529/1453/1443
f 529/1453/1443 262/1452/1442 261/1454/1444
f 529/1453/1443 261/1454/1444 530/1455/1445
f 530/1455/1445 261/1454/1444 325/1456/1446
f 530/1455/1445 325/1456/1446 531/1457/1447
f 531/1457/1447 325/1456/1446 324/1458/1448
f 531/1457/1447 324/1458/1448 323/1459/1449
f 439/1460/1450 618/1461/1451 440/1420/1410
f 440/1420/1410 618/1461/1451 617/1462/1452
f 440/1420/1410 617/1462/1452 616/1463/1453
f 439/1460/1450 438/1464/1454 618/1461/1451
f 618/1461/1451 438/1464/1454 437/1465/1455
f 618/1461/1451 437/1465/1455 436/1466/1456
f 436/1466/1456 435/1467/1457 618/1461/1451
f 618/1461/1451 435/1467/1457 434/1468/1458
f 618/1461/1451 434/1468/1458 433/1469/1459
f 618/1461/1451 433/1469/1459 619/1470/1460
f 619/1470/1460 433/1469/1459 432/1471/1461
f 619/1470/1460 432/1471/1461 431/1472/1462
f 431/1472/1462 430/1473/1463 619/1470/1460
f 619/1470/1460 430/1473/1463 429/1474/1464
f 619/1470/1460 429/1474/1464 620/1475/1465
f 620/1475/1465 429/1474/1464 428/1476/1466
f 620/1475/1465 428/1476/1466 427/1477/1467
f 427/1477/1467 426/1478/1468 620/1475/1465
f 620/1475/1465 426/1478/1468 621/1479/1469
f 621/1479/1469 426/1478/1468 425/1480/1470
f 621/1479/1469 425/1480/1470 424/1481/1471
f 424/1481/1471 423/1482/1472 621/1479/1469
f 621/1479/1469 423/1482/1472 622/1483/1473
f 622/1483/1473 423/1482/1472 422/1484/1474
f 622/1483/1473 422/1484/1474 421/1485/1475
f 421/1485/1475 420/1486/1476 622/1483/1473
f 622/1483/1473 420/1486/1476 623/1487/1477
f 623/1487/1477 420/1486/1476 419/1488/1478
f 623/1487/1477 419/1488/1478 418/1489/1479
f 418/1489/1479 417/1490/1480 623/1487/1477
f 623/1487/1477 417/1490/1480 624/1491/1481
f 624/1491/1481 417/1490/1480 416/1492/1482
f 624/1491/1481 416/1492/1482 415/1493/1483
f 415/1493/1483 414/1494/1484 624/1491/1481
f 624/1491/1481 414/1494/1484 413/1495/1485
f 624/1491/1481 413/1495/1485 625/1496/1486
f 625/1496/1486 413/1495/1485 412/1497/1487
f 625/1496/1486 412/1497/1487 411/1498/1488
f 411/1498/1488 410/1499/1489 625/1496/1486
f 625/1496/1486 410/1499/1489 409/1500/1490
f 625/1496/1486 409/1500/1490 408/1501/1491
f 625/1496/1486 408/1501/1491 626/1502/1492
f 626/1502/1492 408/1501/1491 407/1386/1376
f 626/1502/1492 407/1386/1376 697/1388/1378
f 531/1457/1447 323/1459/1449 532/1503/1493
f 532/1503/1493 323/1459/1449 322/1504/1494
f 532/1503/1493 322/1504/1494 321/1505/1495
f 321/1505/1495 320/1506/1496 532/1503/1493
f 532/1503/1493 320/1506/1496 319/1507/1497
f 532/1503/1493 319/1507/1497 318/1508/1498
f 318/1508/1498 317/1509/1499 532/1503/1493
f 532/1503/1493 317/1509/1499 316/1510/1500
f 532/1503/1493 316/1510/1500 315/1511/1501
f 315/1511/1501 314/1512/1502 532/1503/1493
f 532/1503/1493 314/1512/1502 313/1513/1503
f 532/1503/1493 313/1513/1503 312/1514/1504
f 312/1514/1504 311/1515/1505 532/1503/1493
f 532/1503/1493 311/1515/1505 310/1516/1506
f 532/1503/1493 310/1516/1506 180/1517/1507
f 180/1517/1507 310/1516/1506 309/1518/1508
f 180/1517/1507 309/1518/1508 181/1519/1509
f 181/1519/1509 309/1518/1508 308/1520/1510
f 181/1519/1509 308/1520/1510 182/1521/1511
f 182/1521/1511 308/1520/1510 307/1522/1512
f 182/1521/1511 307/1522/1512 183/1523/1513
f 183/1523/1513 307/1522/1512 306/1524/1514
f 183/1523/1513 306/1524/1514 184/1525/1515
f 184/1525/1515 306/1524/1514 305/1526/1516
f 184/1525/1515 305/1526/1516 185/1527/1517
f 185/1527/1517 305/1526/1516 304/1528/1518
f 185/1527/1517 304/1528/1518 186/1529/1519
f 186/1529/1519 304/1528/1518 303/1530/1520
f 186/1529/1519 303/1530/1520 187/1531/1521
f 187/1531/1521 303/1530/1520 302/1532/1522
f 187/1531/1521 302/1532/1522 188/1533/1523
f 188/1533/1523 302/1532/1522 301/1534/1524
f 188/1533/1523 301/1534/1524 189/1535/1525
f 189/1535/1525 301/1534/1524 300/1536/1526
f 189/1535/1525 300/1536/1526 190/1537/1527
f 190/1537/1527 300/1536/1526 299/1538/1528
f 190/1537/1527 299/1538/1528 191/1539/1529
f 191/1539/1529 299/1538/1528 298/1540/1530
f 191/1539/1529 298/1540/1530 192/1541/1531
f 192/1541/1531 298/1540/1530 297/1542/1532
f 192/1541/1531 297/1542/1532 193/1543/1533
f 193/1543/1533 297/1542/1532 296/1544/1534
f 193/1543/1533 296/1544/1534 194/1545/1535
f 194/1545/1535 296/1544/1534 295/1546/1536
f 194/1545/1535 295/1546/1536 195/1547/1537
f 195/1547/1537 295/1546/1536 294/1548/1538
f 195/1547/1537 294/1548/1538 131/1549/1539
f 131/1549/1539 294/1548/1538 293/1550/1540
f 131/1549/1539 293/1550/1540 132/1551/1541
f 132/1551/1541 293/1550/1540 292/1552/1542
f 132/1551/1541 292/1552/1542 133/1553/1543
f 133/1553/1543 292/1552/1542 291/1554/1544
f 133/1553/1543 291/1554/1544 134/1555/1545
f 134/1555/1545 291/1554/1544 290/1556/1546
f 134/1555/1545 290/1556/1546 135/1557/1547
f 135/1557/1547 290/1556/1546 289/1558/1548
f 135/1557/1547 289/1558/1548 136/1559/1549
f 136/1559/1549 289/1558/1548 288/1560/1550
f 136/1559/1549 288/1560/1550 137/1561/1551
f 137/1561/1551 288/1560/1550 287/1562/1552
f 137/1561/1551 287/1562/1552 138/1563/1553
f 138/1563/1553 287/1562/1552 286/1564/1554
f 138/1563/1553 286/1564/1554 139/1565/1555
f 139/1565/1555 286/1564/1554 285/1566/1556
f 139/1565/1555 285/1566/1556 140/1567/1557
f 140/1567/1557 285/1566/1556 284/1568/1558
f 140/1567/1557 284/1568/1558 141/1569/1559
f 141/1569/1559 284/1568/1558 283/1570/1560
f 141/1569/1559 283/1570/1560 142/1571/1561
f 142/1571/1561 283/1570/1560 282/1572/1562
f 142/1571/1561 282/1572/1562 143/1573/1563
f 143/1573/1563 282/1572/1562 281/1574/1564
f 143/1573/1563 281/1574/1564 144/1575/1565
f 144/1575/1565 281/1574/1564 280/1576/1566
f 144/1575/1565 280/1576/1566 145/1577/1567
f 145/1577/1567 280/1576/1566 279/1578/1568
f 145/1577/1567 279/1578/1568 146/1579/1569
f 146/1579/1569 279/1578/1568 278/1580/1570
f 146/1579/1569 278/1580/1570 147/1581/1571
f 147/1581/1571 278/1580/1570 277/1422/1412
f 147/1581/1571 277/1422/1412 611/1582/1572
f 611/1582/1572 277/1422/1412 440/1420/1410
f 611/1582/1572 440/1420/1410 612/1583/1573
f 612/1583/1573 440/1420/1410 613/1584/1574
f 613/1584/1574 440/1420/1410 614/1585/1575
f 614/1585/1575 440/1420/1410 615/1586/1576
f 615/1586/1576 440/1420/1410 616/1463/1453
f 179/1587/1577 592/1588/1578 180/1517/1507
f 180/1517/1507 592/1588/1578 591/1589/1579
f 180/1517/1507 591/1589/1579 590/1590/1580
f 592/1588/1578 179/1587/1577 593/1591/1581
f 593/1591/1581 179/1587/1577 178/1592/1582
f 593/1591/1581 178/1592/1582 594/1593/1583
f 594/1593/1583 178/1592/1582 177/1594/1584
f 594/1593/1583 177/1594/1584 595/1595/1585
f 595/1595/1585 177/1594/1584 176/1596/1586
f 595/1595/1585 176/1596/1586 596/1597/1587
f 596/1597/1587 176/1596/1586 175/1598/1588
f 596/1597/1587 175/1598/1588 597/1599/1589
f 597/1599/1589 175/1598/1588 174/1600/1590
f 597/1599/1589 174/1600/1590 598/1601/1591
f 598/1601/1591 174/1600/1590 173/1602/1592
f 598/1601/1591 173/1602/1592 599/1603/1593
f 599/1603/1593 173/1602/1592 172/1604/1594
f 599/1603/1593 172/1604/1594 600/1605/1595
f 600/1605/1595 172/1604/1594 171/1606/1596
f 600/1605/1595 171/1606/1596 170/1607/1597
f 600/1605/1595 170/1607/1597 601/1608/1598
f 601/1608/1598 170/1607/1597 169/1609/1599
f 601/1608/1598 169/1609/1599 602/1610/1600
f 602/1610/1600 169/1609/1599 168/1611/1601
f 602/1610/1600 168/1611/1601 603/1612/1602
f 603/1612/1602 168/1611/1601 167/1613/1603
f 603/1612/1602 167/1613/1603 604/1614/1604
f 604/1614/1604 167/1613/1603 166/1615/1605
f 604/1614/1604 166/1615/1605 605/1616/1606
f 605/1616/1606 166/1615/1605 165/1617/1607
f 605/1616/1606 165/1617/1607 164/1618/1608
f 605/1616/1606 164/1618/1608 606/1619/1609
f 606/1619/1609 164/1618/1608 163/1620/1610
f 606/1619/1609 163/1620/1610 607/1621/1611
f 607/1621/1611 163/1620/1610 162/1622/1612
f 607/1621/1611 162/1622/1612 608/1623/1613
f 608/1623/1613 162/1622/1612 161/1624/1614
f 608/1623/1613 161/1624/1614 609/1625/1615
f 609/1625/1615 161/1624/1614 160/1626/1616
f 609/1625/1615 160/1626/1616 610/1627/1617
f 610/1627/1617 160/1626/1616 159/1628/1618
f 610/1627/1617 159/1628/1618 611/1582/1572
f 611/1582/1572 159/1628/1618 158/1629/1619
f 611/1582/1572 158/1629/1619 157/1630/1620
f 157/1630/1620 156/1631/1621 611/1582/1572
f 611/1582/1572 156/1631/1621 155/1632/1622
f 611/1582/1572 155/1632/1622 154/1633/1623
f 154/1633/1623 153/1634/1624 611/1582/1572
f 611/1582/1572 153/1634/1624 152/1635/1625
f 611/1582/1572 152/1635/1625 151/1636/1626
f 151/1636/1626 150/1637/1627 611/1582/1572
f 611/1582/1572 150/1637/1627 149/1638/1628
f 611/1582/1572 149/1638/1628 148/1639/1629
f 148/1639/1629 147/1581/1571 611/1582/1572
f 65/1640/1630 700/1641/1631 1/1642/1632
f 1/1642/1632 700/1641/1631 699/1643/1633
f 1/1642/1632 699/1643/1633 2/1644/1634
f 2/1644/1634 699/1643/1633 698/1645/1635
f 2/1644/1634 698/1645/1635 3/1646/1636
f 3/1646/1636 698/1645/1635 4/1647/1637
f 4/1647/1637 698/1645/1635 697/1388/1378
f 4/1647/1637 697/1388/1378 5/1648/1638
f 5/1648/1638 697/1388/1378 6/1649/1639
f 6/1649/1639 697/1388/1378 7/1650/1640
f 7/1650/1640 697/1388/1378 8/1651/1641
f 8/1651/1641 697/1388/1378 9/1652/1642
f 9/1652/1642 697/1388/1378 10/1653/1643
f 10/1653/1643 697/1388/1378 11/1654/1644
f 11/1654/1644 697/1388/1378 12/1655/1645
f 12/1655/1645 697/1388/1378 13/1656/1646
f 13/1656/1646 697/1388/1378 14/1657/1647
f 14/1657/1647 697/1388/1378 15/1390/1380
f 700/1641/1631 65/1640/1630 701/1658/1648
f 701/1658/1648 65/1640/1630 64/1659/1649
f 701/1658/1648 64/1659/1649 702/1660/1650
f 702/1660/1650 64/1659/1649 63/1661/1651
f 702/1660/1650 63/1661/1651 703/1662/1652
f 703/1662/1652 63/1661/1651 62/1663/1653
f 703/1662/1652 62/1663/1653 704/1664/1654
f 704/1664/1654 62/1663/1653 61/1665/1655
f 704/1664/1654 61/1665/1655 705/1666/1656
f 705/1666/1656 61/1665/1655 60/1667/1657
f 705/1666/1656 60/1667/1657 706/1668/1658
f 706/1668/1658 60/1667/1657 59/1669/1659
f 706/1668/1658 59/1669/1659 707/1670/1660
f 707/1670/1660 59/1669/1659 58/1671/1661
f 707/1670/1660 58/1671/1661 521/1437/1427
f 521/1437/1427 58/1671/1661 57/1435/1425
f 696/1672/1662 680/1673/1663 697/1388/1378
f 697/1388/1378 680/1673/1663 679/1674/1664
f 697/1388/1378 679/1674/1664 678/1675/1665
f 695/1676/1666 694/1677/1667 696/1672/1662
f 696/1672/1662 694/1677/1667 693/1678/1668
f 696/1672/1662 693/1678/1668 692/1679/1669
f 692/1679/1669 691/1680/1670 696/1672/1662
f 696/1672/1662 691/1680/1670 690/1681/1671
f 696/1672/1662 690/1681/1671 689/1682/1672
f 689/1682/1672 688/1683/1673 696/1672/1662
f 696/1672/1662 688/1683/1673 687/1684/1674
f 696/1672/1662 687/1684/1674 686/1685/1675
f 686/1685/1675 685/1686/1676 696/1672/1662
f 696/1672/1662 685/1686/1676 684/1687/1677
f 696/1672/1662 684/1687/1677 683/1688/1678
f 683/1688/1678 682/1689/1679 696/1672/1662
f 696/1672/1662 682/1689/1679 681/1690/1680
f 696/1672/1662 681/1690/1680 680/1673/1663
f 678/1675/1665 677/1691/1681 697/1388/1378
f 697/1388/1378 677/1691/1681 676/1692/1682
f 697/1388/1378 676/1692/1682 675/1693/1683
f 675/1693/1683 674/1694/1684 697/1388/1378
f 697/1388/1378 674/1694/1684 673/1695/1685
f 697/1388/1378 673/1695/1685 672/1696/1686
f 672/1696/1686 671/1697/1687 697/1388/1378
f 697/1388/1378 671/1697/1687 670/1698/1688
f 697/1388/1378 670/1698/1688 669/1699/1689
f 669/1699/1689 668/1700/1690 697/1388/1378
f 697/1388/1378 668/1700/1690 667/1701/1691
f 697/1388/1378 667/1701/1691 666/1702/1692
f 666/1702/1692 665/1703/1693 697/1388/1378
f 697/1388/1378 665/1703/1693 664/1704/1694
f 697/1388/1378 664/1704/1694 663/1705/1695
f 663/1705/1695 662/1706/1696 697/1388/1378
f 697/1388/1378 662/1706/1696 661/1707/1697
f 697/1388/1378 661/1707/1697 660/1708/1698
f 660/1708/1698 659/1709/1699 697/1388/1378
f 697/1388/1378 659/1709/1699 658/1710/1700
f 697/1388/1378 658/1710/1700 657/1711/1701
f 657/1711/1701 656/1712/1702 697/1388/1378
f 697/1388/1378 656/1712/1702 655/1713/1703
f 697/1388/1378 655/1713/1703 654/1714/1704
f 654/1714/1704 653/1715/1705 697/1388/1378
f 697/1388/1378 653/1715/1705 652/1716/1706
f 697/1388/1378 652/1716/1706 651/1717/1707
f 651/1717/1707 650/1718/1708 697/1388/1378
f 697/1388/1378 650/1718/1708 649/1719/1709
f 697/1388/1378 649/1719/1709 648/1720/1710
f 648/1720/1710 647/1721/1711 697/1388/1378
f 697/1388/1378 647/1721/1711 646/1722/1712
f 697/1388/1378 646/1722/1712 645/1723/1713
f 645/1723/1713 644/1724/1714 697/1388/1378
f 697/1388/1378 644/1724/1714 643/1725/1715
f 697/1388/1378 643/1725/1715 642/1726/1716
f 642/1726/1716 641/1727/1717 697/1388/1378
f 697/1388/1378 641/1727/1717 640/1728/1718
f 697/1388/1378 640/1728/1718 639/1729/1719
f 639/1729/1719 638/1730/1720 697/1388/1378
f 697/1388/1378 638/1730/1720 637/1731/1721
f 697/1388/1378 637/1731/1721 636/1732/1722
f 636/1732/1722 635/1733/1723 697/1388/1378
f 697/1388/1378 635/1733/1723 634/1734/1724
f 697/1388/1378 634/1734/1724 633/1735/1725
f 633/1735/1725 632/1736/1726 697/1388/1378
f 697/1388/1378 632/1736/1726 631/1737/1727
f 697/1388/1378 631/1737/1727 630/1738/1728
f 630/1738/1728 629/1739/1729 697/1388/1378
f 697/1388/1378 629/1739/1729 628/1740/1730
f 697/1388/1378 628/1740/1730 627/1741/1731
f 627/1741/1731 626/1502/1492 697/1388/1378
f 590/1590/1580 589/1742/1732 180/1517/1507
f 180/1517/1507 589/1742/1732 588/1743/1733
f 180/1517/1507 588/1743/1733 587/1744/1734
f 587/1744/1734 586/1745/1735 180/1517/1507
f 180/1517/1507 586/1745/1735 585/1746/1736
f 180/1517/1507 585/1746/1736 584/1747/1737
f 584/1747/1737 583/1748/1738 180/1517/1507
f 180/1517/1507 583/1748/1738 582/1749/1739
f 180/1517/1507 582/1749/1739 581/1750/1740
f 581/1750/1740 580/1751/1741 180/1517/1507
f 180/1517/1507 580/1751/1741 579/1752/1742
f 180/1517/1507 579/1752/1742 578/1753/1743
f 578/1753/1743 577/1754/1744 180/1517/1507
f 180/1517/1507 577/1754/1744 576/1755/1745
f 180/1517/1507 576/1755/1745 575/1756/1746
f 575/1756/1746 574/1757/1747 180/1517/1507
f 180/1517/1507 574/1757/1747 573/1758/1748
f 180/1517/1507 573/1758/1748 572/1759/1749
f 572/1759/1749 571/1760/1750 180/1517/1507
f 180/1517/1507 571/1760/1750 570/1761/1751
f 180/1517/1507 570/1761/1751 569/1762/1752
f 569/1762/1752 568/1763/1753 180/1517/1507
f 180/1517/1507 568/1763/1753 567/1764/1754
f 180/1517/1507 567/1764/1754 566/1765/1755
f 566/1765/1755 565/1766/1756 180/1517/1507
f 180/1517/1507 565/1766/1756 564/1767/1757
f 180/1517/1507 564/1767/1757 563/1768/1758
f 563/1768/1758 562/1769/1759 180/1517/1507
f 180/1517/1507 562/1769/1759 561/1770/1760
f 180/1517/1507 561/1770/1760 560/1771/1761
f 560/1771/1761 559/1772/1762 180/1517/1507
f 180/1517/1507 559/1772/1762 558/1773/1763
f 180/1517/1507 558/1773/1763 557/1774/1764
f 557/1774/1764 556/1775/1765 180/1517/1507
f 180/1517/1507 556/1775/1765 555/1776/1766
f 180/1517/1507 555/1776/1766 554/1777/1767
f 554/1777/1767 553/1778/1768 180/1517/1507
f 180/1517/1507 553/1778/1768 552/1779/1769
f 180/1517/1507 552/1779/1769 551/1780/1770
f 551/1780/1770 550/1781/1771 180/1517/1507
f 180/1517/1507 550/1781/1771 549/1782/1772
f 180/1517/1507 549/1782/1772 548/1783/1773
f 548/1783/1773 547/1784/1774 180/1517/1507
f 180/1517/1507 547/1784/1774 546/1785/1775
f 180/1517/1507 546/1785/1775 545/1786/1776
f 545/1786/1776 544/1787/1777 180/1517/1507
f 180/1517/1507 544/1787/1777 543/1788/1778
f 180/1517/1507 543/1788/1778 542/1789/1779
f 542/1789/1779 541/1790/1780 180/1517/1507
f 180/1517/1507 541/1790/1780 540/1791/1781
f 180/1517/1507 540/1791/1781 539/1792/1782
f 539/1792/1782 538/1793/1783 180/1517/1507
f 180/1517/1507 538/1793/1783 537/1794/1784
f 180/1517/1507 537/1794/1784 536/1795/1785
f 536/1795/1785 535/1796/1786 180/1517/1507
f 180/1517/1507 535/1796/1786 534/1797/1787
f 180/1517/1507 534/1797/1787 533/1798/1788
f 533/1798/1788 532/1503/1493 180/1517/1507
# 894 vertices
# 1798 texture params
# 1788 normals
# 1800 facets

# 1 groups
